Latitude (decimal degrees):	59.002
Longitude (decimal degrees):	5.744
Elevation (m):	16
Radiation database:	PVGIS-SARAH3


Slope: 42 deg. (optimum)
Azimuth: 5 deg. (optimum)
time,G(i),H_sun,T2m,WS10m,Int
20230101:0011,0.0,0.0,0.73,3.17,0.0
20230101:0111,0.0,0.0,0.15,3.1,0.0
20230101:0211,0.0,0.0,0.14,2.62,0.0
20230101:0311,0.0,0.0,-0.21,2.76,0.0
20230101:0411,0.0,0.0,-0.48,2.97,0.0
20230101:0511,0.0,0.0,-0.67,2.83,0.0
20230101:0611,0.0,0.0,-0.88,2.97,0.0
20230101:0711,0.0,0.0,-1.25,3.31,0.0
20230101:0811,0.0,0.0,-1.25,3.38,0.0
20230101:0911,53.0,2.42,-1.35,3.45,0.0
20230101:1011,53.31,5.95,-0.72,3.72,0.0
20230101:1111,167.88,7.77,0.67,3.93,0.0
20230101:1211,296.3,7.74,1.53,4.14,0.0
20230101:1311,120.76,5.86,1.74,4.55,0.0
20230101:1411,1.79,2.28,1.67,4.55,0.0
20230101:1511,0.0,0.0,1.42,4.07,0.0
20230101:1611,0.0,0.0,1.42,3.79,0.0
20230101:1711,0.0,0.0,1.37,3.38,0.0
20230101:1811,0.0,0.0,1.3,3.31,0.0
20230101:1911,0.0,0.0,1.26,2.83,0.0
20230101:2011,0.0,0.0,1.15,3.52,0.0
20230101:2111,0.0,0.0,1.44,3.59,0.0
20230101:2211,0.0,0.0,2.06,2.55,0.0
20230101:2311,0.0,0.0,2.09,3.03,0.0
20230102:0011,0.0,0.0,2.08,3.03,0.0
20230102:0111,0.0,0.0,1.9,3.1,0.0
20230102:0211,0.0,0.0,1.96,3.1,0.0
20230102:0311,0.0,0.0,2.0,3.1,0.0
20230102:0411,0.0,0.0,2.3,3.24,0.0
20230102:0511,0.0,0.0,2.3,3.38,0.0
20230102:0611,0.0,0.0,2.4,3.45,0.0
20230102:0711,0.0,0.0,2.54,3.72,0.0
20230102:0811,0.0,0.0,2.49,3.66,0.0
20230102:0911,1.79,2.47,2.51,3.45,0.0
20230102:1011,5.38,6.01,3.06,3.17,0.0
20230102:1111,8.07,7.85,3.21,3.1,0.0
20230102:1211,8.07,7.83,3.05,3.24,0.0
20230102:1311,100.88,5.97,2.76,3.1,0.0
20230102:1411,1.79,2.4,2.64,3.17,0.0
20230102:1511,0.0,0.0,2.85,3.17,0.0
20230102:1611,0.0,0.0,2.77,3.38,0.0
20230102:1711,0.0,0.0,2.93,3.79,0.0
20230102:1811,0.0,0.0,2.91,4.0,0.0
20230102:1911,0.0,0.0,3.01,4.07,0.0
20230102:2011,0.0,0.0,2.95,3.93,0.0
20230102:2111,0.0,0.0,2.92,3.17,0.0
20230102:2211,0.0,0.0,3.44,3.31,0.0
20230102:2311,0.0,0.0,3.35,2.14,0.0
20230103:0011,0.0,0.0,3.47,0.62,0.0
20230103:0111,0.0,0.0,3.55,0.21,0.0
20230103:0211,0.0,0.0,3.65,0.14,0.0
20230103:0311,0.0,0.0,3.68,0.41,0.0
20230103:0411,0.0,0.0,3.75,0.69,0.0
20230103:0511,0.0,0.0,3.79,0.9,0.0
20230103:0611,0.0,0.0,3.87,1.59,0.0
20230103:0711,0.0,0.0,3.96,1.93,0.0
20230103:0811,0.0,0.0,4.03,2.07,0.0
20230103:0911,1.79,2.52,3.96,2.83,0.0
20230103:1011,308.97,6.08,4.59,4.28,0.0
20230103:1111,190.93,7.93,4.52,4.55,0.0
20230103:1211,51.83,7.93,4.53,4.76,0.0
20230103:1311,217.43,6.08,4.5,4.76,0.0
20230103:1411,6.28,2.52,4.41,5.17,0.0
20230103:1511,0.0,0.0,4.31,5.59,0.0
20230103:1611,0.0,0.0,4.51,6.21,0.0
20230103:1711,0.0,0.0,4.55,6.83,0.0
20230103:1811,0.0,0.0,4.35,7.93,0.0
20230103:1911,0.0,0.0,4.33,8.21,0.0
20230103:2011,0.0,0.0,4.41,8.69,0.0
20230103:2111,0.0,0.0,4.61,9.03,0.0
20230103:2211,0.0,0.0,4.82,10.0,0.0
20230103:2311,0.0,0.0,4.9,9.86,0.0
20230104:0011,0.0,0.0,5.17,10.0,0.0
20230104:0111,0.0,0.0,5.36,10.14,0.0
20230104:0211,0.0,0.0,5.61,10.34,0.0
20230104:0311,0.0,0.0,5.48,10.48,0.0
20230104:0411,0.0,0.0,5.14,10.55,0.0
20230104:0511,0.0,0.0,5.02,10.34,0.0
20230104:0611,0.0,0.0,4.89,10.41,0.0
20230104:0711,0.0,0.0,4.75,10.97,0.0
20230104:0811,0.0,0.0,4.65,11.66,0.0
20230104:0911,1.79,2.59,4.48,12.21,0.0
20230104:1011,10.76,6.16,4.18,11.52,0.0
20230104:1111,12.56,8.03,4.07,11.31,0.0
20230104:1211,8.07,8.04,4.21,11.24,0.0
20230104:1311,46.51,6.2,4.23,10.83,0.0
20230104:1411,139.31,2.65,4.03,10.48,0.0
20230104:1511,0.0,0.0,3.84,10.14,0.0
20230104:1611,0.0,0.0,3.61,9.93,0.0
20230104:1711,0.0,0.0,3.21,9.59,0.0
20230104:1811,0.0,0.0,2.85,8.83,0.0
20230104:1911,0.0,0.0,2.48,7.86,0.0
20230104:2011,0.0,0.0,2.22,6.97,0.0
20230104:2111,0.0,0.0,2.1,5.93,0.0
20230104:2211,0.0,0.0,2.28,3.59,0.0
20230104:2311,0.0,0.0,2.25,2.69,0.0
20230105:0011,0.0,0.0,2.19,2.14,0.0
20230105:0111,0.0,0.0,2.04,1.17,0.0
20230105:0211,0.0,0.0,1.93,0.9,0.0
20230105:0311,0.0,0.0,1.81,1.1,0.0
20230105:0411,0.0,0.0,1.84,1.59,0.0
20230105:0511,0.0,0.0,1.92,2.14,0.0
20230105:0611,0.0,0.0,2.03,2.76,0.0
20230105:0711,0.0,0.0,2.16,3.86,0.0
20230105:0811,0.0,0.0,2.15,4.76,0.0
20230105:0911,1.79,2.66,2.23,5.52,0.0
20230105:1011,7.18,6.25,2.24,6.07,0.0
20230105:1111,17.94,8.13,2.24,6.55,0.0
20230105:1211,9.87,8.16,2.11,6.97,0.0
20230105:1311,16.15,6.33,2.01,7.45,0.0
20230105:1411,1.79,2.78,1.72,7.72,0.0
20230105:1511,0.0,0.0,1.6,8.21,0.0
20230105:1611,0.0,0.0,1.5,8.55,0.0
20230105:1711,0.0,0.0,1.51,8.83,0.0
20230105:1811,0.0,0.0,1.59,8.97,0.0
20230105:1911,0.0,0.0,1.84,9.86,0.0
20230105:2011,0.0,0.0,1.93,10.14,0.0
20230105:2111,0.0,0.0,2.15,10.41,0.0
20230105:2211,0.0,0.0,2.38,10.34,0.0
20230105:2311,0.0,0.0,2.6,10.9,0.0
20230106:0011,0.0,0.0,2.88,11.59,0.0
20230106:0111,0.0,0.0,2.97,12.14,0.0
20230106:0211,0.0,0.0,3.11,12.48,0.0
20230106:0311,0.0,0.0,3.7,13.1,0.0
20230106:0411,0.0,0.0,4.21,12.76,0.0
20230106:0511,0.0,0.0,4.29,12.48,0.0
20230106:0611,0.0,0.0,4.14,12.07,0.0
20230106:0711,0.0,0.0,3.85,11.45,0.0
20230106:0811,0.0,0.0,4.09,10.97,0.0
20230106:0911,6.28,2.74,4.36,10.07,0.0
20230106:1011,12.56,6.34,4.38,8.97,0.0
20230106:1111,23.32,8.24,4.59,8.48,0.0
20230106:1211,25.12,8.28,4.79,8.07,0.0
20230106:1311,12.56,6.46,4.78,8.21,0.0
20230106:1411,1.79,2.92,4.89,7.79,0.0
20230106:1511,0.0,0.0,5.19,6.83,0.0
20230106:1611,0.0,0.0,5.5,5.79,0.0
20230106:1711,0.0,0.0,5.6,5.45,0.0
20230106:1811,0.0,0.0,5.68,5.93,0.0
20230106:1911,0.0,0.0,5.99,6.48,0.0
20230106:2011,0.0,0.0,6.49,6.76,0.0
20230106:2111,0.0,0.0,6.82,6.97,0.0
20230106:2211,0.0,0.0,7.1,6.62,0.0
20230106:2311,0.0,0.0,7.0,6.0,0.0
20230107:0011,0.0,0.0,6.69,4.83,0.0
20230107:0111,0.0,0.0,6.28,4.69,0.0
20230107:0211,0.0,0.0,5.9,4.76,0.0
20230107:0311,0.0,0.0,5.6,4.97,0.0
20230107:0411,0.0,0.0,5.3,5.52,0.0
20230107:0511,0.0,0.0,4.99,6.14,0.0
20230107:0611,0.0,0.0,5.14,6.69,0.0
20230107:0711,0.0,0.0,5.41,7.03,0.0
20230107:0811,0.0,0.0,5.88,7.86,0.0
20230107:0911,1.79,2.83,6.36,8.55,0.0
20230107:1011,6.28,6.44,6.78,9.38,0.0
20230107:1111,11.66,8.35,7.13,9.31,0.0
20230107:1211,11.66,8.41,7.42,9.1,0.0
20230107:1311,6.28,6.6,7.46,9.31,0.0
20230107:1411,1.79,3.07,7.59,9.59,0.0
20230107:1511,0.0,0.0,7.79,9.86,0.0
20230107:1611,0.0,0.0,7.92,10.14,0.0
20230107:1711,0.0,0.0,8.06,10.34,0.0
20230107:1811,0.0,0.0,8.16,10.48,0.0
20230107:1911,0.0,0.0,8.11,10.48,0.0
20230107:2011,0.0,0.0,8.06,10.48,0.0
20230107:2111,0.0,0.0,7.92,10.14,0.0
20230107:2211,0.0,0.0,7.81,10.0,0.0
20230107:2311,0.0,0.0,7.65,9.1,0.0
20230108:0011,0.0,0.0,7.49,8.69,0.0
20230108:0111,0.0,0.0,7.43,8.48,0.0
20230108:0211,0.0,0.0,7.41,8.83,0.0
20230108:0311,0.0,0.0,7.48,8.97,0.0
20230108:0411,0.0,0.0,7.51,8.62,0.0
20230108:0511,0.0,0.0,7.65,9.17,0.0
20230108:0611,0.0,0.0,7.53,9.03,0.0
20230108:0711,0.0,0.0,7.47,8.69,0.0
20230108:0811,0.0,0.0,7.36,8.07,0.0
20230108:0911,1.79,2.92,7.39,8.0,0.0
20230108:1011,6.28,6.55,7.01,8.14,0.0
20230108:1111,200.42,8.48,7.14,7.66,0.0
20230108:1211,35.88,8.54,7.09,7.72,0.0
20230108:1311,13.45,6.74,7.02,7.45,0.0
20230108:1411,4.48,3.22,6.63,7.1,0.0
20230108:1511,0.0,0.0,6.7,6.76,0.0
20230108:1611,0.0,0.0,6.58,6.69,0.0
20230108:1711,0.0,0.0,6.44,6.97,0.0
20230108:1811,0.0,0.0,6.47,6.9,0.0
20230108:1911,0.0,0.0,6.46,6.62,0.0
20230108:2011,0.0,0.0,6.35,6.76,0.0
20230108:2111,0.0,0.0,6.11,6.69,0.0
20230108:2211,0.0,0.0,6.42,7.24,0.0
20230108:2311,0.0,0.0,6.54,7.31,0.0
20230109:0011,0.0,0.0,6.4,7.52,0.0
20230109:0111,0.0,0.0,6.5,7.66,0.0
20230109:0211,0.0,0.0,6.79,7.86,0.0
20230109:0311,0.0,0.0,7.08,7.66,0.0
20230109:0411,0.0,0.0,7.12,7.45,0.0
20230109:0511,0.0,0.0,7.05,7.72,0.0
20230109:0611,0.0,0.0,6.79,7.1,0.0
20230109:0711,0.0,0.0,6.22,7.45,0.0
20230109:0811,0.0,0.0,6.06,6.69,0.0
20230109:0911,23.95,3.02,5.98,6.14,0.0
20230109:1011,20.63,6.67,5.23,6.28,0.0
20230109:1111,443.12,8.61,5.79,5.52,0.0
20230109:1211,453.14,8.69,6.09,4.83,0.0
20230109:1311,19.73,6.9,6.06,4.55,0.0
20230109:1411,2.69,3.38,5.91,4.07,0.0
20230109:1511,0.0,0.0,5.38,3.45,0.0
20230109:1611,0.0,0.0,4.92,3.31,0.0
20230109:1711,0.0,0.0,4.91,3.24,0.0
20230109:1811,0.0,0.0,4.85,3.1,0.0
20230109:1911,0.0,0.0,4.77,3.03,0.0
20230109:2011,0.0,0.0,4.89,3.17,0.0
20230109:2111,0.0,0.0,4.9,3.17,0.0
20230109:2211,0.0,0.0,4.95,3.1,0.0
20230109:2311,0.0,0.0,4.88,2.97,0.0
20230110:0011,0.0,0.0,4.99,2.97,0.0
20230110:0111,0.0,0.0,5.23,3.17,0.0
20230110:0211,0.0,0.0,5.06,3.24,0.0
20230110:0311,0.0,0.0,5.1,3.38,0.0
20230110:0411,0.0,0.0,5.03,3.79,0.0
20230110:0511,0.0,0.0,5.15,4.28,0.0
20230110:0611,0.0,0.0,5.32,4.14,0.0
20230110:0711,0.0,0.0,5.11,4.21,0.0
20230110:0811,0.0,0.0,5.06,4.62,0.0
20230110:0911,36.59,3.13,5.19,4.62,0.0
20230110:1011,196.7,6.79,5.65,4.83,0.0
20230110:1111,216.85,8.75,5.96,5.59,0.0
20230110:1211,44.5,8.84,6.22,5.79,0.0
20230110:1311,37.49,7.06,6.39,6.07,0.0
20230110:1411,182.74,3.55,6.28,5.79,0.0
20230110:1511,0.0,0.0,6.16,6.48,0.0
20230110:1611,0.0,0.0,6.04,7.66,0.0
20230110:1711,0.0,0.0,6.1,7.24,0.0
20230110:1811,0.0,0.0,5.96,7.66,0.0
20230110:1911,0.0,0.0,6.07,8.21,0.0
20230110:2011,0.0,0.0,6.21,8.97,0.0
20230110:2111,0.0,0.0,6.38,9.59,0.0
20230110:2211,0.0,0.0,6.45,12.07,0.0
20230110:2311,0.0,0.0,6.17,12.07,0.0
20230111:0011,0.0,0.0,5.85,12.28,0.0
20230111:0111,0.0,0.0,5.96,12.21,0.0
20230111:0211,0.0,0.0,6.39,11.45,0.0
20230111:0311,0.0,0.0,7.24,8.07,0.0
20230111:0411,0.0,0.0,7.93,8.69,0.0
20230111:0511,0.0,0.0,8.03,8.83,0.0
20230111:0611,0.0,0.0,7.75,8.62,0.0
20230111:0711,0.0,0.0,7.44,8.41,0.0
20230111:0811,0.0,0.0,7.14,8.55,0.0
20230111:0911,4.48,3.24,6.96,8.41,0.0
20230111:1011,352.15,6.92,6.97,8.69,0.0
20230111:1111,9.87,8.89,6.89,9.66,0.0
20230111:1211,21.53,9.0,6.77,10.21,0.0
20230111:1311,7.18,7.23,6.56,9.59,0.0
20230111:1411,2.69,3.72,6.52,9.38,0.0
20230111:1511,0.0,0.0,6.43,9.45,0.0
20230111:1611,0.0,0.0,6.55,9.03,0.0
20230111:1711,0.0,0.0,6.54,8.28,0.0
20230111:1811,0.0,0.0,6.39,7.52,0.0
20230111:1911,0.0,0.0,6.22,7.1,0.0
20230111:2011,0.0,0.0,6.15,6.76,0.0
20230111:2111,0.0,0.0,6.28,6.48,0.0
20230111:2211,0.0,0.0,6.18,7.1,0.0
20230111:2311,0.0,0.0,6.22,6.83,0.0
20230112:0011,0.0,0.0,6.28,6.21,0.0
20230112:0111,0.0,0.0,6.09,5.45,0.0
20230112:0211,0.0,0.0,6.0,4.83,0.0
20230112:0311,0.0,0.0,5.95,4.69,0.0
20230112:0411,0.0,0.0,5.54,4.41,0.0
20230112:0511,0.0,0.0,5.44,4.28,0.0
20230112:0611,0.0,0.0,5.25,4.14,0.0
20230112:0711,0.0,0.0,5.11,4.07,0.0
20230112:0811,0.0,0.0,5.24,3.72,0.0
20230112:0911,2.69,3.37,5.04,3.31,0.0
20230112:1011,208.38,7.06,5.04,4.0,0.0
20230112:1111,15.25,9.04,5.37,3.52,0.0
20230112:1211,27.81,9.16,5.61,2.83,0.0
20230112:1311,7.18,7.4,5.81,1.93,0.0
20230112:1411,11.66,3.9,5.83,2.0,0.0
20230112:1511,0.0,0.0,5.82,2.41,0.0
20230112:1611,0.0,0.0,5.64,2.48,0.0
20230112:1711,0.0,0.0,5.53,3.24,0.0
20230112:1811,0.0,0.0,5.65,4.0,0.0
20230112:1911,0.0,0.0,5.59,4.55,0.0
20230112:2011,0.0,0.0,5.46,5.1,0.0
20230112:2111,0.0,0.0,5.44,5.93,0.0
20230112:2211,0.0,0.0,5.05,6.21,0.0
20230112:2311,0.0,0.0,5.07,6.34,0.0
20230113:0011,0.0,0.0,4.99,6.21,0.0
20230113:0111,0.0,0.0,5.42,5.1,0.0
20230113:0211,0.0,0.0,5.74,4.55,0.0
20230113:0311,0.0,0.0,5.7,4.34,0.0
20230113:0411,0.0,0.0,5.54,4.48,0.0
20230113:0511,0.0,0.0,5.32,4.83,0.0
20230113:0611,0.0,0.0,5.25,4.9,0.0
20230113:0711,0.0,0.0,5.1,4.62,0.0
20230113:0811,0.0,0.0,4.95,4.34,0.0
20230113:0911,57.55,3.5,4.7,3.79,0.0
20230113:1011,131.41,7.21,4.62,3.31,0.0
20230113:1111,450.49,9.2,4.63,2.83,0.0
20230113:1211,402.46,9.33,4.61,2.9,0.0
20230113:1311,24.22,7.58,4.15,2.97,0.0
20230113:1411,4.48,4.09,4.09,3.03,0.0
20230113:1511,0.0,0.0,3.95,3.31,0.0
20230113:1611,0.0,0.0,3.57,3.59,0.0
20230113:1711,0.0,0.0,3.98,4.0,0.0
20230113:1811,0.0,0.0,4.04,4.34,0.0
20230113:1911,0.0,0.0,4.24,3.79,0.0
20230113:2011,0.0,0.0,3.83,3.24,0.0
20230113:2111,0.0,0.0,3.69,3.03,0.0
20230113:2211,0.0,0.0,3.57,2.34,0.0
20230113:2311,0.0,0.0,3.68,2.69,0.0
20230114:0011,0.0,0.0,3.96,2.76,0.0
20230114:0111,0.0,0.0,4.15,2.62,0.0
20230114:0211,0.0,0.0,4.07,2.48,0.0
20230114:0311,0.0,0.0,4.0,2.07,0.0
20230114:0411,0.0,0.0,4.4,0.76,0.0
20230114:0511,0.0,0.0,4.39,0.55,0.0
20230114:0611,0.0,0.0,4.22,1.17,0.0
20230114:0711,0.0,0.0,4.26,1.59,0.0
20230114:0811,0.0,0.0,3.68,2.9,0.0
20230114:0911,9.87,3.63,3.38,4.0,0.0
20230114:1011,47.79,7.36,3.71,4.76,0.0
20230114:1111,87.43,9.37,3.74,5.38,0.0
20230114:1211,58.89,9.51,3.82,5.86,0.0
20230114:1311,16.15,7.77,3.99,6.21,0.0
20230114:1411,6.28,4.28,4.2,6.55,0.0
20230114:1511,0.0,0.0,4.21,7.31,0.0
20230114:1611,0.0,0.0,4.24,7.38,0.0
20230114:1711,0.0,0.0,4.35,8.21,0.0
20230114:1811,0.0,0.0,4.39,8.48,0.0
20230114:1911,0.0,0.0,4.47,8.97,0.0
20230114:2011,0.0,0.0,4.58,9.03,0.0
20230114:2111,0.0,0.0,4.45,8.69,0.0
20230114:2211,0.0,0.0,4.36,8.48,0.0
20230114:2311,0.0,0.0,4.3,6.34,0.0
20230115:0011,0.0,0.0,4.31,5.24,0.0
20230115:0111,0.0,0.0,4.1,5.1,0.0
20230115:0211,0.0,0.0,4.07,4.83,0.0
20230115:0311,0.0,0.0,4.01,4.62,0.0
20230115:0411,0.0,0.0,3.96,4.97,0.0
20230115:0511,0.0,0.0,3.97,4.97,0.0
20230115:0611,0.0,0.0,3.85,4.69,0.0
20230115:0711,0.0,0.0,3.75,4.0,0.0
20230115:0811,0.0,0.0,3.59,3.38,0.0
20230115:0911,184.36,3.78,3.35,3.1,0.0
20230115:1011,129.77,7.52,3.11,3.1,0.0
20230115:1111,127.18,9.54,3.39,2.69,0.0
20230115:1211,24.22,9.69,3.6,3.52,0.0
20230115:1311,85.3,7.96,3.75,5.1,0.0
20230115:1411,260.47,4.48,3.59,5.31,0.0
20230115:1511,0.0,0.0,3.22,5.24,0.0
20230115:1611,0.0,0.0,3.01,6.07,0.0
20230115:1711,0.0,0.0,3.35,6.07,0.0
20230115:1811,0.0,0.0,3.75,6.28,0.0
20230115:1911,0.0,0.0,3.97,6.83,0.0
20230115:2011,0.0,0.0,3.96,6.41,0.0
20230115:2111,0.0,0.0,3.89,6.0,0.0
20230115:2211,0.0,0.0,3.85,4.55,0.0
20230115:2311,0.0,0.0,3.5,4.28,0.0
20230116:0011,0.0,0.0,3.64,4.14,0.0
20230116:0111,0.0,0.0,3.25,3.24,0.0
20230116:0211,0.0,0.0,3.34,1.03,0.0
20230116:0311,0.0,0.0,2.18,0.21,0.0
20230116:0411,0.0,0.0,1.72,0.83,0.0
20230116:0511,0.0,0.0,1.23,0.69,0.0
20230116:0611,0.0,0.0,0.91,0.28,0.0
20230116:0711,0.0,0.0,0.92,1.38,0.0
20230116:0811,0.0,0.0,0.97,2.0,0.0
20230116:0911,47.28,3.93,0.6,2.07,0.0
20230116:1011,157.12,7.68,0.95,0.97,0.0
20230116:1111,291.99,9.72,1.22,0.9,0.0
20230116:1211,161.32,9.89,1.4,1.45,0.0
20230116:1311,91.75,8.16,1.52,1.52,0.0
20230116:1411,179.24,4.68,1.56,1.38,0.0
20230116:1511,0.0,0.0,1.34,1.1,0.0
20230116:1611,0.0,0.0,1.22,0.9,0.0
20230116:1711,0.0,0.0,1.42,1.31,0.0
20230116:1811,0.0,0.0,1.33,1.45,0.0
20230116:1911,0.0,0.0,1.1,1.45,0.0
20230116:2011,0.0,0.0,1.09,1.45,0.0
20230116:2111,0.0,0.0,1.2,1.38,0.0
20230116:2211,0.0,0.0,1.3,1.93,0.0
20230116:2311,0.0,0.0,1.38,2.34,0.0
20230117:0011,0.0,0.0,1.32,2.34,0.0
20230117:0111,0.0,0.0,1.24,2.41,0.0
20230117:0211,0.0,0.0,1.27,2.55,0.0
20230117:0311,0.0,0.0,0.9,2.62,0.0
20230117:0411,0.0,0.0,0.94,2.62,0.0
20230117:0511,0.0,0.0,0.76,2.62,0.0
20230117:0611,0.0,0.0,0.64,2.34,0.0
20230117:0711,0.0,0.0,0.84,2.34,0.0
20230117:0811,0.0,0.0,0.74,2.41,0.0
20230117:0911,3.59,4.09,0.62,2.55,0.0
20230117:1011,15.25,7.86,0.76,2.41,0.0
20230117:1111,60.97,9.91,1.15,2.62,0.0
20230117:1211,39.47,10.08,1.39,2.9,0.0
20230117:1311,16.15,8.36,1.42,3.31,0.0
20230117:1411,17.94,4.89,1.29,3.03,0.0
20230117:1511,0.0,0.0,1.19,3.24,0.0
20230117:1611,0.0,0.0,1.11,3.24,0.0
20230117:1711,0.0,0.0,1.28,3.31,0.0
20230117:1811,0.0,0.0,1.3,3.24,0.0
20230117:1911,0.0,0.0,1.41,3.1,0.0
20230117:2011,0.0,0.0,1.36,2.97,0.0
20230117:2111,0.0,0.0,1.2,2.69,0.0
20230117:2211,0.0,0.0,1.37,2.28,0.0
20230117:2311,0.0,0.0,1.29,2.14,0.0
20230118:0011,0.0,0.0,1.22,2.0,0.0
20230118:0111,0.0,0.0,1.44,1.66,0.0
20230118:0211,0.0,0.0,1.44,1.38,0.0
20230118:0311,0.0,0.0,1.64,1.1,0.0
20230118:0411,0.0,0.0,1.42,1.03,0.0
20230118:0511,0.0,0.0,1.46,1.66,0.0
20230118:0611,0.0,0.0,1.43,1.79,0.0
20230118:0711,0.0,0.0,1.33,1.72,0.0
20230118:0811,0.0,0.0,1.5,1.79,0.0
20230118:0911,45.27,4.25,1.65,1.72,0.0
20230118:1011,17.94,8.04,2.02,1.86,0.0
20230118:1111,169.14,10.1,2.3,2.21,0.0
20230118:1211,118.73,10.29,2.38,2.62,0.0
20230118:1311,32.29,8.57,2.52,2.69,0.0
20230118:1411,86.78,5.1,2.29,2.28,0.0
20230118:1511,0.0,0.0,1.84,2.48,0.0
20230118:1611,0.0,0.0,1.31,2.48,0.0
20230118:1711,0.0,0.0,1.1,2.14,0.0
20230118:1811,0.0,0.0,0.99,1.72,0.0
20230118:1911,0.0,0.0,0.25,1.66,0.0
20230118:2011,0.0,0.0,0.04,1.59,0.0
20230118:2111,0.0,0.0,0.04,1.52,0.0
20230118:2211,0.0,0.0,0.26,2.14,0.0
20230118:2311,0.0,0.0,0.1,1.38,0.0
20230119:0011,0.0,0.0,0.07,0.9,0.0
20230119:0111,0.0,0.0,-0.02,1.03,0.0
20230119:0211,0.0,0.0,-0.14,1.17,0.0
20230119:0311,0.0,0.0,-0.08,1.1,0.0
20230119:0411,0.0,0.0,0.1,0.83,0.0
20230119:0511,0.0,0.0,0.2,1.17,0.0
20230119:0611,0.0,0.0,0.17,1.66,0.0
20230119:0711,0.0,0.0,0.28,1.79,0.0
20230119:0811,0.0,0.0,0.11,1.86,0.0
20230119:0911,193.54,4.42,-0.15,1.86,0.0
20230119:1011,405.4,8.22,-0.17,2.0,0.0
20230119:1111,525.96,10.3,0.57,1.52,0.0
20230119:1211,177.34,10.5,0.88,1.17,0.0
20230119:1311,183.48,8.79,1.32,1.24,0.0
20230119:1411,283.72,5.32,1.26,1.45,0.0
20230119:1511,0.0,0.0,0.64,1.59,0.0
20230119:1611,0.0,0.0,0.58,2.14,0.0
20230119:1711,0.0,0.0,0.6,2.48,0.0
20230119:1811,0.0,0.0,0.25,2.34,0.0
20230119:1911,0.0,0.0,-0.17,2.41,0.0
20230119:2011,0.0,0.0,-0.5,2.34,0.0
20230119:2111,0.0,0.0,-0.73,2.34,0.0
20230119:2211,0.0,0.0,-0.2,2.48,0.0
20230119:2311,0.0,0.0,-0.43,2.41,0.0
20230120:0011,0.0,0.0,-0.51,2.69,0.0
20230120:0111,0.0,0.0,-0.85,2.48,0.0
20230120:0211,0.0,0.0,-0.83,1.93,0.0
20230120:0311,0.0,0.0,-1.18,1.31,0.0
20230120:0411,0.0,0.0,-1.37,1.1,0.0
20230120:0511,0.0,0.0,-1.43,1.03,0.0
20230120:0611,0.0,0.0,-1.39,0.97,0.0
20230120:0711,0.0,0.0,-1.49,0.97,0.0
20230120:0811,0.0,0.0,-1.66,1.03,0.0
20230120:0911,234.68,4.6,-1.67,1.1,0.0
20230120:1011,263.7,8.42,-0.7,2.0,0.0
20230120:1111,573.57,10.51,0.0,1.66,0.0
20230120:1211,592.51,10.72,0.58,1.52,0.0
20230120:1311,461.96,9.01,0.78,1.66,0.0
20230120:1411,334.19,5.55,0.41,1.52,0.0
20230120:1511,0.0,0.0,-0.57,1.38,0.0
20230120:1611,0.0,0.0,-1.2,1.52,0.0
20230120:1711,0.0,0.0,-2.02,1.52,0.0
20230120:1811,0.0,0.0,-2.38,1.31,0.0
20230120:1911,0.0,0.0,-2.82,1.31,0.0
20230120:2011,0.0,0.0,-3.31,1.66,0.0
20230120:2111,0.0,0.0,-3.59,2.07,0.0
20230120:2211,0.0,0.0,-2.86,2.62,0.0
20230120:2311,0.0,0.0,-3.1,2.48,0.0
20230121:0011,0.0,0.0,-3.33,2.9,0.0
20230121:0111,0.0,0.0,-3.31,2.83,0.0
20230121:0211,0.0,0.0,-3.35,3.1,0.0
20230121:0311,0.0,0.0,-3.22,3.24,0.0
20230121:0411,0.0,0.0,-3.2,3.59,0.0
20230121:0511,0.0,0.0,-3.01,3.86,0.0
20230121:0611,0.0,0.0,-2.94,4.21,0.0
20230121:0711,0.0,0.0,-2.6,4.07,0.0
20230121:0811,0.0,0.0,-2.3,4.41,0.0
20230121:0911,134.65,4.79,-1.99,4.69,0.0
20230121:1011,255.64,8.62,-1.61,5.38,0.0
20230121:1111,429.92,10.72,-0.6,4.9,0.0
20230121:1211,400.6,10.94,0.08,4.69,0.0
20230121:1311,128.92,9.24,0.63,4.69,0.0
20230121:1411,9.87,5.78,0.52,4.9,0.0
20230121:1511,0.0,0.0,0.01,5.03,0.0
20230121:1611,0.0,0.0,-0.46,5.1,0.0
20230121:1711,0.0,0.0,-0.5,5.24,0.0
20230121:1811,0.0,0.0,-0.34,5.59,0.0
20230121:1911,0.0,0.0,-0.22,5.72,0.0
20230121:2011,0.0,0.0,-0.34,5.66,0.0
20230121:2111,0.0,0.0,-0.45,6.0,0.0
20230121:2211,0.0,0.0,-0.25,6.76,0.0
20230121:2311,0.0,0.0,-0.4,6.28,0.0
20230122:0011,0.0,0.0,-0.39,6.34,0.0
20230122:0111,0.0,0.0,-0.38,6.28,0.0
20230122:0211,0.0,0.0,-0.4,6.0,0.0
20230122:0311,0.0,0.0,-0.23,5.79,0.0
20230122:0411,0.0,0.0,-0.36,6.14,0.0
20230122:0511,0.0,0.0,-0.35,6.48,0.0
20230122:0611,0.0,0.0,-0.2,6.62,0.0
20230122:0711,0.0,0.0,-0.11,6.69,0.0
20230122:0811,0.0,0.0,-0.01,6.83,0.0
20230122:0911,5.38,4.98,0.12,6.9,0.0
20230122:1011,17.04,8.82,0.44,7.45,0.0
20230122:1111,68.23,10.94,0.86,7.1,0.0
20230122:1211,545.34,11.17,1.07,7.03,0.0
20230122:1311,469.35,9.48,1.51,6.62,0.0
20230122:1411,33.43,6.01,1.2,6.62,0.0
20230122:1511,0.0,0.0,0.84,6.83,0.0
20230122:1611,0.0,0.0,0.78,7.03,0.0
20230122:1711,0.0,0.0,0.61,7.17,0.0
20230122:1811,0.0,0.0,0.53,6.9,0.0
20230122:1911,0.0,0.0,0.5,6.55,0.0
20230122:2011,0.0,0.0,0.32,7.24,0.0
20230122:2111,0.0,0.0,0.31,7.17,0.0
20230122:2211,0.0,0.0,0.43,6.97,0.0
20230122:2311,0.0,0.0,0.35,6.9,0.0
20230123:0011,0.0,0.0,0.49,6.9,0.0
20230123:0111,0.0,0.0,0.43,6.97,0.0
20230123:0211,0.0,0.0,0.7,7.1,0.0
20230123:0311,0.0,0.0,0.91,6.9,0.0
20230123:0411,0.0,0.0,1.15,6.9,0.0
20230123:0511,0.0,0.0,1.45,7.38,0.0
20230123:0611,0.0,0.0,1.74,7.38,0.0
20230123:0711,0.0,0.0,2.0,7.31,0.0
20230123:0811,0.0,0.0,2.21,7.59,0.0
20230123:0911,7.18,5.18,2.42,7.79,0.0
20230123:1011,17.94,9.04,2.8,8.14,0.0
20230123:1111,14.35,11.17,3.05,7.93,0.0
20230123:1211,13.45,11.4,3.32,7.86,0.0
20230123:1311,11.66,9.72,3.44,7.72,0.0
20230123:1411,22.42,6.25,3.48,7.86,0.0
20230123:1511,0.0,0.0,3.76,7.66,0.0
20230123:1611,0.0,0.0,4.05,7.24,0.0
20230123:1711,0.0,0.0,4.22,7.1,0.0
20230123:1811,0.0,0.0,4.49,6.97,0.0
20230123:1911,0.0,0.0,4.68,6.97,0.0
20230123:2011,0.0,0.0,4.84,7.24,0.0
20230123:2111,0.0,0.0,5.01,6.83,0.0
20230123:2211,0.0,0.0,5.2,6.48,0.0
20230123:2311,0.0,0.0,5.32,6.21,0.0
20230124:0011,0.0,0.0,5.36,5.66,0.0
20230124:0111,0.0,0.0,5.51,5.31,0.0
20230124:0211,0.0,0.0,5.61,5.31,0.0
20230124:0311,0.0,0.0,5.62,5.38,0.0
20230124:0411,0.0,0.0,5.65,5.24,0.0
20230124:0511,0.0,0.0,5.75,5.03,0.0
20230124:0611,0.0,0.0,5.72,4.83,0.0
20230124:0711,0.0,0.0,5.72,4.83,0.0
20230124:0811,0.0,0.0,5.65,4.69,0.0
20230124:0911,39.12,5.38,5.6,4.55,0.0
20230124:1011,10.76,9.25,5.76,4.55,0.0
20230124:1111,121.93,11.4,5.79,4.69,0.0
20230124:1211,20.63,11.64,5.82,4.83,0.0
20230124:1311,11.66,9.96,5.76,5.03,0.0
20230124:1411,5.38,6.5,5.88,5.1,0.0
20230124:1511,0.0,0.0,5.64,5.03,0.0
20230124:1611,0.0,0.0,5.55,5.24,0.0
20230124:1711,0.0,0.0,5.6,5.38,0.0
20230124:1811,0.0,0.0,5.75,5.17,0.0
20230124:1911,0.0,0.0,5.78,5.03,0.0
20230124:2011,0.0,0.0,5.71,5.17,0.0
20230124:2111,0.0,0.0,5.7,5.31,0.0
20230124:2211,0.0,0.0,5.99,5.52,0.0
20230124:2311,0.0,0.0,5.95,5.66,0.0
20230125:0011,0.0,0.0,5.94,5.52,0.0
20230125:0111,0.0,0.0,5.94,5.31,0.0
20230125:0211,0.0,0.0,6.04,5.03,0.0
20230125:0311,0.0,0.0,6.07,4.69,0.0
20230125:0411,0.0,0.0,5.96,4.28,0.0
20230125:0511,0.0,0.0,5.99,4.07,0.0
20230125:0611,0.0,0.0,5.97,4.14,0.0
20230125:0711,0.0,0.0,6.05,4.41,0.0
20230125:0811,0.0,0.0,6.24,4.83,0.0
20230125:0911,11.66,5.59,6.64,4.9,0.0
20230125:1011,9.87,9.48,6.7,4.62,0.0
20230125:1111,33.19,11.64,6.78,3.86,0.0
20230125:1211,26.91,11.89,6.65,3.31,0.0
20230125:1311,25.12,10.21,6.47,3.59,0.0
20230125:1411,54.63,6.75,6.2,3.52,0.0
20230125:1511,0.9,1.76,5.99,3.31,0.0
20230125:1611,0.0,0.0,5.85,3.38,0.0
20230125:1711,0.0,0.0,5.83,3.52,0.0
20230125:1811,0.0,0.0,5.78,3.86,0.0
20230125:1911,0.0,0.0,5.55,4.0,0.0
20230125:2011,0.0,0.0,5.11,3.93,0.0
20230125:2111,0.0,0.0,4.99,3.79,0.0
20230125:2211,0.0,0.0,4.59,4.07,0.0
20230125:2311,0.0,0.0,4.16,3.38,0.0
20230126:0011,0.0,0.0,4.62,3.66,0.0
20230126:0111,0.0,0.0,4.58,4.07,0.0
20230126:0211,0.0,0.0,4.5,4.83,0.0
20230126:0311,0.0,0.0,4.47,4.9,0.0
20230126:0411,0.0,0.0,4.02,4.76,0.0
20230126:0511,0.0,0.0,3.64,4.83,0.0
20230126:0611,0.0,0.0,3.39,4.62,0.0
20230126:0711,0.0,0.0,2.82,4.14,0.0
20230126:0811,0.0,0.0,2.47,4.07,0.0
20230126:0911,299.53,5.81,2.36,3.79,0.0
20230126:1011,401.08,9.71,2.75,2.97,0.0
20230126:1111,598.12,11.88,3.24,3.45,0.0
20230126:1211,615.12,12.14,3.68,4.41,0.0
20230126:1311,272.48,10.47,3.71,4.62,0.0
20230126:1411,386.26,7.0,3.66,4.62,0.0
20230126:1511,0.9,2.01,2.76,4.76,0.0
20230126:1611,0.0,0.0,1.48,4.14,0.0
20230126:1711,0.0,0.0,1.4,3.45,0.0
20230126:1811,0.0,0.0,0.83,3.52,0.0
20230126:1911,0.0,0.0,0.4,2.97,0.0
20230126:2011,0.0,0.0,0.0,2.34,0.0
20230126:2111,0.0,0.0,-0.58,1.79,0.0
20230126:2211,0.0,0.0,-1.09,2.0,0.0
20230126:2311,0.0,0.0,-1.41,1.66,0.0
20230127:0011,0.0,0.0,-1.41,1.38,0.0
20230127:0111,0.0,0.0,-1.33,1.17,0.0
20230127:0211,0.0,0.0,-1.04,1.93,0.0
20230127:0311,0.0,0.0,-0.34,1.93,0.0
20230127:0411,0.0,0.0,-0.21,1.24,0.0
20230127:0511,0.0,0.0,-0.29,1.1,0.0
20230127:0611,0.0,0.0,-0.11,1.31,0.0
20230127:0711,0.0,0.0,0.41,1.31,0.0
20230127:0811,0.0,0.0,0.64,1.52,0.0
20230127:0911,9.87,6.03,0.96,1.86,0.0
20230127:1011,66.86,9.95,1.63,1.17,0.0
20230127:1111,157.84,12.13,2.25,0.55,0.0
20230127:1211,51.13,12.4,2.71,0.69,0.0
20230127:1311,39.47,10.73,2.9,1.03,0.0
20230127:1411,7.18,7.26,3.1,1.38,0.0
20230127:1511,0.9,2.27,3.23,1.66,0.0
20230127:1611,0.0,0.0,3.05,1.72,0.0
20230127:1711,0.0,0.0,3.06,1.93,0.0
20230127:1811,0.0,0.0,3.17,2.41,0.0
20230127:1911,0.0,0.0,3.34,3.03,0.0
20230127:2011,0.0,0.0,3.66,3.31,0.0
20230127:2111,0.0,0.0,3.99,3.45,0.0
20230127:2211,0.0,0.0,4.26,3.72,0.0
20230127:2311,0.0,0.0,4.55,4.07,0.0
20230128:0011,0.0,0.0,4.63,4.14,0.0
20230128:0111,0.0,0.0,4.93,4.34,0.0
20230128:0211,0.0,0.0,5.19,4.41,0.0
20230128:0311,0.0,0.0,5.53,4.41,0.0
20230128:0411,0.0,0.0,5.87,4.55,0.0
20230128:0511,0.0,0.0,5.69,5.59,0.0
20230128:0611,0.0,0.0,5.34,5.72,0.0
20230128:0711,0.0,0.0,5.04,4.83,0.0
20230128:0811,0.0,0.0,5.05,5.1,0.0
20230128:0911,244.79,6.26,5.33,5.1,0.0
20230128:1011,280.43,10.19,5.63,5.52,0.0
20230128:1111,187.03,12.39,5.74,4.76,0.0
20230128:1211,372.22,12.66,5.81,4.34,0.0
20230128:1311,340.76,11.0,6.12,4.69,0.0
20230128:1411,333.2,7.53,6.04,5.66,0.0
20230128:1511,1.79,2.53,5.76,4.9,0.0
20230128:1611,0.0,0.0,5.53,4.97,0.0
20230128:1711,0.0,0.0,5.22,4.0,0.0
20230128:1811,0.0,0.0,5.25,3.59,0.0
20230128:1911,0.0,0.0,5.23,3.31,0.0
20230128:2011,0.0,0.0,5.19,2.97,0.0
20230128:2111,0.0,0.0,5.07,3.79,0.0
20230128:2211,0.0,0.0,5.15,4.41,0.0
20230128:2311,0.0,0.0,5.35,5.03,0.0
20230129:0011,0.0,0.0,5.27,5.17,0.0
20230129:0111,0.0,0.0,5.4,5.79,0.0
20230129:0211,0.0,0.0,5.48,5.59,0.0
20230129:0311,0.0,0.0,5.87,5.93,0.0
20230129:0411,0.0,0.0,6.03,6.0,0.0
20230129:0511,0.0,0.0,6.12,5.38,0.0
20230129:0611,0.0,0.0,5.96,5.86,0.0
20230129:0711,0.0,0.0,5.91,6.28,0.0
20230129:0811,0.0,0.0,5.99,6.69,0.0
20230129:0911,10.76,6.5,6.12,6.69,0.0
20230129:1011,14.35,10.44,6.2,6.97,0.0
20230129:1111,17.94,12.65,6.26,6.83,0.0
20230129:1211,36.78,12.93,6.46,7.31,0.0
20230129:1311,26.91,11.27,6.78,7.24,0.0
20230129:1411,17.94,7.8,6.95,7.52,0.0
20230129:1511,1.79,2.79,7.11,8.07,0.0
20230129:1611,0.0,0.0,7.26,8.69,0.0
20230129:1711,0.0,0.0,7.7,10.0,0.0
20230129:1811,0.0,0.0,7.78,10.83,0.0
20230129:1911,0.0,0.0,6.67,9.79,0.0
20230129:2011,0.0,0.0,5.88,9.31,0.0
20230129:2111,0.0,0.0,5.54,10.21,0.0
20230129:2211,0.0,0.0,5.16,9.79,0.0
20230129:2311,0.0,0.0,5.3,9.38,0.0
20230130:0011,0.0,0.0,5.14,10.07,0.0
20230130:0111,0.0,0.0,4.83,9.45,0.0
20230130:0211,0.0,0.0,4.05,9.38,0.0
20230130:0311,0.0,0.0,3.79,9.52,0.0
20230130:0411,0.0,0.0,4.07,8.76,0.0
20230130:0511,0.0,0.0,4.37,8.55,0.0
20230130:0611,0.0,0.0,4.19,7.79,0.0
20230130:0711,0.0,0.0,4.06,7.03,0.0
20230130:0811,0.0,0.0,4.21,7.59,0.0
20230130:0911,271.03,6.74,4.18,10.34,0.0
20230130:1011,286.14,10.7,4.35,8.97,0.0
20230130:1111,140.27,12.92,4.19,10.07,0.0
20230130:1211,25.12,13.21,3.68,10.62,0.0
20230130:1311,350.9,11.54,3.19,10.97,0.0
20230130:1411,17.94,8.07,3.38,11.31,0.0
20230130:1511,1.79,3.06,3.23,10.55,0.0
20230130:1611,0.0,0.0,3.27,9.86,0.0
20230130:1711,0.0,0.0,3.23,9.31,0.0
20230130:1811,0.0,0.0,3.16,8.97,0.0
20230130:1911,0.0,0.0,3.07,8.62,0.0
20230130:2011,0.0,0.0,3.14,7.86,0.0
20230130:2111,0.0,0.0,3.01,6.97,0.0
20230130:2211,0.0,0.0,2.77,5.66,0.0
20230130:2311,0.0,0.0,2.82,4.62,0.0
20230131:0011,0.0,0.0,3.03,4.0,0.0
20230131:0111,0.0,0.0,2.85,3.17,0.0
20230131:0211,0.0,0.0,2.94,2.76,0.0
20230131:0311,0.0,0.0,2.81,2.62,0.0
20230131:0411,0.0,0.0,2.67,2.34,0.0
20230131:0511,0.0,0.0,2.43,3.17,0.0
20230131:0611,0.0,0.0,2.38,5.1,0.0
20230131:0711,0.0,0.0,3.11,6.07,0.0
20230131:0811,0.0,0.0,4.15,6.69,0.0
20230131:0911,265.66,6.99,4.13,5.31,0.0
20230131:1011,26.01,10.96,4.36,5.1,0.0
20230131:1111,24.22,13.19,4.66,7.24,0.0
20230131:1211,17.04,13.48,4.18,8.34,0.0
20230131:1311,25.12,11.82,3.77,9.17,0.0
20230131:1411,126.25,8.35,3.74,8.83,0.0
20230131:1511,1.79,3.33,4.24,9.17,0.0
20230131:1611,0.0,0.0,4.46,9.1,0.0
20230131:1711,0.0,0.0,4.31,8.69,0.0
20230131:1811,0.0,0.0,3.89,8.69,0.0
20230131:1911,0.0,0.0,4.42,8.69,0.0
20230131:2011,0.0,0.0,4.8,8.69,0.0
20230131:2111,0.0,0.0,5.17,9.03,0.0
20230131:2211,0.0,0.0,4.65,6.0,0.0
20230131:2311,0.0,0.0,4.83,7.45,0.0
20230201:0011,0.0,0.0,4.85,8.76,0.0
20230201:0111,0.0,0.0,4.67,8.34,0.0
20230201:0211,0.0,0.0,4.04,7.72,0.0
20230201:0311,0.0,0.0,3.71,7.31,0.0
20230201:0411,0.0,0.0,3.92,7.72,0.0
20230201:0511,0.0,0.0,3.99,7.31,0.0
20230201:0611,0.0,0.0,4.21,6.41,0.0
20230201:0711,0.0,0.0,4.33,5.66,0.0
20230201:0811,1.79,1.81,4.29,4.83,0.0
20230201:0911,94.43,7.24,4.57,4.9,0.0
20230201:1011,22.42,11.22,5.12,4.34,0.0
20230201:1111,16.15,13.47,5.4,0.97,0.0
20230201:1211,363.81,13.77,5.42,3.79,0.0
20230201:1311,30.5,12.11,5.16,6.14,0.0
20230201:1411,22.42,8.63,5.09,6.97,0.0
20230201:1511,8.97,3.6,4.99,7.52,0.0
20230201:1611,0.0,0.0,4.69,8.07,0.0
20230201:1711,0.0,0.0,4.2,7.66,0.0
20230201:1811,0.0,0.0,3.99,6.83,0.0
20230201:1911,0.0,0.0,4.4,6.76,0.0
20230201:2011,0.0,0.0,4.61,6.83,0.0
20230201:2111,0.0,0.0,4.52,6.55,0.0
20230201:2211,0.0,0.0,4.23,5.31,0.0
20230201:2311,0.0,0.0,4.0,5.31,0.0
20230202:0011,0.0,0.0,3.37,5.03,0.0
20230202:0111,0.0,0.0,2.84,4.83,0.0
20230202:0211,0.0,0.0,3.19,4.34,0.0
20230202:0311,0.0,0.0,3.05,3.86,0.0
20230202:0411,0.0,0.0,2.19,3.17,0.0
20230202:0511,0.0,0.0,1.46,2.48,0.0
20230202:0611,0.0,0.0,1.47,1.86,0.0
20230202:0711,0.0,0.0,1.37,1.31,0.0
20230202:0811,0.9,2.05,1.05,1.03,0.0
20230202:0911,315.95,7.5,1.55,1.59,0.0
20230202:1011,175.06,11.5,2.17,2.48,0.0
20230202:1111,279.48,13.75,2.59,2.62,0.0
20230202:1211,155.31,14.06,3.01,3.1,0.0
20230202:1311,117.17,12.4,3.31,3.1,0.0
20230202:1411,78.48,8.91,3.44,4.07,0.0
20230202:1511,5.38,3.88,3.32,4.76,0.0
20230202:1611,0.0,0.0,2.99,5.45,0.0
20230202:1711,0.0,0.0,2.74,6.34,0.0
20230202:1811,0.0,0.0,2.71,7.45,0.0
20230202:1911,0.0,0.0,2.69,8.83,0.0
20230202:2011,0.0,0.0,2.55,9.1,0.0
20230202:2111,0.0,0.0,2.17,9.1,0.0
20230202:2211,0.0,0.0,2.67,9.93,0.0
20230202:2311,0.0,0.0,3.24,10.0,0.0
20230203:0011,0.0,0.0,3.61,7.52,0.0
20230203:0111,0.0,0.0,4.15,5.03,0.0
20230203:0211,0.0,0.0,4.93,3.31,0.0
20230203:0311,0.0,0.0,5.22,5.86,0.0
20230203:0411,0.0,0.0,5.49,7.45,0.0
20230203:0511,0.0,0.0,5.9,8.0,0.0
20230203:0611,0.0,0.0,6.15,7.93,0.0
20230203:0711,0.0,0.0,6.26,7.66,0.0
20230203:0811,1.79,2.31,6.36,7.86,0.0
20230203:0911,116.38,7.76,5.94,7.86,0.0
20230203:1011,50.23,11.77,5.16,8.34,0.0
20230203:1111,49.33,14.04,4.98,8.55,0.0
20230203:1211,63.69,14.35,4.62,7.45,0.0
20230203:1311,608.68,12.69,4.62,6.14,0.0
20230203:1411,440.8,9.2,4.44,5.31,0.0
20230203:1511,24.37,4.16,3.25,5.38,0.0
20230203:1611,0.0,0.0,4.46,4.41,0.0
20230203:1711,0.0,0.0,4.0,3.31,0.0
20230203:1811,0.0,0.0,1.86,2.55,0.0
20230203:1911,0.0,0.0,1.23,1.86,0.0
20230203:2011,0.0,0.0,0.81,2.34,0.0
20230203:2111,0.0,0.0,0.34,3.31,0.0
20230203:2211,0.0,0.0,1.11,4.34,0.0
20230203:2311,0.0,0.0,0.82,4.69,0.0
20230204:0011,0.0,0.0,0.8,5.24,0.0
20230204:0111,0.0,0.0,0.64,5.45,0.0
20230204:0211,0.0,0.0,0.72,5.86,0.0
20230204:0311,0.0,0.0,0.78,6.21,0.0
20230204:0411,0.0,0.0,0.83,6.34,0.0
20230204:0511,0.0,0.0,0.77,6.14,0.0
20230204:0611,0.0,0.0,0.78,6.34,0.0
20230204:0711,0.0,0.0,0.7,6.9,0.0
20230204:0811,1.79,2.56,0.76,7.03,0.0
20230204:0911,21.53,8.03,1.08,7.24,0.0
20230204:1011,58.81,12.06,1.59,7.66,0.0
20230204:1111,84.12,14.33,1.93,8.14,0.0
20230204:1211,89.94,14.65,2.14,8.28,0.0
20230204:1311,66.99,12.99,2.36,8.62,0.0
20230204:1411,58.58,9.49,2.58,8.76,0.0
20230204:1511,7.18,4.45,2.84,9.24,0.0
20230204:1611,0.0,0.0,3.0,9.59,0.0
20230204:1711,0.0,0.0,3.23,9.79,0.0
20230204:1811,0.0,0.0,3.41,9.93,0.0
20230204:1911,0.0,0.0,3.64,9.72,0.0
20230204:2011,0.0,0.0,4.03,9.86,0.0
20230204:2111,0.0,0.0,4.55,9.66,0.0
20230204:2211,0.0,0.0,5.08,8.41,0.0
20230204:2311,0.0,0.0,5.21,7.03,0.0
20230205:0011,0.0,0.0,5.09,4.28,0.0
20230205:0111,0.0,0.0,4.82,5.66,0.0
20230205:0211,0.0,0.0,4.66,7.03,0.0
20230205:0311,0.0,0.0,4.51,7.52,0.0
20230205:0411,0.0,0.0,4.37,7.38,0.0
20230205:0511,0.0,0.0,4.42,7.03,0.0
20230205:0611,0.0,0.0,4.35,7.03,0.0
20230205:0711,0.0,0.0,4.23,6.76,0.0
20230205:0811,7.18,2.82,4.15,4.9,0.0
20230205:0911,392.67,8.31,4.1,4.07,0.0
20230205:1011,309.22,12.35,4.77,1.93,0.0
20230205:1111,235.97,14.63,5.26,1.59,0.0
20230205:1211,171.58,14.95,5.61,2.07,0.0
20230205:1311,40.36,13.29,5.73,2.83,0.0
20230205:1411,398.01,9.79,5.9,2.83,0.0
20230205:1511,12.56,4.73,5.49,1.38,0.0
20230205:1611,0.0,0.0,5.81,1.72,0.0
20230205:1711,0.0,0.0,4.78,2.07,0.0
20230205:1811,0.0,0.0,4.9,2.55,0.0
20230205:1911,0.0,0.0,4.67,2.0,0.0
20230205:2011,0.0,0.0,4.74,1.66,0.0
20230205:2111,0.0,0.0,4.58,1.79,0.0
20230205:2211,0.0,0.0,4.97,0.62,0.0
20230205:2311,0.0,0.0,4.89,1.79,0.0
20230206:0011,0.0,0.0,4.68,2.69,0.0
20230206:0111,0.0,0.0,4.61,3.1,0.0
20230206:0211,0.0,0.0,4.7,3.45,0.0
20230206:0311,0.0,0.0,4.88,3.38,0.0
20230206:0411,0.0,0.0,5.18,3.24,0.0
20230206:0511,0.0,0.0,5.19,3.03,0.0
20230206:0611,0.0,0.0,5.09,2.97,0.0
20230206:0711,0.0,0.0,5.0,2.97,0.0
20230206:0811,1.79,3.09,4.95,3.59,0.0
20230206:0911,17.04,8.59,5.11,3.72,0.0
20230206:1011,35.88,12.64,5.39,3.38,0.0
20230206:1111,81.99,14.93,5.58,3.17,0.0
20230206:1211,25.12,15.26,5.71,2.83,0.0
20230206:1311,20.63,13.59,5.87,2.97,0.0
20230206:1411,86.8,10.09,5.85,3.17,0.0
20230206:1511,5.38,5.03,5.6,3.38,0.0
20230206:1611,0.0,0.0,5.18,3.45,0.0
20230206:1711,0.0,0.0,4.82,3.45,0.0
20230206:1811,0.0,0.0,4.5,3.72,0.0
20230206:1911,0.0,0.0,4.28,4.21,0.0
20230206:2011,0.0,0.0,4.22,4.41,0.0
20230206:2111,0.0,0.0,4.24,4.48,0.0
20230206:2211,0.0,0.0,4.99,5.24,0.0
20230206:2311,0.0,0.0,5.28,5.03,0.0
20230207:0011,0.0,0.0,5.6,4.83,0.0
20230207:0111,0.0,0.0,5.52,4.97,0.0
20230207:0211,0.0,0.0,5.41,5.24,0.0
20230207:0311,0.0,0.0,5.32,5.24,0.0
20230207:0411,0.0,0.0,5.27,5.38,0.0
20230207:0511,0.0,0.0,5.17,5.03,0.0
20230207:0611,0.0,0.0,5.06,4.0,0.0
20230207:0711,0.0,0.0,4.99,3.72,0.0
20230207:0811,2.69,3.36,5.17,3.86,0.0
20230207:0911,13.45,8.87,5.37,4.0,0.0
20230207:1011,15.25,12.94,5.56,3.72,0.0
20230207:1111,17.94,15.24,6.11,3.31,0.0
20230207:1211,18.84,15.57,6.49,2.62,0.0
20230207:1311,38.57,13.9,6.54,2.55,0.0
20230207:1411,20.63,10.39,6.57,2.55,0.0
20230207:1511,10.76,5.32,6.4,2.62,0.0
20230207:1611,0.0,0.0,6.4,2.97,0.0
20230207:1711,0.0,0.0,6.29,3.38,0.0
20230207:1811,0.0,0.0,6.37,3.59,0.0
20230207:1911,0.0,0.0,6.28,3.72,0.0
20230207:2011,0.0,0.0,6.38,3.93,0.0
20230207:2111,0.0,0.0,6.22,3.93,0.0
20230207:2211,0.0,0.0,6.21,4.48,0.0
20230207:2311,0.0,0.0,6.16,4.34,0.0
20230208:0011,0.0,0.0,6.12,3.86,0.0
20230208:0111,0.0,0.0,6.0,3.66,0.0
20230208:0211,0.0,0.0,5.96,4.0,0.0
20230208:0311,0.0,0.0,5.99,4.76,0.0
20230208:0411,0.0,0.0,6.03,5.03,0.0
20230208:0511,0.0,0.0,6.06,5.24,0.0
20230208:0611,0.0,0.0,6.13,6.0,0.0
20230208:0711,0.0,0.0,6.1,6.48,0.0
20230208:0811,2.69,3.64,6.25,6.55,0.0
20230208:0911,9.87,9.16,6.56,6.69,0.0
20230208:1011,15.25,13.24,6.47,7.52,0.0
20230208:1111,18.84,15.55,6.65,8.07,0.0
20230208:1211,19.73,15.88,6.53,8.0,0.0
20230208:1311,23.32,14.22,6.56,8.21,0.0
20230208:1411,11.66,10.7,6.56,8.69,0.0
20230208:1511,8.97,5.62,6.41,9.17,0.0
20230208:1611,0.0,0.0,6.22,9.52,0.0
20230208:1711,0.0,0.0,6.29,9.79,0.0
20230208:1811,0.0,0.0,6.18,10.34,0.0
20230208:1911,0.0,0.0,6.14,10.34,0.0
20230208:2011,0.0,0.0,6.15,10.41,0.0
20230208:2111,0.0,0.0,6.15,10.07,0.0
20230208:2211,0.0,0.0,6.4,9.59,0.0
20230208:2311,0.0,0.0,6.89,10.48,0.0
20230209:0011,0.0,0.0,7.22,10.34,0.0
20230209:0111,0.0,0.0,6.83,9.79,0.0
20230209:0211,0.0,0.0,5.43,7.93,0.0
20230209:0311,0.0,0.0,4.79,6.97,0.0
20230209:0411,0.0,0.0,4.99,6.62,0.0
20230209:0511,0.0,0.0,5.43,6.76,0.0
20230209:0611,0.0,0.0,5.25,8.28,0.0
20230209:0711,0.0,0.0,5.28,9.24,0.0
20230209:0811,14.35,3.93,5.11,9.93,0.0
20230209:0911,207.09,9.46,5.0,10.07,0.0
20230209:1011,553.29,13.55,5.45,9.45,0.0
20230209:1111,64.58,15.86,5.1,10.55,0.0
20230209:1211,19.73,16.2,4.95,12.07,0.0
20230209:1311,41.26,14.53,4.86,11.38,0.0
20230209:1411,12.56,11.01,4.84,13.03,0.0
20230209:1511,5.38,5.91,4.44,12.83,0.0
20230209:1611,0.0,0.0,4.18,11.66,0.0
20230209:1711,0.0,0.0,4.05,11.59,0.0
20230209:1811,0.0,0.0,3.6,10.69,0.0
20230209:1911,0.0,0.0,3.43,9.31,0.0
20230209:2011,0.0,0.0,3.41,8.69,0.0
20230209:2111,0.0,0.0,3.27,8.69,0.0
20230209:2211,0.0,0.0,3.37,8.41,0.0
20230209:2311,0.0,0.0,3.18,7.93,0.0
20230210:0011,0.0,0.0,3.05,6.83,0.0
20230210:0111,0.0,0.0,2.9,5.38,0.0
20230210:0211,0.0,0.0,2.63,4.83,0.0
20230210:0311,0.0,0.0,2.28,4.07,0.0
20230210:0411,0.0,0.0,2.02,2.76,0.0
20230210:0511,0.0,0.0,1.79,2.41,0.0
20230210:0611,0.0,0.0,2.0,1.03,0.0
20230210:0711,0.0,0.0,2.18,1.38,0.0
20230210:0811,3.59,4.21,2.5,3.31,0.0
20230210:0911,11.66,9.76,3.23,5.86,0.0
20230210:1011,17.04,13.86,3.41,7.72,0.0
20230210:1111,35.88,16.19,3.96,7.38,0.0
20230210:1211,27.81,16.53,4.7,7.79,0.0
20230210:1311,28.7,14.85,5.49,8.14,0.0
20230210:1411,16.15,11.32,6.25,8.28,0.0
20230210:1511,7.18,6.22,6.88,8.69,0.0
20230210:1611,0.0,0.0,7.19,9.66,0.0
20230210:1711,0.0,0.0,7.77,9.79,0.0
20230210:1811,0.0,0.0,7.81,8.55,0.0
20230210:1911,0.0,0.0,7.83,8.21,0.0
20230210:2011,0.0,0.0,8.09,7.66,0.0
20230210:2111,0.0,0.0,7.91,7.17,0.0
20230210:2211,0.0,0.0,7.92,6.9,0.0
20230210:2311,0.0,0.0,7.82,7.24,0.0
20230211:0011,0.0,0.0,7.79,7.93,0.0
20230211:0111,0.0,0.0,7.84,8.83,0.0
20230211:0211,0.0,0.0,7.92,8.48,0.0
20230211:0311,0.0,0.0,7.83,8.41,0.0
20230211:0411,0.0,0.0,7.74,7.93,0.0
20230211:0511,0.0,0.0,7.73,7.66,0.0
20230211:0611,0.0,0.0,7.71,7.52,0.0
20230211:0711,0.0,0.0,7.73,7.24,0.0
20230211:0811,160.29,4.51,7.72,7.59,0.0
20230211:0911,372.61,10.07,7.77,7.31,0.0
20230211:1011,352.26,14.18,7.85,5.59,0.0
20230211:1111,326.45,16.51,8.07,6.14,0.0
20230211:1211,197.63,16.86,8.2,5.52,0.0
20230211:1311,258.22,15.18,8.11,4.69,0.0
20230211:1411,466.37,11.63,7.96,3.38,0.0
20230211:1511,8.97,6.52,7.87,2.21,0.0
20230211:1611,0.0,0.0,7.48,1.66,0.0
20230211:1711,0.0,0.0,7.2,2.0,0.0
20230211:1811,0.0,0.0,7.16,2.34,0.0
20230211:1911,0.0,0.0,7.0,3.03,0.0
20230211:2011,0.0,0.0,7.12,3.79,0.0
20230211:2111,0.0,0.0,6.96,4.34,0.0
20230211:2211,0.0,0.0,7.15,3.72,0.0
20230211:2311,0.0,0.0,7.02,3.17,0.0
20230212:0011,0.0,0.0,6.72,3.17,0.0
20230212:0111,0.0,0.0,6.97,3.31,0.0
20230212:0211,0.0,0.0,6.91,2.83,0.0
20230212:0311,0.0,0.0,6.78,2.62,0.0
20230212:0411,0.0,0.0,6.74,2.48,0.0
20230212:0511,0.0,0.0,6.63,2.34,0.0
20230212:0611,0.0,0.0,6.56,2.07,0.0
20230212:0711,0.0,0.0,6.64,1.66,0.0
20230212:0811,40.37,4.8,6.47,1.38,0.0
20230212:0911,103.21,10.38,6.9,1.59,0.0
20230212:1011,71.69,14.5,7.42,2.07,0.0
20230212:1111,323.45,16.84,7.59,2.69,0.0
20230212:1211,74.45,17.19,7.81,2.9,0.0
20230212:1311,62.79,15.5,7.77,2.76,0.0
20230212:1411,35.88,11.95,7.77,3.1,0.0
20230212:1511,11.66,6.83,7.6,2.97,0.0
20230212:1611,0.0,0.0,7.43,2.9,0.0
20230212:1711,0.0,0.0,7.32,2.97,0.0
20230212:1811,0.0,0.0,7.21,2.9,0.0
20230212:1911,0.0,0.0,6.93,2.76,0.0
20230212:2011,0.0,0.0,6.76,2.62,0.0
20230212:2111,0.0,0.0,6.56,2.62,0.0
20230212:2211,0.0,0.0,6.53,2.62,0.0
20230212:2311,0.0,0.0,6.51,2.34,0.0
20230213:0011,0.0,0.0,6.47,2.55,0.0
20230213:0111,0.0,0.0,6.33,2.69,0.0
20230213:0211,0.0,0.0,6.33,2.55,0.0
20230213:0311,0.0,0.0,5.91,2.07,0.0
20230213:0411,0.0,0.0,5.87,2.21,0.0
20230213:0511,0.0,0.0,5.63,2.41,0.0
20230213:0611,0.0,0.0,5.78,2.28,0.0
20230213:0711,0.0,0.0,5.82,1.79,0.0
20230213:0811,40.41,5.11,5.83,1.24,0.0
20230213:0911,240.65,10.69,6.02,0.97,0.0
20230213:1011,92.23,14.82,6.53,1.52,0.0
20230213:1111,108.73,17.17,6.65,1.93,0.0
20230213:1211,97.41,17.52,6.98,2.0,0.0
20230213:1311,71.76,15.83,7.08,2.34,0.0
20230213:1411,16.15,12.27,7.07,2.48,0.0
20230213:1511,8.97,7.13,6.74,2.21,0.0
20230213:1611,0.0,0.0,6.24,1.66,0.0
20230213:1711,0.0,0.0,5.88,1.24,0.0
20230213:1811,0.0,0.0,5.74,1.59,0.0
20230213:1911,0.0,0.0,5.56,1.72,0.0
20230213:2011,0.0,0.0,5.28,1.86,0.0
20230213:2111,0.0,0.0,5.14,2.14,0.0
20230213:2211,0.0,0.0,5.06,2.55,0.0
20230213:2311,0.0,0.0,4.95,2.69,0.0
20230214:0011,0.0,0.0,4.85,3.03,0.0
20230214:0111,0.0,0.0,4.68,3.31,0.0
20230214:0211,0.0,0.0,4.43,3.72,0.0
20230214:0311,0.0,0.0,4.26,4.0,0.0
20230214:0411,0.0,0.0,3.97,4.21,0.0
20230214:0511,0.0,0.0,3.98,4.14,0.0
20230214:0611,0.0,0.0,3.83,4.14,0.0
20230214:0711,0.0,0.0,3.79,4.14,0.0
20230214:0811,10.76,5.41,4.02,4.28,0.0
20230214:0911,23.32,11.01,4.33,4.69,0.0
20230214:1011,32.29,15.15,4.95,5.03,0.0
20230214:1111,30.5,17.51,5.23,4.97,0.0
20230214:1211,26.01,17.86,5.66,4.97,0.0
20230214:1311,24.22,16.17,5.96,5.31,0.0
20230214:1411,21.53,12.59,6.11,5.1,0.0
20230214:1511,25.12,7.45,6.08,5.1,0.0
20230214:1611,0.0,0.0,5.75,5.17,0.0
20230214:1711,0.0,0.0,5.43,5.17,0.0
20230214:1811,0.0,0.0,5.14,5.24,0.0
20230214:1911,0.0,0.0,5.08,5.17,0.0
20230214:2011,0.0,0.0,4.98,5.03,0.0
20230214:2111,0.0,0.0,4.61,4.76,0.0
20230214:2211,0.0,0.0,4.47,4.83,0.0
20230214:2311,0.0,0.0,4.59,4.97,0.0
20230215:0011,0.0,0.0,4.48,4.83,0.0
20230215:0111,0.0,0.0,4.34,4.83,0.0
20230215:0211,0.0,0.0,4.33,4.97,0.0
20230215:0311,0.0,0.0,4.31,5.1,0.0
20230215:0411,0.0,0.0,4.12,5.24,0.0
20230215:0511,0.0,0.0,4.33,5.31,0.0
20230215:0611,0.0,0.0,4.47,5.38,0.0
20230215:0711,0.0,0.0,4.62,5.45,0.0
20230215:0811,11.66,5.72,4.81,5.59,0.0
20230215:0911,50.23,11.33,5.34,5.79,0.0
20230215:1011,319.0,15.49,6.19,5.72,0.0
20230215:1111,114.64,17.85,6.63,6.34,0.0
20230215:1211,282.96,18.2,7.06,6.9,0.0
20230215:1311,177.32,16.5,7.17,7.1,0.0
20230215:1411,85.65,12.92,6.95,7.24,0.0
20230215:1511,21.53,7.76,6.9,7.66,0.0
20230215:1611,0.0,0.0,6.77,8.14,0.0
20230215:1711,0.0,0.0,6.57,8.48,0.0
20230215:1811,0.0,0.0,6.23,8.28,0.0
20230215:1911,0.0,0.0,5.98,7.52,0.0
20230215:2011,0.0,0.0,5.95,7.52,0.0
20230215:2111,0.0,0.0,5.63,7.03,0.0
20230215:2211,0.0,0.0,5.93,7.59,0.0
20230215:2311,0.0,0.0,6.02,6.07,0.0
20230216:0011,0.0,0.0,6.26,5.38,0.0
20230216:0111,0.0,0.0,6.28,4.97,0.0
20230216:0211,0.0,0.0,6.27,5.17,0.0
20230216:0311,0.0,0.0,6.17,5.24,0.0
20230216:0411,0.0,0.0,6.3,4.76,0.0
20230216:0511,0.0,0.0,6.44,4.0,0.0
20230216:0611,0.0,0.0,6.35,3.72,0.0
20230216:0711,0.0,0.0,6.03,2.9,0.0
20230216:0811,103.8,6.04,5.62,2.14,0.0
20230216:0911,290.33,11.66,6.02,1.93,0.0
20230216:1011,137.24,15.83,6.09,2.69,0.0
20230216:1111,252.95,18.2,6.26,2.21,0.0
20230216:1211,527.81,18.55,6.54,2.62,0.0
20230216:1311,465.26,16.84,6.89,3.1,0.0
20230216:1411,153.5,13.24,6.77,3.1,0.0
20230216:1511,9.87,8.07,6.58,2.69,0.0
20230216:1611,0.9,1.7,6.22,3.1,0.0
20230216:1711,0.0,0.0,5.85,3.24,0.0
20230216:1811,0.0,0.0,5.76,3.45,0.0
20230216:1911,0.0,0.0,5.84,3.66,0.0
20230216:2011,0.0,0.0,6.04,4.0,0.0
20230216:2111,0.0,0.0,6.18,4.62,0.0
20230216:2211,0.0,0.0,6.08,5.31,0.0
20230216:2311,0.0,0.0,6.08,5.66,0.0
20230217:0011,0.0,0.0,5.89,5.72,0.0
20230217:0111,0.0,0.0,5.69,5.59,0.0
20230217:0211,0.0,0.0,5.66,5.17,0.0
20230217:0311,0.0,0.0,5.6,5.59,0.0
20230217:0411,0.0,0.0,5.66,6.07,0.0
20230217:0511,0.0,0.0,5.65,6.62,0.0
20230217:0611,0.0,0.0,5.56,7.38,0.0
20230217:0711,0.0,0.0,5.54,8.83,0.0
20230217:0811,5.38,6.36,6.07,8.69,0.0
20230217:0911,22.42,11.99,7.18,6.76,0.0
20230217:1011,34.09,16.17,7.4,8.48,0.0
20230217:1111,31.39,18.54,7.46,8.55,0.0
20230217:1211,23.32,18.89,7.26,5.72,0.0
20230217:1311,29.6,17.18,7.1,6.62,0.0
20230217:1411,33.19,13.57,6.8,13.38,0.0
20230217:1511,8.07,8.39,5.84,13.24,0.0
20230217:1611,0.9,2.0,5.39,12.83,0.0
20230217:1711,0.0,0.0,5.7,12.48,0.0
20230217:1811,0.0,0.0,5.64,11.93,0.0
20230217:1911,0.0,0.0,5.41,10.28,0.0
20230217:2011,0.0,0.0,5.32,9.1,0.0
20230217:2111,0.0,0.0,5.11,8.83,0.0
20230217:2211,0.0,0.0,4.81,8.48,0.0
20230217:2311,0.0,0.0,4.85,7.24,0.0
20230218:0011,0.0,0.0,4.83,6.21,0.0
20230218:0111,0.0,0.0,4.47,6.69,0.0
20230218:0211,0.0,0.0,4.24,6.76,0.0
20230218:0311,0.0,0.0,4.11,6.62,0.0
20230218:0411,0.0,0.0,4.02,6.34,0.0
20230218:0511,0.0,0.0,3.75,6.07,0.0
20230218:0611,0.0,0.0,3.69,6.0,0.0
20230218:0711,0.0,0.0,3.43,5.59,0.0
20230218:0811,246.3,6.68,3.27,5.31,0.0
20230218:0911,507.41,12.33,3.34,5.52,0.0
20230218:1011,696.12,16.51,3.69,5.66,0.0
20230218:1111,794.73,18.9,3.98,5.17,0.0
20230218:1211,832.41,19.24,4.08,4.69,0.0
20230218:1311,30.5,17.52,4.26,4.62,0.0
20230218:1411,584.1,13.91,4.28,5.31,0.0
20230218:1511,8.97,8.71,3.75,5.86,0.0
20230218:1611,1.79,2.31,3.61,5.59,0.0
20230218:1711,0.0,0.0,3.17,4.76,0.0
20230218:1811,0.0,0.0,2.75,4.21,0.0
20230218:1911,0.0,0.0,2.46,4.28,0.0
20230218:2011,0.0,0.0,2.44,4.07,0.0
20230218:2111,0.0,0.0,2.21,3.79,0.0
20230218:2211,0.0,0.0,1.81,3.24,0.0
20230218:2311,0.0,0.0,1.77,2.69,0.0
20230219:0011,0.0,0.0,2.25,2.83,0.0
20230219:0111,0.0,0.0,2.54,2.76,0.0
20230219:0211,0.0,0.0,2.0,1.86,0.0
20230219:0311,0.0,0.0,2.34,1.93,0.0
20230219:0411,0.0,0.0,2.27,2.07,0.0
20230219:0511,0.0,0.0,2.46,1.72,0.0
20230219:0611,0.0,0.0,2.93,3.31,0.0
20230219:0711,0.0,0.0,3.18,5.31,0.0
20230219:0811,28.7,7.01,3.9,5.59,0.0
20230219:0911,117.5,12.67,4.53,6.41,0.0
20230219:1011,29.6,16.86,5.22,6.97,0.0
20230219:1111,69.97,19.25,5.23,6.41,0.0
20230219:1211,87.91,19.6,5.34,6.97,0.0
20230219:1311,82.52,17.87,5.31,7.1,0.0
20230219:1411,59.2,14.24,5.27,6.9,0.0
20230219:1511,29.6,9.03,5.13,6.83,0.0
20230219:1611,1.79,2.62,4.95,5.79,0.0
20230219:1711,0.0,0.0,5.0,4.83,0.0
20230219:1811,0.0,0.0,5.08,5.03,0.0
20230219:1911,0.0,0.0,5.13,5.17,0.0
20230219:2011,0.0,0.0,5.34,5.86,0.0
20230219:2111,0.0,0.0,5.79,6.9,0.0
20230219:2211,0.0,0.0,6.72,8.69,0.0
20230219:2311,0.0,0.0,7.09,8.69,0.0
20230220:0011,0.0,0.0,7.69,8.21,0.0
20230220:0111,0.0,0.0,8.06,9.24,0.0
20230220:0211,0.0,0.0,8.19,10.41,0.0
20230220:0311,0.0,0.0,8.25,12.28,0.0
20230220:0411,0.0,0.0,8.71,12.9,0.0
20230220:0511,0.0,0.0,8.27,11.52,0.0
20230220:0611,0.0,0.0,7.42,10.48,0.0
20230220:0711,0.0,0.0,6.92,9.93,0.0
20230220:0811,17.94,7.34,6.39,10.48,0.0
20230220:0911,168.21,13.01,6.1,10.55,0.0
20230220:1011,194.34,17.22,6.21,10.41,0.0
20230220:1111,208.95,19.61,6.52,10.0,0.0
20230220:1211,81.63,19.96,6.52,10.21,0.0
20230220:1311,187.93,18.22,6.59,10.76,0.0
20230220:1411,88.63,14.57,6.45,11.03,0.0
20230220:1511,55.25,9.35,6.39,11.31,0.0
20230220:1611,4.48,2.92,6.4,11.17,0.0
20230220:1711,0.0,0.0,6.33,11.72,0.0
20230220:1811,0.0,0.0,6.44,11.86,0.0
20230220:1911,0.0,0.0,6.4,11.86,0.0
20230220:2011,0.0,0.0,6.33,11.72,0.0
20230220:2111,0.0,0.0,6.26,11.31,0.0
20230220:2211,0.0,0.0,6.31,10.55,0.0
20230220:2311,0.0,0.0,6.37,8.97,0.0
20230221:0011,0.0,0.0,6.19,8.07,0.0
20230221:0111,0.0,0.0,6.35,7.38,0.0
20230221:0211,0.0,0.0,6.36,6.83,0.0
20230221:0311,0.0,0.0,6.35,6.21,0.0
20230221:0411,0.0,0.0,6.24,5.52,0.0
20230221:0511,0.0,0.0,6.19,4.76,0.0
20230221:0611,0.0,0.0,6.06,3.93,0.0
20230221:0711,0.0,0.0,6.09,3.31,0.0
20230221:0811,260.83,7.68,6.09,2.28,0.0
20230221:0911,429.3,13.36,6.17,2.07,0.0
20230221:1011,439.23,17.57,6.4,1.86,0.0
20230221:1111,211.55,19.97,6.65,2.14,0.0
20230221:1211,343.39,20.32,6.8,2.28,0.0
20230221:1311,381.59,18.57,7.0,2.34,0.0
20230221:1411,285.38,14.91,7.04,1.72,0.0
20230221:1511,106.72,9.67,6.68,2.07,0.0
20230221:1611,7.18,3.23,6.4,2.07,0.0
20230221:1711,0.0,0.0,6.08,2.21,0.0
20230221:1811,0.0,0.0,5.63,2.55,0.0
20230221:1911,0.0,0.0,5.34,3.1,0.0
20230221:2011,0.0,0.0,5.23,3.66,0.0
20230221:2111,0.0,0.0,5.31,4.41,0.0
20230221:2211,0.0,0.0,5.32,5.17,0.0
20230221:2311,0.0,0.0,5.19,6.07,0.0
20230222:0011,0.0,0.0,4.95,6.69,0.0
20230222:0111,0.0,0.0,5.03,6.69,0.0
20230222:0211,0.0,0.0,5.15,6.97,0.0
20230222:0311,0.0,0.0,5.18,6.97,0.0
20230222:0411,0.0,0.0,5.32,7.1,0.0
20230222:0511,0.0,0.0,5.35,7.24,0.0
20230222:0611,0.0,0.0,5.34,7.17,0.0
20230222:0711,0.0,0.0,5.36,7.03,0.0
20230222:0811,29.6,8.02,5.45,6.97,0.0
20230222:0911,33.19,13.71,5.7,6.9,0.0
20230222:1011,88.17,17.93,5.96,6.62,0.0
20230222:1111,111.75,20.34,6.15,6.69,0.0
20230222:1211,52.03,20.68,6.3,6.62,0.0
20230222:1311,40.36,18.92,6.44,6.34,0.0
20230222:1411,28.7,15.25,6.38,5.86,0.0
20230222:1511,26.91,9.99,6.26,5.45,0.0
20230222:1611,5.38,3.54,6.0,5.1,0.0
20230222:1711,0.0,0.0,5.85,5.17,0.0
20230222:1811,0.0,0.0,5.84,4.41,0.0
20230222:1911,0.0,0.0,5.62,3.17,0.0
20230222:2011,0.0,0.0,5.41,2.69,0.0
20230222:2111,0.0,0.0,5.34,2.55,0.0
20230222:2211,0.0,0.0,5.43,1.17,0.0
20230222:2311,0.0,0.0,5.33,3.31,0.0
20230223:0011,0.0,0.0,4.73,6.62,0.0
20230223:0111,0.0,0.0,3.9,7.24,0.0
20230223:0211,0.0,0.0,3.78,7.24,0.0
20230223:0311,0.0,0.0,3.45,7.86,0.0
20230223:0411,0.0,0.0,3.0,7.72,0.0
20230223:0511,0.0,0.0,2.53,7.31,0.0
20230223:0611,0.0,0.0,2.17,6.9,0.0
20230223:0711,0.0,0.0,2.13,6.07,0.0
20230223:0811,305.44,8.36,2.14,5.45,0.0
20230223:0911,502.66,14.06,2.48,5.59,0.0
20230223:1011,458.57,18.3,3.09,5.52,0.0
20230223:1111,371.69,20.7,3.55,5.38,0.0
20230223:1211,104.27,21.04,3.92,5.38,0.0
20230223:1311,684.91,19.28,4.18,4.28,0.0
20230223:1411,102.27,15.59,4.33,2.41,0.0
20230223:1511,156.84,10.32,4.38,1.1,0.0
20230223:1611,3.59,3.85,4.42,1.45,0.0
20230223:1711,0.0,0.0,4.05,3.03,0.0
20230223:1811,0.0,0.0,3.93,5.59,0.0
20230223:1911,0.0,0.0,4.02,7.03,0.0
20230223:2011,0.0,0.0,4.02,6.69,0.0
20230223:2111,0.0,0.0,4.57,7.1,0.0
20230223:2211,0.0,0.0,4.73,5.03,0.0
20230223:2311,0.0,0.0,4.7,5.59,0.0
20230224:0011,0.0,0.0,4.61,5.31,0.0
20230224:0111,0.0,0.0,4.26,4.69,0.0
20230224:0211,0.0,0.0,4.23,4.97,0.0
20230224:0311,0.0,0.0,4.22,4.62,0.0
20230224:0411,0.0,0.0,4.19,4.55,0.0
20230224:0511,0.0,0.0,3.9,4.83,0.0
20230224:0611,0.0,0.0,3.85,5.86,0.0
20230224:0711,0.9,1.95,3.63,7.52,0.0
20230224:0811,174.23,8.71,3.77,8.69,0.0
20230224:0911,64.58,14.42,4.1,9.45,0.0
20230224:1011,186.19,18.66,4.55,9.1,0.0
20230224:1111,354.29,21.07,4.61,9.72,0.0
20230224:1211,312.91,21.41,4.88,9.52,0.0
20230224:1311,749.47,19.63,4.86,9.45,0.0
20230224:1411,621.82,15.93,5.18,9.31,0.0
20230224:1511,418.0,10.64,4.94,9.24,0.0
20230224:1611,29.93,4.17,4.6,8.83,0.0
20230224:1711,0.0,0.0,3.9,8.34,0.0
20230224:1811,0.0,0.0,3.39,8.34,0.0
20230224:1911,0.0,0.0,3.12,8.14,0.0
20230224:2011,0.0,0.0,2.54,7.59,0.0
20230224:2111,0.0,0.0,2.18,6.9,0.0
20230224:2211,0.0,0.0,1.82,6.34,0.0
20230224:2311,0.0,0.0,1.52,6.28,0.0
20230225:0011,0.0,0.0,1.15,5.86,0.0
20230225:0111,0.0,0.0,0.9,5.31,0.0
20230225:0211,0.0,0.0,0.56,5.31,0.0
20230225:0311,0.0,0.0,0.25,5.52,0.0
20230225:0411,0.0,0.0,0.04,4.97,0.0
20230225:0511,0.0,0.0,-0.04,4.83,0.0
20230225:0611,0.0,0.0,0.0,4.55,0.0
20230225:0711,4.48,2.29,-0.01,4.76,0.0
20230225:0811,322.87,9.06,0.76,4.83,0.0
20230225:0911,549.62,14.78,1.86,4.62,0.0
20230225:1011,740.46,19.03,2.9,3.93,0.0
20230225:1111,851.81,21.44,3.62,4.83,0.0
20230225:1211,858.27,21.78,4.05,5.86,0.0
20230225:1311,806.39,19.99,4.29,5.93,0.0
20230225:1411,687.93,16.27,4.31,5.93,0.0
20230225:1511,470.09,10.97,4.12,5.93,0.0
20230225:1611,39.61,4.48,3.64,5.66,0.0
20230225:1711,0.0,0.0,2.82,5.1,0.0
20230225:1811,0.0,0.0,2.07,4.48,0.0
20230225:1911,0.0,0.0,1.65,4.21,0.0
20230225:2011,0.0,0.0,1.33,4.0,0.0
20230225:2111,0.0,0.0,0.87,3.66,0.0
20230225:2211,0.0,0.0,0.6,3.45,0.0
20230225:2311,0.0,0.0,0.44,3.38,0.0
20230226:0011,0.0,0.0,0.32,3.31,0.0
20230226:0111,0.0,0.0,0.08,2.83,0.0
20230226:0211,0.0,0.0,-0.12,2.21,0.0
20230226:0311,0.0,0.0,-0.18,1.93,0.0
20230226:0411,0.0,0.0,-0.3,1.93,0.0
20230226:0511,0.0,0.0,-0.44,2.21,0.0
20230226:0611,0.0,0.0,-0.3,2.28,0.0
20230226:0711,7.18,2.63,-0.17,2.34,0.0
20230226:0811,305.04,9.41,0.54,2.55,0.0
20230226:0911,527.1,15.14,1.97,2.9,0.0
20230226:1011,695.59,19.4,2.74,2.9,0.0
20230226:1111,794.63,21.82,3.29,3.24,0.0
20230226:1211,760.99,22.15,4.1,3.72,0.0
20230226:1311,715.85,20.35,4.58,3.72,0.0
20230226:1411,217.1,16.62,4.87,3.79,0.0
20230226:1511,123.67,11.3,4.75,4.28,0.0
20230226:1611,8.07,4.79,4.47,4.48,0.0
20230226:1711,0.0,0.0,3.38,4.83,0.0
20230226:1811,0.0,0.0,2.91,4.76,0.0
20230226:1911,0.0,0.0,2.83,4.83,0.0
20230226:2011,0.0,0.0,2.62,4.41,0.0
20230226:2111,0.0,0.0,2.09,3.93,0.0
20230226:2211,0.0,0.0,1.81,2.97,0.0
20230226:2311,0.0,0.0,1.34,3.24,0.0
20230227:0011,0.0,0.0,0.93,3.52,0.0
20230227:0111,0.0,0.0,0.84,4.0,0.0
20230227:0211,0.0,0.0,0.77,4.62,0.0
20230227:0311,0.0,0.0,0.76,4.9,0.0
20230227:0411,0.0,0.0,0.58,4.62,0.0
20230227:0511,0.0,0.0,0.28,4.41,0.0
20230227:0611,0.0,0.0,0.23,4.0,0.0
20230227:0711,9.87,2.98,0.2,3.45,0.0
20230227:0811,329.36,9.77,0.68,3.66,0.0
20230227:0911,547.22,15.51,2.21,3.52,0.0
20230227:1011,705.97,19.78,3.51,3.03,0.0
20230227:1111,694.25,22.2,4.47,2.9,0.0
20230227:1211,691.5,22.52,5.27,2.69,0.0
20230227:1311,735.29,20.71,5.84,2.55,0.0
20230227:1411,528.51,16.96,6.2,2.76,0.0
20230227:1511,373.12,11.62,5.83,2.55,0.0
20230227:1611,39.53,5.11,4.81,2.14,0.0
20230227:1711,0.0,0.0,3.58,1.72,0.0
20230227:1811,0.0,0.0,3.0,1.66,0.0
20230227:1911,0.0,0.0,2.82,1.72,0.0
20230227:2011,0.0,0.0,2.57,1.79,0.0
20230227:2111,0.0,0.0,1.99,1.72,0.0
20230227:2211,0.0,0.0,0.96,1.52,0.0
20230227:2311,0.0,0.0,0.84,1.45,0.0
20230228:0011,0.0,0.0,0.63,1.52,0.0
20230228:0111,0.0,0.0,0.59,1.52,0.0
20230228:0211,0.0,0.0,0.6,1.72,0.0
20230228:0311,0.0,0.0,0.43,2.21,0.0
20230228:0411,0.0,0.0,0.61,2.48,0.0
20230228:0511,0.0,0.0,0.59,2.76,0.0
20230228:0611,0.0,0.0,0.53,3.24,0.0
20230228:0711,18.73,3.33,0.71,3.86,0.0
20230228:0811,353.44,10.13,1.46,4.9,0.0
20230228:0911,536.09,15.88,2.87,5.52,0.0
20230228:1011,740.33,20.15,4.42,5.03,0.0
20230228:1111,836.63,22.58,5.5,5.24,0.0
20230228:1211,854.58,22.9,6.35,5.79,0.0
20230228:1311,830.05,21.08,6.82,5.72,0.0
20230228:1411,680.79,17.31,7.01,5.52,0.0
20230228:1511,459.58,11.95,6.55,5.79,0.0
20230228:1611,58.27,5.42,5.83,5.45,0.0
20230228:1711,0.0,0.0,4.6,5.59,0.0
20230228:1811,0.0,0.0,3.68,4.97,0.0
20230228:1911,0.0,0.0,3.12,4.21,0.0
20230228:2011,0.0,0.0,2.47,3.52,0.0
20230228:2111,0.0,0.0,1.67,3.17,0.0
20230228:2211,0.0,0.0,1.33,2.97,0.0
20230228:2311,0.0,0.0,1.02,2.55,0.0
20230301:0011,0.0,0.0,0.88,2.34,0.0
20230301:0111,0.0,0.0,0.56,2.14,0.0
20230301:0211,0.0,0.0,0.52,1.93,0.0
20230301:0311,0.0,0.0,0.26,1.59,0.0
20230301:0411,0.0,0.0,0.18,1.31,0.0
20230301:0511,0.0,0.0,0.0,1.45,0.0
20230301:0611,0.0,0.0,0.0,1.45,0.0
20230301:0711,23.28,3.68,-0.14,1.31,0.0
20230301:0811,340.08,10.49,0.57,1.45,0.0
20230301:0911,563.49,16.25,2.4,1.45,0.0
20230301:1011,736.6,20.53,3.91,0.69,0.0
20230301:1111,813.31,22.96,4.82,0.69,0.0
20230301:1211,844.19,23.27,5.81,0.55,0.0
20230301:1311,773.73,21.44,6.22,0.55,0.0
20230301:1411,647.26,17.66,6.43,0.62,0.0
20230301:1511,434.95,12.28,5.81,0.48,0.0
20230301:1611,58.75,5.73,5.68,0.76,0.0
20230301:1711,0.0,0.0,5.04,0.76,0.0
20230301:1811,0.0,0.0,3.36,1.03,0.0
20230301:1911,0.0,0.0,2.45,1.17,0.0
20230301:2011,0.0,0.0,1.71,1.1,0.0
20230301:2111,0.0,0.0,1.53,0.9,0.0
20230301:2211,0.0,0.0,1.46,1.45,0.0
20230301:2311,0.0,0.0,0.95,1.59,0.0
20230302:0011,0.0,0.0,0.66,1.79,0.0
20230302:0111,0.0,0.0,0.46,1.66,0.0
20230302:0211,0.0,0.0,0.1,1.45,0.0
20230302:0311,0.0,0.0,-0.07,1.31,0.0
20230302:0411,0.0,0.0,0.06,1.31,0.0
20230302:0511,0.0,0.0,-0.19,1.17,0.0
20230302:0611,0.0,0.0,-0.29,1.03,0.0
20230302:0711,29.17,4.04,-0.41,0.97,0.0
20230302:0811,362.72,10.85,0.48,1.1,0.0
20230302:0911,568.69,16.62,2.5,0.97,0.0
20230302:1011,741.19,20.91,4.17,0.97,0.0
20230302:1111,836.57,23.34,5.09,1.72,0.0
20230302:1211,887.26,23.65,5.72,2.69,0.0
20230302:1311,827.9,21.81,6.07,3.45,0.0
20230302:1411,683.91,18.0,6.41,3.66,0.0
20230302:1511,464.0,12.61,5.99,3.52,0.0
20230302:1611,233.2,6.05,5.45,4.0,0.0
20230302:1711,0.0,0.0,4.07,4.48,0.0
20230302:1811,0.0,0.0,3.29,4.69,0.0
20230302:1911,0.0,0.0,2.68,4.83,0.0
20230302:2011,0.0,0.0,2.19,5.1,0.0
20230302:2111,0.0,0.0,1.8,5.1,0.0
20230302:2211,0.0,0.0,1.46,4.83,0.0
20230302:2311,0.0,0.0,1.12,5.31,0.0
20230303:0011,0.0,0.0,0.95,5.24,0.0
20230303:0111,0.0,0.0,0.67,4.97,0.0
20230303:0211,0.0,0.0,0.55,4.9,0.0
20230303:0311,0.0,0.0,0.78,4.76,0.0
20230303:0411,0.0,0.0,0.78,4.97,0.0
20230303:0511,0.0,0.0,1.0,5.38,0.0
20230303:0611,0.0,0.0,1.42,5.45,0.0
20230303:0711,39.14,4.39,1.5,5.1,0.0
20230303:0811,335.61,11.22,2.17,4.97,0.0
20230303:0911,382.15,17.0,3.36,5.24,0.0
20230303:1011,691.7,21.3,4.42,4.97,0.0
20230303:1111,795.69,23.73,5.6,5.45,0.0
20230303:1211,118.34,24.03,6.5,7.03,0.0
20230303:1311,96.88,22.17,6.89,6.76,0.0
20230303:1411,104.48,18.35,6.62,7.24,0.0
20230303:1511,52.03,12.94,6.36,7.86,0.0
20230303:1611,89.5,6.36,6.26,8.14,0.0
20230303:1711,0.0,0.0,6.14,8.07,0.0
20230303:1811,0.0,0.0,5.75,8.28,0.0
20230303:1911,0.0,0.0,5.07,7.93,0.0
20230303:2011,0.0,0.0,4.69,8.34,0.0
20230303:2111,0.0,0.0,4.3,9.17,0.0
20230303:2211,0.0,0.0,4.14,8.9,0.0
20230303:2311,0.0,0.0,3.69,8.9,0.0
20230304:0011,0.0,0.0,3.37,10.0,0.0
20230304:0111,0.0,0.0,3.14,10.34,0.0
20230304:0211,0.0,0.0,2.91,10.34,0.0
20230304:0311,0.0,0.0,2.63,10.62,0.0
20230304:0411,0.0,0.0,2.5,10.41,0.0
20230304:0511,0.0,0.0,2.19,9.72,0.0
20230304:0611,0.0,0.0,1.93,9.59,0.0
20230304:0711,32.33,4.76,1.72,9.31,0.0
20230304:0811,335.84,11.59,1.82,8.62,0.0
20230304:0911,544.15,17.38,2.14,8.14,0.0
20230304:1011,530.3,21.68,2.5,6.41,0.0
20230304:1111,784.18,24.12,2.65,6.97,0.0
20230304:1211,619.21,24.41,2.51,8.0,0.0
20230304:1311,96.88,22.54,2.63,8.21,0.0
20230304:1411,486.78,18.7,2.02,8.55,0.0
20230304:1511,82.22,13.27,2.07,8.83,0.0
20230304:1611,207.91,6.68,1.81,8.28,0.0
20230304:1711,0.0,0.0,1.63,7.79,0.0
20230304:1811,0.0,0.0,1.35,7.45,0.0
20230304:1911,0.0,0.0,1.12,6.97,0.0
20230304:2011,0.0,0.0,0.93,6.41,0.0
20230304:2111,0.0,0.0,0.64,5.93,0.0
20230304:2211,0.0,0.0,0.39,6.28,0.0
20230304:2311,0.0,0.0,0.15,5.72,0.0
20230305:0011,0.0,0.0,0.12,5.52,0.0
20230305:0111,0.0,0.0,-0.12,5.31,0.0
20230305:0211,0.0,0.0,-0.44,5.66,0.0
20230305:0311,0.0,0.0,-0.86,5.66,0.0
20230305:0411,0.0,0.0,-1.07,5.1,0.0
20230305:0511,0.0,0.0,-1.46,4.69,0.0
20230305:0611,0.0,0.0,-1.66,4.34,0.0
20230305:0711,48.95,5.12,-1.74,4.34,0.0
20230305:0811,390.01,11.96,-1.1,4.34,0.0
20230305:0911,598.27,17.76,-0.06,4.41,0.0
20230305:1011,752.7,22.07,1.22,4.62,0.0
20230305:1111,822.99,24.51,1.73,4.76,0.0
20230305:1211,883.85,24.8,2.23,5.03,0.0
20230305:1311,825.45,22.91,2.49,5.17,0.0
20230305:1411,695.62,19.05,2.55,5.52,0.0
20230305:1511,508.26,13.6,2.4,6.14,0.0
20230305:1611,224.48,7.0,2.15,6.0,0.0
20230305:1711,0.0,0.0,1.38,5.72,0.0
20230305:1811,0.0,0.0,0.57,5.24,0.0
20230305:1911,0.0,0.0,0.32,4.83,0.0
20230305:2011,0.0,0.0,-0.08,4.62,0.0
20230305:2111,0.0,0.0,-0.36,4.55,0.0
20230305:2211,0.0,0.0,-1.05,3.31,0.0
20230305:2311,0.0,0.0,-1.55,2.41,0.0
20230306:0011,0.0,0.0,-1.95,2.07,0.0
20230306:0111,0.0,0.0,-2.05,1.93,0.0
20230306:0211,0.0,0.0,-2.17,2.0,0.0
20230306:0311,0.0,0.0,-2.47,1.86,0.0
20230306:0411,0.0,0.0,-2.59,1.52,0.0
20230306:0511,0.0,0.0,-2.96,1.31,0.0
20230306:0611,0.0,0.0,-2.84,1.52,0.0
20230306:0711,27.16,5.48,-2.66,1.93,0.0
20230306:0811,182.01,12.33,-1.69,2.0,0.0
20230306:0911,194.75,18.14,-0.43,1.79,0.0
20230306:1011,198.73,22.46,0.52,2.41,0.0
20230306:1111,498.05,24.9,1.02,2.34,0.0
20230306:1211,313.79,25.18,1.67,1.79,0.0
20230306:1311,240.55,23.28,2.03,1.52,0.0
20230306:1411,318.22,19.4,2.05,1.72,0.0
20230306:1511,233.39,13.93,1.85,1.72,0.0
20230306:1611,258.94,7.31,1.5,1.52,0.0
20230306:1711,0.0,0.0,1.01,1.66,0.0
20230306:1811,0.0,0.0,0.4,2.14,0.0
20230306:1911,0.0,0.0,-0.02,2.48,0.0
20230306:2011,0.0,0.0,-0.37,2.9,0.0
20230306:2111,0.0,0.0,-0.61,2.97,0.0
20230306:2211,0.0,0.0,-0.96,2.97,0.0
20230306:2311,0.0,0.0,-1.25,2.9,0.0
20230307:0011,0.0,0.0,-1.67,3.03,0.0
20230307:0111,0.0,0.0,-1.98,2.9,0.0
20230307:0211,0.0,0.0,-2.32,2.69,0.0
20230307:0311,0.0,0.0,-2.46,2.62,0.0
20230307:0411,0.0,0.0,-2.69,2.9,0.0
20230307:0511,0.0,0.0,-2.96,3.03,0.0
20230307:0611,0.0,0.0,-3.25,2.97,0.0
20230307:0711,69.78,5.85,-3.46,2.62,0.0
20230307:0811,411.54,12.71,-2.63,2.34,0.0
20230307:0911,627.46,18.52,-1.22,2.21,0.0
20230307:1011,789.79,22.85,-0.32,2.9,0.0
20230307:1111,913.19,25.29,0.44,2.97,0.0
20230307:1211,959.91,25.57,0.85,2.69,0.0
20230307:1311,889.01,23.65,1.18,2.41,0.0
20230307:1411,741.76,19.75,1.28,2.41,0.0
20230307:1511,539.36,14.27,1.27,2.55,0.0
20230307:1611,264.79,7.63,1.03,2.62,0.0
20230307:1711,0.0,0.0,0.06,2.83,0.0
20230307:1811,0.0,0.0,-1.04,2.69,0.0
20230307:1911,0.0,0.0,-1.52,2.41,0.0
20230307:2011,0.0,0.0,-1.78,1.93,0.0
20230307:2111,0.0,0.0,-2.35,1.59,0.0
20230307:2211,0.0,0.0,-2.8,1.72,0.0
20230307:2311,0.0,0.0,-3.14,1.72,0.0
20230308:0011,0.0,0.0,-3.47,2.07,0.0
20230308:0111,0.0,0.0,-3.85,1.45,0.0
20230308:0211,0.0,0.0,-4.19,1.31,0.0
20230308:0311,0.0,0.0,-4.44,1.66,0.0
20230308:0411,0.0,0.0,-4.54,2.14,0.0
20230308:0511,0.0,0.0,-4.7,2.28,0.0
20230308:0611,0.0,0.0,-4.83,2.34,0.0
20230308:0711,31.52,6.22,-4.37,2.62,0.0
20230308:0811,416.52,13.09,-2.79,2.83,0.0
20230308:0911,446.41,18.91,-0.85,2.76,0.0
20230308:1011,648.69,23.25,0.13,3.79,0.0
20230308:1111,865.28,25.68,0.9,4.14,0.0
20230308:1211,67.27,25.95,1.37,4.69,0.0
20230308:1311,491.72,24.02,1.65,4.97,0.0
20230308:1411,127.49,20.1,1.87,5.24,0.0
20230308:1511,137.28,14.6,1.71,5.24,0.0
20230308:1611,20.63,7.94,1.68,4.69,0.0
20230308:1711,0.0,0.0,0.89,4.55,0.0
20230308:1811,0.0,0.0,0.36,3.79,0.0
20230308:1911,0.0,0.0,0.05,3.17,0.0
20230308:2011,0.0,0.0,-0.1,3.1,0.0
20230308:2111,0.0,0.0,-0.61,3.24,0.0
20230308:2211,0.0,0.0,-0.16,3.38,0.0
20230308:2311,0.0,0.0,-0.59,2.14,0.0
20230309:0011,0.0,0.0,-0.94,2.0,0.0
20230309:0111,0.0,0.0,-1.26,2.55,0.0
20230309:0211,0.0,0.0,-1.72,3.1,0.0
20230309:0311,0.0,0.0,-2.31,2.9,0.0
20230309:0411,0.0,0.0,-2.73,2.83,0.0
20230309:0511,0.0,0.0,-2.91,2.83,0.0
20230309:0611,0.0,0.0,-2.8,2.55,0.0
20230309:0711,137.56,6.59,-2.83,1.72,0.0
20230309:0811,397.91,13.47,-2.45,1.45,0.0
20230309:0911,602.93,19.3,-1.45,0.9,0.0
20230309:1011,693.59,23.64,-1.12,1.45,0.0
20230309:1111,291.07,26.08,-0.35,1.31,0.0
20230309:1211,155.5,26.34,-0.03,2.28,0.0
20230309:1311,71.76,24.39,-0.32,3.24,0.0
20230309:1411,52.92,20.45,-0.62,3.17,0.0
20230309:1511,434.69,14.93,-1.63,4.0,0.0
20230309:1611,91.68,8.26,-1.97,4.83,0.0
20230309:1711,0.0,0.0,-2.75,4.97,0.0
20230309:1811,0.0,0.0,-3.07,5.1,0.0
20230309:1911,0.0,0.0,-3.79,4.55,0.0
20230309:2011,0.0,0.0,-4.71,4.07,0.0
20230309:2111,0.0,0.0,-5.51,4.0,0.0
20230309:2211,0.0,0.0,-6.28,4.55,0.0
20230309:2311,0.0,0.0,-6.86,4.28,0.0
20230310:0011,0.0,0.0,-7.24,4.34,0.0
20230310:0111,0.0,0.0,-7.9,4.41,0.0
20230310:0211,0.0,0.0,-7.99,4.14,0.0
20230310:0311,0.0,0.0,-8.45,3.38,0.0
20230310:0411,0.0,0.0,-8.84,2.9,0.0
20230310:0511,0.0,0.0,-8.88,3.17,0.0
20230310:0611,0.0,0.0,-9.21,3.17,0.0
20230310:0711,135.87,6.97,-8.67,3.1,0.0
20230310:0811,364.07,13.85,-7.32,2.9,0.0
20230310:0911,419.08,19.69,-5.35,2.34,0.0
20230310:1011,647.25,24.04,-2.37,1.45,0.0
20230310:1111,777.42,26.47,-1.46,1.17,0.0
20230310:1211,730.95,26.73,-0.75,1.52,0.0
20230310:1311,595.66,24.76,-0.06,2.0,0.0
20230310:1411,386.24,20.81,0.06,2.48,0.0
20230310:1511,277.94,15.26,0.31,3.1,0.0
20230310:1611,115.65,8.57,0.24,2.9,0.0
20230310:1711,0.0,0.0,-0.35,3.38,0.0
20230310:1811,0.0,0.0,-0.91,2.76,0.0
20230310:1911,0.0,0.0,-1.25,1.86,0.0
20230310:2011,0.0,0.0,-1.46,1.1,0.0
20230310:2111,0.0,0.0,-1.73,0.55,0.0
20230310:2211,0.0,0.0,-1.63,1.72,0.0
20230310:2311,0.0,0.0,-1.87,1.86,0.0
20230311:0011,0.0,0.0,-1.94,2.48,0.0
20230311:0111,0.0,0.0,-1.72,3.17,0.0
20230311:0211,0.0,0.0,-1.46,3.86,0.0
20230311:0311,0.0,0.0,-1.63,3.86,0.0
20230311:0411,0.0,0.0,-1.38,3.66,0.0
20230311:0511,0.0,0.0,-1.48,4.34,0.0
20230311:0611,0.0,0.0,-1.44,4.9,0.0
20230311:0711,111.92,7.34,-1.42,5.24,0.0
20230311:0811,17.04,14.23,-1.03,5.45,0.0
20230311:0911,54.72,20.08,-0.31,5.38,0.0
20230311:1011,587.33,24.43,0.23,5.59,0.0
20230311:1111,608.42,26.87,0.63,6.0,0.0
20230311:1211,622.05,27.11,0.74,6.28,0.0
20230311:1311,43.06,25.13,0.58,6.48,0.0
20230311:1411,73.55,21.16,0.48,6.55,0.0
20230311:1511,459.02,15.59,0.41,7.52,0.0
20230311:1611,196.85,8.89,0.09,7.93,0.0
20230311:1711,0.0,0.0,-0.14,7.45,0.0
20230311:1811,0.0,0.0,-0.3,6.41,0.0
20230311:1911,0.0,0.0,-0.47,5.66,0.0
20230311:2011,0.0,0.0,-0.8,5.66,0.0
20230311:2111,0.0,0.0,-0.8,5.72,0.0
20230311:2211,0.0,0.0,-1.99,4.97,0.0
20230311:2311,0.0,0.0,-1.1,3.31,0.0
20230312:0011,0.0,0.0,-0.83,1.52,0.0
20230312:0111,0.0,0.0,-0.93,0.62,0.0
20230312:0211,0.0,0.0,-2.61,1.1,0.0
20230312:0311,0.0,0.0,-3.92,1.66,0.0
20230312:0411,0.0,0.0,-3.26,2.14,0.0
20230312:0511,0.0,0.0,-2.85,3.17,0.0
20230312:0611,0.0,0.0,-2.75,3.66,0.0
20230312:0711,17.04,7.72,-2.49,4.14,0.0
20230312:0811,56.51,14.61,-1.7,4.41,0.0
20230312:0911,110.47,20.47,-0.34,4.83,0.0
20230312:1011,281.93,24.83,0.95,5.79,0.0
20230312:1111,96.88,27.27,1.64,6.41,0.0
20230312:1211,75.35,27.5,1.81,7.24,0.0
20230312:1311,86.11,25.5,2.1,7.93,0.0
20230312:1411,37.67,21.51,2.16,8.14,0.0
20230312:1511,60.1,15.92,2.12,8.48,0.0
20230312:1611,18.84,9.2,2.31,9.17,0.0
20230312:1711,0.9,1.79,2.46,9.1,0.0
20230312:1811,0.0,0.0,2.57,9.24,0.0
20230312:1911,0.0,0.0,2.77,9.38,0.0
20230312:2011,0.0,0.0,2.93,9.03,0.0
20230312:2111,0.0,0.0,2.82,9.1,0.0
20230312:2211,0.0,0.0,3.14,8.76,0.0
20230312:2311,0.0,0.0,3.18,7.31,0.0
20230313:0011,0.0,0.0,3.25,6.62,0.0
20230313:0111,0.0,0.0,3.12,5.79,0.0
20230313:0211,0.0,0.0,2.96,5.86,0.0
20230313:0311,0.0,0.0,2.95,5.86,0.0
20230313:0411,0.0,0.0,3.12,5.79,0.0
20230313:0511,0.0,0.0,3.44,5.66,0.0
20230313:0611,0.0,0.0,3.68,5.72,0.0
20230313:0711,14.35,8.1,3.96,6.21,0.0
20230313:0811,31.39,15.0,4.23,6.14,0.0
20230313:0911,49.33,20.86,4.48,6.07,0.0
20230313:1011,75.35,25.23,4.48,5.86,0.0
20230313:1111,76.24,27.67,4.43,5.79,0.0
20230313:1211,35.88,27.89,4.26,5.93,0.0
20230313:1311,35.88,25.88,4.4,4.69,0.0
20230313:1411,39.47,21.86,4.97,2.07,0.0
20230313:1511,53.82,16.25,5.17,3.24,0.0
20230313:1611,19.73,9.52,4.65,4.62,0.0
20230313:1711,0.9,2.1,3.68,6.0,0.0
20230313:1811,0.0,0.0,2.8,7.03,0.0
20230313:1911,0.0,0.0,2.81,7.1,0.0
20230313:2011,0.0,0.0,2.91,7.1,0.0
20230313:2111,0.0,0.0,3.11,6.69,0.0
20230313:2211,0.0,0.0,3.33,7.66,0.0
20230313:2311,0.0,0.0,3.33,7.93,0.0
20230314:0011,0.0,0.0,3.03,8.62,0.0
20230314:0111,0.0,0.0,2.95,8.48,0.0
20230314:0211,0.0,0.0,2.64,8.28,0.0
20230314:0311,0.0,0.0,2.6,7.66,0.0
20230314:0411,0.0,0.0,2.73,7.52,0.0
20230314:0511,0.0,0.0,2.74,7.45,0.0
20230314:0611,0.0,0.0,2.51,7.45,0.0
20230314:0711,203.8,8.47,2.55,7.45,0.0
20230314:0811,435.07,15.38,2.7,7.66,0.0
20230314:0911,676.11,21.26,2.97,8.07,0.0
20230314:1011,849.92,25.63,3.7,8.69,0.0
20230314:1111,948.04,28.07,4.15,8.55,0.0
20230314:1211,732.0,28.28,4.37,8.62,0.0
20230314:1311,736.62,26.25,4.11,8.14,0.0
20230314:1411,476.07,22.21,3.37,8.34,0.0
20230314:1511,541.95,16.58,2.73,8.0,0.0
20230314:1611,152.39,9.83,2.47,7.45,0.0
20230314:1711,1.79,2.4,2.14,6.76,0.0
20230314:1811,0.0,0.0,2.02,6.55,0.0
20230314:1911,0.0,0.0,1.84,5.17,0.0
20230314:2011,0.0,0.0,1.48,4.69,0.0
20230314:2111,0.0,0.0,1.51,4.76,0.0
20230314:2211,0.0,0.0,0.68,5.03,0.0
20230314:2311,0.0,0.0,0.92,4.0,0.0
20230315:0011,0.0,0.0,1.17,3.79,0.0
20230315:0111,0.0,0.0,1.55,4.07,0.0
20230315:0211,0.0,0.0,1.63,3.93,0.0
20230315:0311,0.0,0.0,1.69,3.93,0.0
20230315:0411,0.0,0.0,1.22,3.59,0.0
20230315:0511,0.0,0.0,1.24,1.79,0.0
20230315:0611,0.0,0.0,1.26,0.55,0.0
20230315:0711,43.39,8.85,1.23,0.55,0.0
20230315:0811,298.46,15.77,1.93,0.41,0.0
20230315:0911,406.62,21.65,2.99,0.55,0.0
20230315:1011,684.85,26.03,3.4,1.03,0.0
20230315:1111,944.84,28.47,4.05,2.34,0.0
20230315:1211,958.41,28.67,4.48,2.97,0.0
20230315:1311,903.83,26.62,4.56,2.48,0.0
20230315:1411,758.83,22.56,4.37,2.21,0.0
20230315:1511,568.94,16.91,3.64,2.48,0.0
20230315:1611,304.27,10.14,3.94,2.69,0.0
20230315:1711,8.07,2.7,3.59,2.41,0.0
20230315:1811,0.0,0.0,3.0,1.31,0.0
20230315:1911,0.0,0.0,1.79,1.45,0.0
20230315:2011,0.0,0.0,-1.09,2.28,0.0
20230315:2111,0.0,0.0,-2.94,2.69,0.0
20230315:2211,0.0,0.0,0.27,3.1,0.0
20230315:2311,0.0,0.0,0.37,4.0,0.0
20230316:0011,0.0,0.0,0.0,4.97,0.0
20230316:0111,0.0,0.0,0.41,5.38,0.0
20230316:0211,0.0,0.0,0.73,5.72,0.0
20230316:0311,0.0,0.0,0.97,6.21,0.0
20230316:0411,0.0,0.0,1.51,6.83,0.0
20230316:0511,0.0,0.0,1.49,7.24,0.0
20230316:0611,0.9,1.72,1.91,7.79,0.0
20230316:0711,20.63,9.23,2.62,8.28,0.0
20230316:0811,81.07,16.16,3.22,8.97,0.0
20230316:0911,83.42,22.05,3.64,9.1,0.0
20230316:1011,73.55,26.43,3.87,9.72,0.0
20230316:1111,96.88,28.87,3.93,9.52,0.0
20230316:1211,84.32,29.06,4.18,10.9,0.0
20230316:1311,126.48,26.99,4.37,11.24,0.0
20230316:1411,95.98,22.91,4.19,12.07,0.0
20230316:1511,62.79,17.24,3.7,12.21,0.0
20230316:1611,24.22,10.46,3.45,12.48,0.0
20230316:1711,4.48,3.01,3.22,12.62,0.0
20230316:1811,0.0,0.0,3.31,12.83,0.0
20230316:1911,0.0,0.0,3.57,12.83,0.0
20230316:2011,0.0,0.0,3.71,12.55,0.0
20230316:2111,0.0,0.0,3.96,12.14,0.0
20230316:2211,0.0,0.0,4.12,11.24,0.0
20230316:2311,0.0,0.0,4.69,10.0,0.0
20230317:0011,0.0,0.0,5.04,9.45,0.0
20230317:0111,0.0,0.0,5.45,8.83,0.0
20230317:0211,0.0,0.0,5.71,8.55,0.0
20230317:0311,0.0,0.0,5.83,8.14,0.0
20230317:0411,0.0,0.0,5.9,7.79,0.0
20230317:0511,0.0,0.0,5.97,7.45,0.0
20230317:0611,2.69,2.09,6.0,7.1,0.0
20230317:0711,85.3,9.62,6.03,6.62,0.0
20230317:0811,87.63,16.55,6.2,6.41,0.0
20230317:0911,65.48,22.45,6.34,6.21,0.0
20230317:1011,40.36,26.83,6.68,6.41,0.0
20230317:1111,72.66,29.27,6.88,6.28,0.0
20230317:1211,48.44,29.45,7.22,6.21,0.0
20230317:1311,47.54,27.36,7.2,6.0,0.0
20230317:1411,68.17,23.26,7.15,5.79,0.0
20230317:1511,145.77,17.57,7.04,5.45,0.0
20230317:1611,51.07,10.77,6.89,4.97,0.0
20230317:1711,8.97,3.31,6.7,4.62,0.0
20230317:1811,0.0,0.0,6.54,4.14,0.0
20230317:1911,0.0,0.0,6.33,3.79,0.0
20230317:2011,0.0,0.0,6.16,3.45,0.0
20230317:2111,0.0,0.0,6.1,2.83,0.0
20230317:2211,0.0,0.0,5.83,2.28,0.0
20230317:2311,0.0,0.0,5.7,1.66,0.0
20230318:0011,0.0,0.0,5.52,1.1,0.0
20230318:0111,0.0,0.0,5.43,0.76,0.0
20230318:0211,0.0,0.0,5.32,0.34,0.0
20230318:0311,0.0,0.0,5.39,0.21,0.0
20230318:0411,0.0,0.0,5.24,0.48,0.0
20230318:0511,0.0,0.0,4.97,0.83,0.0
20230318:0611,3.59,2.47,4.48,1.1,0.0
20230318:0711,128.17,10.0,4.53,1.31,0.0
20230318:0811,271.92,16.94,4.91,1.17,0.0
20230318:0911,597.81,22.84,5.27,1.1,0.0
20230318:1011,575.54,27.24,5.7,0.34,0.0
20230318:1111,520.28,29.67,6.39,0.41,0.0
20230318:1211,662.87,29.84,6.95,0.83,0.0
20230318:1311,719.12,27.73,7.39,0.97,0.0
20230318:1411,451.17,23.61,7.73,1.38,0.0
20230318:1511,239.54,17.89,7.58,1.72,0.0
20230318:1611,119.11,11.08,7.15,1.52,0.0
20230318:1711,20.72,3.61,6.56,1.38,0.0
20230318:1811,0.0,0.0,5.99,1.72,0.0
20230318:1911,0.0,0.0,5.59,2.34,0.0
20230318:2011,0.0,0.0,5.32,3.03,0.0
20230318:2111,0.0,0.0,5.36,3.66,0.0
20230318:2211,0.0,0.0,5.73,4.07,0.0
20230318:2311,0.0,0.0,6.05,4.41,0.0
20230319:0011,0.0,0.0,5.99,4.48,0.0
20230319:0111,0.0,0.0,5.93,4.9,0.0
20230319:0211,0.0,0.0,5.8,5.17,0.0
20230319:0311,0.0,0.0,5.83,5.59,0.0
20230319:0411,0.0,0.0,5.94,6.0,0.0
20230319:0511,0.0,0.0,5.94,6.34,0.0
20230319:0611,3.59,2.85,5.79,6.34,0.0
20230319:0711,142.47,10.38,5.93,6.34,0.0
20230319:0811,187.64,17.33,6.29,6.41,0.0
20230319:0911,62.79,23.24,6.58,6.14,0.0
20230319:1011,46.64,27.64,6.71,6.07,0.0
20230319:1111,49.33,30.07,7.0,5.59,0.0
20230319:1211,72.66,30.23,7.25,5.59,0.0
20230319:1311,64.58,28.1,7.04,5.31,0.0
20230319:1411,34.09,23.95,7.16,4.97,0.0
20230319:1511,48.44,18.22,6.8,4.76,0.0
20230319:1611,51.82,11.39,6.47,4.48,0.0
20230319:1711,5.38,3.92,6.29,4.07,0.0
20230319:1811,0.0,0.0,6.1,3.86,0.0
20230319:1911,0.0,0.0,5.86,3.45,0.0
20230319:2011,0.0,0.0,5.66,3.1,0.0
20230319:2111,0.0,0.0,5.59,2.76,0.0
20230319:2211,0.0,0.0,5.66,1.66,0.0
20230319:2311,0.0,0.0,5.56,1.52,0.0
20230320:0011,0.0,0.0,5.42,2.28,0.0
20230320:0111,0.0,0.0,5.32,3.93,0.0
20230320:0211,0.0,0.0,5.02,4.76,0.0
20230320:0311,0.0,0.0,4.78,4.83,0.0
20230320:0411,0.0,0.0,4.6,4.0,0.0
20230320:0511,0.0,0.0,4.39,3.24,0.0
20230320:0611,9.87,3.23,4.41,2.97,0.0
20230320:0711,94.92,10.76,4.54,2.97,0.0
20230320:0811,92.8,17.72,4.76,3.17,0.0
20230320:0911,690.92,23.64,5.23,3.24,0.0
20230320:1011,827.62,28.04,5.92,3.59,0.0
20230320:1111,959.28,30.47,6.48,3.59,0.0
20230320:1211,562.74,30.62,6.65,3.93,0.0
20230320:1311,866.6,28.48,6.79,4.07,0.0
20230320:1411,714.97,24.3,6.9,4.21,0.0
20230320:1511,571.82,18.55,6.9,3.86,0.0
20230320:1611,235.76,11.7,6.65,3.72,0.0
20230320:1711,22.57,4.22,5.85,3.17,0.0
20230320:1811,0.0,0.0,4.81,2.97,0.0
20230320:1911,0.0,0.0,3.75,2.62,0.0
20230320:2011,0.0,0.0,4.01,1.93,0.0
20230320:2111,0.0,0.0,3.7,1.31,0.0
20230320:2211,0.0,0.0,2.78,2.14,0.0
20230320:2311,0.0,0.0,1.77,1.79,0.0
20230321:0011,0.0,0.0,1.46,1.79,0.0
20230321:0111,0.0,0.0,1.29,1.59,0.0
20230321:0211,0.0,0.0,1.46,2.0,0.0
20230321:0311,0.0,0.0,1.56,2.55,0.0
20230321:0411,0.0,0.0,1.83,3.03,0.0
20230321:0511,0.0,0.0,2.05,3.45,0.0
20230321:0611,3.59,3.61,2.46,3.66,0.0
20230321:0711,0.0,0.0,3.05,4.21,0.0
20230321:0811,0.0,0.0,3.74,4.69,0.0
20230321:0911,148.81,24.03,4.05,5.1,0.0
20230321:1011,103.15,28.44,4.72,5.1,0.0
20230321:1111,110.33,30.87,4.82,6.14,0.0
20230321:1211,66.38,31.01,4.77,6.83,0.0
20230321:1311,73.55,28.84,4.71,7.17,0.0
20230321:1411,119.73,24.65,4.88,7.31,0.0
20230321:1511,51.13,18.87,4.95,7.52,0.0
20230321:1611,25.12,12.01,5.06,7.59,0.0
20230321:1711,3.59,4.52,5.19,7.72,0.0
20230321:1811,0.0,0.0,5.17,7.59,0.0
20230321:1911,0.0,0.0,5.24,6.97,0.0
20230321:2011,0.0,0.0,5.25,6.55,0.0
20230321:2111,0.0,0.0,5.22,6.21,0.0
20230321:2211,0.0,0.0,5.52,6.34,0.0
20230321:2311,0.0,0.0,5.57,6.07,0.0
20230322:0011,0.0,0.0,5.66,6.07,0.0
20230322:0111,0.0,0.0,5.82,6.21,0.0
20230322:0211,0.0,0.0,5.93,6.34,0.0
20230322:0311,0.0,0.0,6.0,6.48,0.0
20230322:0411,0.0,0.0,6.02,6.62,0.0
20230322:0511,0.0,0.0,5.98,6.76,0.0
20230322:0611,2.69,3.99,6.1,6.9,0.0
20230322:0711,0.0,0.0,6.22,6.97,0.0
20230322:0811,43.06,18.49,6.35,7.24,0.0
20230322:0911,65.48,24.43,6.57,7.86,0.0
20230322:1011,75.35,28.85,6.67,8.76,0.0
20230322:1111,83.42,31.27,6.66,8.48,0.0
20230322:1211,83.42,31.4,6.67,8.07,0.0
20230322:1311,433.51,29.21,7.17,7.93,0.0
20230322:1411,328.42,24.99,7.47,7.59,0.0
20230322:1511,439.04,19.2,7.54,6.83,0.0
20230322:1611,286.07,12.32,7.47,7.38,0.0
20230322:1711,32.29,4.82,7.26,8.0,0.0
20230322:1811,0.0,0.0,7.19,8.69,0.0
20230322:1911,0.0,0.0,7.09,8.55,0.0
20230322:2011,0.0,0.0,7.03,7.86,0.0
20230322:2111,0.0,0.0,6.92,7.45,0.0
20230322:2211,0.0,0.0,6.86,7.17,0.0
20230322:2311,0.0,0.0,6.96,6.34,0.0
20230323:0011,0.0,0.0,6.92,6.14,0.0
20230323:0111,0.0,0.0,6.8,6.07,0.0
20230323:0211,0.0,0.0,6.41,5.45,0.0
20230323:0311,0.0,0.0,6.18,5.59,0.0
20230323:0411,0.0,0.0,5.65,6.07,0.0
20230323:0511,0.0,0.0,5.44,6.41,0.0
20230323:0611,3.59,4.36,5.58,6.41,0.0
20230323:0711,144.46,11.91,6.02,6.07,0.0
20230323:0811,273.21,18.88,6.45,6.21,0.0
20230323:0911,89.7,24.83,6.78,6.34,0.0
20230323:1011,104.95,29.25,6.63,6.48,0.0
20230323:1111,192.17,31.67,6.4,6.55,0.0
20230323:1211,132.75,31.79,6.76,7.03,0.0
20230323:1311,155.91,29.58,7.19,7.38,0.0
20230323:1411,69.07,25.34,7.24,7.17,0.0
20230323:1511,59.2,19.52,6.86,7.72,0.0
20230323:1611,55.61,12.63,6.64,6.97,0.0
20230323:1711,9.87,5.12,6.52,6.41,0.0
20230323:1811,0.0,0.0,6.24,5.86,0.0
20230323:1911,0.0,0.0,6.11,5.31,0.0
20230323:2011,0.0,0.0,5.87,4.83,0.0
20230323:2111,0.0,0.0,5.8,4.9,0.0
20230323:2211,0.0,0.0,6.12,5.31,0.0
20230323:2311,0.0,0.0,6.22,5.17,0.0
20230324:0011,0.0,0.0,6.22,5.24,0.0
20230324:0111,0.0,0.0,6.08,4.97,0.0
20230324:0211,0.0,0.0,5.93,4.76,0.0
20230324:0311,0.0,0.0,5.86,4.55,0.0
20230324:0411,0.0,0.0,5.45,4.0,0.0
20230324:0511,0.0,0.0,5.07,3.79,0.0
20230324:0611,4.48,4.74,4.94,3.52,0.0
20230324:0711,16.15,12.29,5.23,3.38,0.0
20230324:0811,78.94,19.27,6.03,2.83,0.0
20230324:0911,70.86,25.23,6.66,2.34,0.0
20230324:1011,92.39,29.65,6.39,1.38,0.0
20230324:1111,140.83,32.07,6.74,1.72,0.0
20230324:1211,140.83,32.18,6.67,2.62,0.0
20230324:1311,143.84,29.95,6.1,3.52,0.0
20230324:1411,69.97,25.68,5.9,3.38,0.0
20230324:1511,55.61,19.84,5.83,3.45,0.0
20230324:1611,22.42,12.93,5.74,3.24,0.0
20230324:1711,6.28,5.42,5.54,3.1,0.0
20230324:1811,0.0,0.0,5.46,2.97,0.0
20230324:1911,0.0,0.0,5.34,2.69,0.0
20230324:2011,0.0,0.0,5.23,2.62,0.0
20230324:2111,0.0,0.0,5.13,2.76,0.0
20230324:2211,0.0,0.0,4.9,2.9,0.0
20230324:2311,0.0,0.0,4.93,2.41,0.0
20230325:0011,0.0,0.0,4.9,1.72,0.0
20230325:0111,0.0,0.0,4.82,1.66,0.0
20230325:0211,0.0,0.0,4.7,1.72,0.0
20230325:0311,0.0,0.0,4.68,1.59,0.0
20230325:0411,0.0,0.0,4.65,1.17,0.0
20230325:0511,0.0,0.0,4.5,0.97,0.0
20230325:0611,12.56,5.12,4.53,0.62,0.0
20230325:0711,93.09,12.67,4.64,0.83,0.0
20230325:0811,168.52,19.66,4.88,1.24,0.0
20230325:0911,231.99,25.62,5.47,1.59,0.0
20230325:1011,365.93,30.05,5.94,2.62,0.0
20230325:1111,225.43,32.47,6.52,2.62,0.0
20230325:1211,122.89,32.56,6.38,2.28,0.0
20230325:1311,159.42,30.32,6.52,2.62,0.0
20230325:1411,114.81,26.02,6.18,3.03,0.0
20230325:1511,109.29,20.16,6.15,3.86,0.0
20230325:1611,108.74,13.24,5.54,4.41,0.0
20230325:1711,20.63,5.71,5.37,4.83,0.0
20230325:1811,0.0,0.0,5.0,5.31,0.0
20230325:1911,0.0,0.0,4.76,5.31,0.0
20230325:2011,0.0,0.0,4.24,5.17,0.0
20230325:2111,0.0,0.0,3.81,5.24,0.0
20230325:2211,0.0,0.0,3.74,5.79,0.0
20230325:2311,0.0,0.0,3.55,6.14,0.0
20230326:0011,0.0,0.0,3.28,6.21,0.0
20230326:0111,0.0,0.0,2.92,6.14,0.0
20230326:0211,0.0,0.0,2.69,6.21,0.0
20230326:0311,0.0,0.0,2.46,6.21,0.0
20230326:0411,0.0,0.0,2.03,6.41,0.0
20230326:0511,0.0,0.0,1.86,6.9,0.0
20230326:0611,35.48,5.5,1.53,7.17,0.0
20230326:0711,278.08,13.06,2.04,7.38,0.0
20230326:0811,529.7,20.05,2.8,7.31,0.0
20230326:0911,752.41,26.02,3.29,7.59,0.0
20230326:1011,922.34,30.45,3.72,7.17,0.0
20230326:1111,1020.27,32.87,4.13,7.52,0.0
20230326:1211,1032.08,32.95,4.15,7.45,0.0
20230326:1311,954.71,30.68,4.14,7.17,0.0
20230326:1411,790.35,26.37,4.09,7.03,0.0
20230326:1511,622.63,20.48,3.77,6.97,0.0
20230326:1611,367.52,13.54,3.42,7.03,0.0
20230326:1711,69.52,6.01,2.92,6.69,0.0
20230326:1811,0.0,0.0,2.13,6.41,0.0
20230326:1911,0.0,0.0,1.54,6.07,0.0
20230326:2011,0.0,0.0,1.09,6.0,0.0
20230326:2111,0.0,0.0,0.95,5.86,0.0
20230326:2211,0.0,0.0,0.64,4.41,0.0
20230326:2311,0.0,0.0,0.6,4.62,0.0
20230327:0011,0.0,0.0,0.45,4.28,0.0
20230327:0111,0.0,0.0,0.25,4.21,0.0
20230327:0211,0.0,0.0,-0.17,4.48,0.0
20230327:0311,0.0,0.0,0.06,5.66,0.0
20230327:0411,0.0,0.0,0.34,6.07,0.0
20230327:0511,0.0,0.0,0.59,5.72,0.0
20230327:0611,5.38,5.88,0.69,6.14,0.0
20230327:0711,33.19,13.44,0.72,6.9,0.0
20230327:0811,128.48,20.44,1.19,7.1,0.0
20230327:0911,451.57,26.41,2.11,7.38,0.0
20230327:1011,713.68,30.85,3.12,6.21,0.0
20230327:1111,992.54,33.27,3.57,5.93,0.0
20230327:1211,1001.52,33.33,4.13,5.86,0.0
20230327:1311,924.19,31.05,4.64,6.76,0.0
20230327:1411,825.13,26.71,4.82,7.45,0.0
20230327:1511,603.4,20.8,4.56,7.66,0.0
20230327:1611,361.99,13.85,4.53,7.1,0.0
20230327:1711,119.3,6.31,4.04,6.07,0.0
20230327:1811,0.0,0.0,3.07,5.1,0.0
20230327:1911,0.0,0.0,2.23,5.1,0.0
20230327:2011,0.0,0.0,1.6,5.03,0.0
20230327:2111,0.0,0.0,1.26,4.14,0.0
20230327:2211,0.0,0.0,1.89,2.69,0.0
20230327:2311,0.0,0.0,1.75,1.52,0.0
20230328:0011,0.0,0.0,0.31,0.76,0.0
20230328:0111,0.0,0.0,0.07,0.97,0.0
20230328:0211,0.0,0.0,-0.07,1.45,0.0
20230328:0311,0.0,0.0,-0.11,1.72,0.0
20230328:0411,0.0,0.0,-0.1,2.34,0.0
20230328:0511,0.0,0.0,-0.32,3.17,0.0
20230328:0611,54.58,6.25,-0.11,4.21,0.0
20230328:0711,85.91,13.82,0.56,5.45,0.0
20230328:0811,119.31,20.82,1.84,6.14,0.0
20230328:0911,131.05,26.81,2.77,6.76,0.0
20230328:1011,121.09,31.25,3.11,6.97,0.0
20230328:1111,306.7,33.66,3.86,7.24,0.0
20230328:1211,177.2,33.72,4.27,7.72,0.0
20230328:1311,68.17,31.41,3.73,7.45,0.0
20230328:1411,70.86,27.05,3.48,7.24,0.0
20230328:1511,45.75,21.12,3.14,6.28,0.0
20230328:1611,36.78,14.15,3.4,4.83,0.0
20230328:1711,8.97,6.6,3.68,3.31,0.0
20230328:1811,0.0,0.0,3.62,1.86,0.0
20230328:1911,0.0,0.0,3.63,1.45,0.0
20230328:2011,0.0,0.0,3.52,1.38,0.0
20230328:2111,0.0,0.0,3.26,1.52,0.0
20230328:2211,0.0,0.0,2.72,2.14,0.0
20230328:2311,0.0,0.0,2.82,2.07,0.0
20230329:0011,0.0,0.0,2.94,2.28,0.0
20230329:0111,0.0,0.0,2.78,2.34,0.0
20230329:0211,0.0,0.0,2.66,2.28,0.0
20230329:0311,0.0,0.0,2.43,2.21,0.0
20230329:0411,0.0,0.0,2.28,2.14,0.0
20230329:0511,0.0,0.0,2.09,1.86,0.0
20230329:0611,56.67,6.63,2.14,1.79,0.0
20230329:0711,126.05,14.2,1.8,1.79,0.0
20230329:0811,213.07,21.21,3.75,1.72,0.0
20230329:0911,329.25,27.2,4.81,1.72,0.0
20230329:1011,203.33,31.65,5.65,2.28,0.0
20230329:1111,137.24,34.06,6.05,2.83,0.0
20230329:1211,102.26,34.1,6.29,3.79,0.0
20230329:1311,164.63,31.77,6.15,4.41,0.0
20230329:1411,78.04,27.38,6.32,4.41,0.0
20230329:1511,85.21,21.44,6.02,4.69,0.0
20230329:1611,84.15,14.45,5.68,4.9,0.0
20230329:1711,46.37,6.9,5.33,5.38,0.0
20230329:1811,0.0,0.0,4.92,5.72,0.0
20230329:1911,0.0,0.0,4.51,5.93,0.0
20230329:2011,0.0,0.0,4.05,6.28,0.0
20230329:2111,0.0,0.0,3.63,6.69,0.0
20230329:2211,0.0,0.0,3.18,7.1,0.0
20230329:2311,0.0,0.0,3.05,7.03,0.0
20230330:0011,0.0,0.0,2.96,7.45,0.0
20230330:0111,0.0,0.0,2.94,7.93,0.0
20230330:0211,0.0,0.0,2.88,7.93,0.0
20230330:0311,0.0,0.0,2.73,8.07,0.0
20230330:0411,0.0,0.0,2.64,8.48,0.0
20230330:0511,0.0,0.0,2.53,8.83,0.0
20230330:0611,13.45,7.0,2.53,8.97,0.0
20230330:0711,70.56,14.57,2.67,9.03,0.0
20230330:0811,84.32,21.59,2.92,8.62,0.0
20230330:0911,113.92,27.59,3.22,8.0,0.0
20230330:1011,85.21,32.05,3.59,6.69,0.0
20230330:1111,192.72,34.45,3.98,5.66,0.0
20230330:1211,145.31,34.48,4.29,4.34,0.0
20230330:1311,92.39,32.13,4.54,2.83,0.0
20230330:1411,51.13,27.72,4.72,2.48,0.0
20230330:1511,54.72,21.75,4.7,2.14,0.0
20230330:1611,46.64,14.75,4.52,1.72,0.0
20230330:1711,40.45,7.19,4.44,1.72,0.0
20230330:1811,0.0,0.0,4.26,1.72,0.0
20230330:1911,0.0,0.0,3.98,1.59,0.0
20230330:2011,0.0,0.0,3.76,1.59,0.0
20230330:2111,0.0,0.0,3.77,1.52,0.0
20230330:2211,0.0,0.0,3.04,1.17,0.0
20230330:2311,0.0,0.0,2.98,1.66,0.0
20230331:0011,0.0,0.0,2.9,1.52,0.0
20230331:0111,0.0,0.0,2.86,1.38,0.0
20230331:0211,0.0,0.0,2.84,1.17,0.0
20230331:0311,0.0,0.0,2.92,1.1,0.0
20230331:0411,0.0,0.0,2.96,1.24,0.0
20230331:0511,0.0,0.0,3.02,1.52,0.0
20230331:0611,7.18,7.38,3.17,1.45,0.0
20230331:0711,47.54,14.95,3.45,1.66,0.0
20230331:0811,130.65,21.98,3.77,1.93,0.0
20230331:0911,342.34,27.98,4.56,2.28,0.0
20230331:1011,372.69,32.44,5.72,2.0,0.0
20230331:1111,209.24,34.85,6.09,2.14,0.0
20230331:1211,217.08,34.86,6.48,2.62,0.0
20230331:1311,359.95,32.49,6.75,2.69,0.0
20230331:1411,310.9,28.06,6.8,2.69,0.0
20230331:1511,317.81,22.07,6.63,2.69,0.0
20230331:1611,133.01,15.05,6.31,2.76,0.0
20230331:1711,27.81,7.48,6.01,2.69,0.0
20230331:1811,0.0,0.0,5.47,2.07,0.0
20230331:1911,0.0,0.0,4.93,2.21,0.0
20230331:2011,0.0,0.0,4.45,2.55,0.0
20230331:2111,0.0,0.0,4.07,2.9,0.0
20230331:2211,0.0,0.0,3.94,2.41,0.0
20230331:2311,0.0,0.0,3.6,2.14,0.0
20230401:0011,0.0,0.0,3.22,2.41,0.0
20230401:0111,0.0,0.0,2.75,2.62,0.0
20230401:0211,0.0,0.0,2.34,2.76,0.0
20230401:0311,0.0,0.0,1.86,2.69,0.0
20230401:0411,0.0,0.0,1.52,2.62,0.0
20230401:0511,0.0,0.0,1.2,2.48,0.0
20230401:0611,76.81,7.75,1.2,2.14,0.0
20230401:0711,292.65,15.33,2.31,2.41,0.0
20230401:0811,548.28,22.36,3.66,2.41,0.0
20230401:0911,758.1,28.37,4.67,2.48,0.0
20230401:1011,922.05,32.84,5.6,1.79,0.0
20230401:1111,1008.54,35.24,6.36,1.93,0.0
20230401:1211,1028.81,35.24,6.97,2.28,0.0
20230401:1311,968.5,32.85,7.3,2.34,0.0
20230401:1411,829.48,28.39,7.53,2.62,0.0
20230401:1511,623.28,22.38,7.6,3.03,0.0
20230401:1611,377.07,15.35,7.22,3.59,0.0
20230401:1711,135.61,7.77,6.57,3.79,0.0
20230401:1811,0.0,0.0,5.05,4.28,0.0
20230401:1911,0.0,0.0,3.96,4.07,0.0
20230401:2011,0.0,0.0,2.8,3.17,0.0
20230401:2111,0.0,0.0,1.99,2.28,0.0
20230401:2211,0.0,0.0,1.8,1.59,0.0
20230401:2311,0.0,0.0,1.27,1.17,0.0
20230402:0011,0.0,0.0,0.85,1.17,0.0
20230402:0111,0.0,0.0,0.67,1.38,0.0
20230402:0211,0.0,0.0,0.6,1.72,0.0
20230402:0311,0.0,0.0,0.38,1.72,0.0
20230402:0411,0.0,0.0,0.25,1.66,0.0
20230402:0511,0.0,0.0,0.22,1.52,0.0
20230402:0611,79.61,8.12,0.5,1.38,0.0
20230402:0711,289.37,15.7,2.24,1.45,0.0
20230402:0811,528.79,22.74,3.93,1.38,0.0
20230402:0911,678.01,28.76,4.78,1.31,0.0
20230402:1011,472.84,33.23,5.92,1.31,0.0
20230402:1111,345.99,35.63,6.49,1.52,0.0
20230402:1211,332.35,35.62,6.8,2.07,0.0
20230402:1311,292.64,33.2,7.02,2.55,0.0
20230402:1411,174.12,28.72,7.02,2.69,0.0
20230402:1511,220.91,22.69,6.73,2.62,0.0
20230402:1611,173.98,15.65,6.46,2.41,0.0
20230402:1711,57.34,8.06,6.21,1.79,0.0
20230402:1811,0.0,0.0,5.03,1.24,0.0
20230402:1911,0.0,0.0,5.1,0.21,0.0
20230402:2011,0.0,0.0,3.43,0.48,0.0
20230402:2111,0.0,0.0,3.0,1.03,0.0
20230402:2211,0.0,0.0,2.88,1.38,0.0
20230402:2311,0.0,0.0,2.63,1.31,0.0
20230403:0011,0.0,0.0,2.3,1.38,0.0
20230403:0111,0.0,0.0,2.21,1.59,0.0
20230403:0211,0.0,0.0,2.08,1.52,0.0
20230403:0311,0.0,0.0,1.72,1.38,0.0
20230403:0411,0.0,0.0,1.53,1.31,0.0
20230403:0511,0.0,0.0,1.61,1.59,0.0
20230403:0611,50.05,8.49,1.94,1.79,0.0
20230403:0711,202.17,16.07,3.01,2.14,0.0
20230403:0811,510.75,23.12,4.34,2.0,0.0
20230403:0911,712.67,29.15,4.95,1.79,0.0
20230403:1011,741.69,33.62,5.84,2.14,0.0
20230403:1111,660.6,36.02,6.07,2.48,0.0
20230403:1211,761.53,36.0,6.36,2.69,0.0
20230403:1311,859.98,33.56,6.49,2.62,0.0
20230403:1411,620.18,29.05,6.38,2.28,0.0
20230403:1511,573.54,23.0,6.23,2.0,0.0
20230403:1611,338.6,15.94,6.05,1.72,0.0
20230403:1711,103.48,8.35,5.85,1.24,0.0
20230403:1811,0.0,0.0,4.74,1.1,0.0
20230403:1911,0.0,0.0,4.63,0.97,0.0
20230403:2011,0.0,0.0,3.86,1.17,0.0
20230403:2111,0.0,0.0,3.01,1.66,0.0
20230403:2211,0.0,0.0,2.12,1.79,0.0
20230403:2311,0.0,0.0,1.62,1.66,0.0
20230404:0011,0.0,0.0,1.34,1.45,0.0
20230404:0111,0.0,0.0,1.12,1.38,0.0
20230404:0211,0.0,0.0,0.86,1.45,0.0
20230404:0311,0.0,0.0,0.84,1.66,0.0
20230404:0411,0.0,0.0,0.71,1.86,0.0
20230404:0511,0.0,0.0,0.63,1.93,0.0
20230404:0611,85.6,8.86,1.2,1.93,0.0
20230404:0711,291.72,16.44,2.79,1.86,0.0
20230404:0811,532.77,23.49,3.99,1.52,0.0
20230404:0911,730.63,29.53,5.26,1.59,0.0
20230404:1011,885.11,34.01,6.1,2.07,0.0
20230404:1111,959.79,36.41,6.75,2.14,0.0
20230404:1211,978.8,36.37,7.11,2.41,0.0
20230404:1311,926.5,33.91,7.43,2.83,0.0
20230404:1411,783.42,29.38,7.57,3.31,0.0
20230404:1511,566.1,23.31,7.22,3.59,0.0
20230404:1611,157.26,16.23,6.5,3.17,0.0
20230404:1711,67.29,8.64,5.81,2.69,0.0
20230404:1811,0.0,0.0,4.83,2.28,0.0
20230404:1911,0.0,0.0,3.25,2.62,0.0
20230404:2011,0.0,0.0,2.67,2.69,0.0
20230404:2111,0.0,0.0,1.98,2.48,0.0
20230404:2211,0.0,0.0,1.68,2.97,0.0
20230404:2311,0.0,0.0,1.47,3.24,0.0
20230405:0011,0.0,0.0,1.44,3.24,0.0
20230405:0111,0.0,0.0,1.46,3.52,0.0
20230405:0211,0.0,0.0,1.44,3.93,0.0
20230405:0311,0.0,0.0,1.33,4.21,0.0
20230405:0411,0.0,0.0,1.16,4.28,0.0
20230405:0511,0.0,0.0,1.27,4.21,0.0
20230405:0611,82.69,9.22,1.65,4.28,0.0
20230405:0711,272.97,16.81,2.88,4.48,0.0
20230405:0811,521.55,23.87,4.73,4.97,0.0
20230405:0911,716.99,29.91,5.93,6.07,0.0
20230405:1011,873.38,34.4,7.11,5.86,0.0
20230405:1111,972.83,36.79,7.72,5.93,0.0
20230405:1211,990.44,36.74,8.09,5.86,0.0
20230405:1311,931.53,34.26,8.34,5.72,0.0
20230405:1411,787.41,29.71,8.36,5.79,0.0
20230405:1511,588.79,23.61,7.87,5.52,0.0
20230405:1611,360.31,16.53,7.46,4.9,0.0
20230405:1711,137.74,8.93,6.75,4.28,0.0
20230405:1811,0.0,0.0,5.27,3.72,0.0
20230405:1911,0.0,0.0,3.87,3.52,0.0
20230405:2011,0.0,0.0,3.1,3.03,0.0
20230405:2111,0.0,0.0,2.36,2.83,0.0
20230405:2211,0.0,0.0,1.99,3.03,0.0
20230405:2311,0.0,0.0,1.79,2.97,0.0
20230406:0011,0.0,0.0,1.76,2.97,0.0
20230406:0111,0.0,0.0,1.66,3.03,0.0
20230406:0211,0.0,0.0,1.53,3.03,0.0
20230406:0311,0.0,0.0,1.63,3.1,0.0
20230406:0411,0.0,0.0,2.04,3.59,0.0
20230406:0511,0.83,1.89,2.5,4.41,0.0
20230406:0611,67.98,9.58,2.95,5.52,0.0
20230406:0711,100.52,17.18,3.37,6.14,0.0
20230406:0811,132.19,24.24,3.72,6.69,0.0
20230406:0911,129.17,30.29,3.97,6.97,0.0
20230406:1011,121.99,34.79,4.81,6.69,0.0
20230406:1111,154.28,37.18,5.32,5.93,0.0
20230406:1211,156.97,37.12,5.72,5.45,0.0
20230406:1311,135.45,34.61,6.21,5.1,0.0
20230406:1411,140.0,30.03,6.25,5.31,0.0
20230406:1511,139.33,23.92,5.93,5.52,0.0
20230406:1611,279.99,16.82,5.73,5.38,0.0
20230406:1711,120.91,9.21,5.56,4.9,0.0
20230406:1811,0.0,0.0,5.02,4.28,0.0
20230406:1911,0.0,0.0,4.42,4.28,0.0
20230406:2011,0.0,0.0,4.02,4.76,0.0
20230406:2111,0.0,0.0,3.48,5.1,0.0
20230406:2211,0.0,0.0,3.14,4.9,0.0
20230406:2311,0.0,0.0,2.94,5.1,0.0
20230407:0011,0.0,0.0,2.85,5.31,0.0
20230407:0111,0.0,0.0,2.96,5.31,0.0
20230407:0211,0.0,0.0,3.15,5.24,0.0
20230407:0311,0.0,0.0,3.27,5.24,0.0
20230407:0411,0.0,0.0,3.37,5.24,0.0
20230407:0511,0.83,2.25,3.44,5.38,0.0
20230407:0611,49.81,9.95,3.93,5.52,0.0
20230407:0711,185.51,17.54,4.91,5.38,0.0
20230407:0811,243.12,24.61,5.77,5.79,0.0
20230407:0911,664.89,30.67,6.81,5.66,0.0
20230407:1011,839.01,35.17,7.64,4.69,0.0
20230407:1111,943.95,37.56,8.01,4.55,0.0
20230407:1211,975.22,37.48,8.43,4.0,0.0
20230407:1311,850.6,34.96,8.4,3.38,0.0
20230407:1411,684.33,30.36,8.33,2.69,0.0
20230407:1511,545.38,24.22,8.24,2.21,0.0
20230407:1611,374.68,17.11,7.95,1.66,0.0
20230407:1711,149.34,9.5,7.5,1.17,0.0
20230407:1811,2.48,1.8,6.14,0.76,0.0
20230407:1911,0.0,0.0,4.58,0.21,0.0
20230407:2011,0.0,0.0,4.14,0.21,0.0
20230407:2111,0.0,0.0,3.5,0.55,0.0
20230407:2211,0.0,0.0,2.8,1.1,0.0
20230407:2311,0.0,0.0,2.25,1.52,0.0
20230408:0011,0.0,0.0,1.84,1.86,0.0
20230408:0111,0.0,0.0,1.73,2.14,0.0
20230408:0211,0.0,0.0,1.5,2.21,0.0
20230408:0311,0.0,0.0,1.14,2.48,0.0
20230408:0411,0.0,0.0,1.1,2.76,0.0
20230408:0511,4.14,2.61,0.92,2.97,0.0
20230408:0611,87.53,10.31,1.59,3.1,0.0
20230408:0711,149.42,17.9,2.93,2.97,0.0
20230408:0811,203.2,24.98,4.7,2.48,0.0
20230408:0911,479.32,31.05,6.54,2.14,0.0
20230408:1011,514.67,35.55,8.18,2.34,0.0
20230408:1111,631.55,37.94,8.93,2.34,0.0
20230408:1211,750.96,37.85,9.47,2.07,0.0
20230408:1311,793.42,35.31,9.86,1.86,0.0
20230408:1411,753.2,30.68,9.96,1.66,0.0
20230408:1511,591.64,24.52,9.83,1.31,0.0
20230408:1611,340.65,17.4,9.36,1.17,0.0
20230408:1711,139.19,9.78,8.53,1.1,0.0
20230408:1811,0.83,2.09,7.38,0.41,0.0
20230408:1911,0.0,0.0,6.74,0.21,0.0
20230408:2011,0.0,0.0,6.28,0.69,0.0
20230408:2111,0.0,0.0,5.8,0.9,0.0
20230408:2211,0.0,0.0,5.92,0.9,0.0
20230408:2311,0.0,0.0,5.59,1.86,0.0
20230409:0011,0.0,0.0,5.33,2.34,0.0
20230409:0111,0.0,0.0,5.29,2.41,0.0
20230409:0211,0.0,0.0,5.18,2.62,0.0
20230409:0311,0.0,0.0,4.86,3.03,0.0
20230409:0411,0.0,0.0,5.02,3.03,0.0
20230409:0511,1.66,2.97,5.28,3.24,0.0
20230409:0611,20.63,10.66,5.91,3.31,0.0
20230409:0711,48.44,18.26,6.64,3.31,0.0
20230409:0811,86.11,25.35,7.13,3.52,0.0
20230409:0911,93.29,31.42,7.81,3.66,0.0
20230409:1011,82.52,35.93,8.05,3.93,0.0
20230409:1111,78.94,38.32,7.71,4.34,0.0
20230409:1211,81.63,38.22,8.15,4.55,0.0
20230409:1311,122.89,35.65,7.85,4.48,0.0
20230409:1411,295.92,31.0,7.81,4.48,0.0
20230409:1511,130.95,24.82,7.83,4.48,0.0
20230409:1611,86.87,17.68,7.82,4.97,0.0
20230409:1711,59.52,10.06,7.74,5.17,0.0
20230409:1811,0.83,2.37,7.34,5.38,0.0
20230409:1911,0.0,0.0,6.86,5.59,0.0
20230409:2011,0.0,0.0,6.66,5.72,0.0
20230409:2111,0.0,0.0,6.67,5.93,0.0
20230409:2211,0.0,0.0,6.57,5.93,0.0
20230409:2311,0.0,0.0,6.65,6.21,0.0
20230410:0011,0.0,0.0,6.76,6.69,0.0
20230410:0111,0.0,0.0,6.87,7.17,0.0
20230410:0211,0.0,0.0,7.09,7.24,0.0
20230410:0311,0.0,0.0,7.12,7.38,0.0
20230410:0411,0.0,0.0,7.21,7.79,0.0
20230410:0511,2.48,3.32,7.08,8.21,0.0
20230410:0611,14.35,11.02,7.07,8.62,0.0
20230410:0711,69.07,18.62,7.19,8.9,0.0
20230410:0811,166.57,25.71,7.3,8.9,0.0
20230410:0911,201.01,31.8,7.79,8.69,0.0
20230410:1011,400.04,36.31,7.97,9.1,0.0
20230410:1111,431.86,38.69,8.22,9.31,0.0
20230410:1211,348.01,38.58,8.29,9.86,0.0
20230410:1311,341.71,35.99,8.16,9.72,0.0
20230410:1411,211.62,31.32,8.15,9.52,0.0
20230410:1511,116.56,25.12,8.28,9.17,0.0
20230410:1611,66.38,17.97,8.21,9.45,0.0
20230410:1711,37.67,10.34,8.2,8.9,0.0
20230410:1811,1.66,2.66,8.4,8.76,0.0
20230410:1911,0.0,0.0,8.23,8.62,0.0
20230410:2011,0.0,0.0,7.95,8.76,0.0
20230410:2111,0.0,0.0,7.91,8.69,0.0
20230410:2211,0.0,0.0,7.95,8.83,0.0
20230410:2311,0.0,0.0,7.84,8.97,0.0
20230411:0011,0.0,0.0,7.73,9.1,0.0
20230411:0111,0.0,0.0,7.69,9.45,0.0
20230411:0211,0.0,0.0,7.62,8.83,0.0
20230411:0311,0.0,0.0,7.44,7.79,0.0
20230411:0411,0.0,0.0,7.38,6.9,0.0
20230411:0511,11.59,3.67,7.38,6.21,0.0
20230411:0611,43.95,11.37,7.55,6.0,0.0
20230411:0711,87.36,18.97,7.8,6.0,0.0
20230411:0811,145.15,26.07,7.88,6.07,0.0
20230411:0911,93.29,32.16,7.84,7.03,0.0
20230411:1011,200.76,36.68,7.74,5.86,0.0
20230411:1111,218.04,39.06,7.19,5.03,0.0
20230411:1211,196.49,38.94,6.88,4.41,0.0
20230411:1311,242.24,36.33,6.74,3.93,0.0
20230411:1411,113.02,31.63,6.63,3.38,0.0
20230411:1511,113.02,25.42,6.7,3.03,0.0
20230411:1611,47.54,18.25,6.67,2.9,0.0
20230411:1711,17.94,10.62,6.44,2.69,0.0
20230411:1811,1.66,2.94,6.26,2.41,0.0
20230411:1911,0.0,0.0,5.96,2.21,0.0
20230411:2011,0.0,0.0,5.81,2.48,0.0
20230411:2111,0.0,0.0,5.69,2.9,0.0
20230411:2211,0.0,0.0,5.52,3.31,0.0
20230411:2311,0.0,0.0,5.5,3.93,0.0
20230412:0011,0.0,0.0,5.41,4.69,0.0
20230412:0111,0.0,0.0,5.64,5.31,0.0
20230412:0211,0.0,0.0,5.7,5.93,0.0
20230412:0311,0.0,0.0,5.69,6.41,0.0
20230412:0411,0.0,0.0,5.42,7.03,0.0
20230412:0511,2.48,4.02,5.24,6.62,0.0
20230412:0611,87.22,11.72,5.47,7.52,0.0
20230412:0711,91.84,19.33,6.05,9.38,0.0
20230412:0811,152.92,26.43,6.73,9.52,0.0
20230412:0911,207.97,32.53,7.15,9.86,0.0
20230412:1011,396.15,37.06,6.95,8.76,0.0
20230412:1111,393.91,39.43,7.08,9.31,0.0
20230412:1211,348.4,39.3,7.0,8.83,0.0
20230412:1311,310.76,36.67,7.35,8.62,0.0
20230412:1411,192.98,31.95,7.6,8.14,0.0
20230412:1511,216.08,25.71,7.49,7.66,0.0
20230412:1611,117.12,18.53,7.28,7.52,0.0
20230412:1711,72.64,10.89,6.95,8.14,0.0
20230412:1811,2.48,3.22,6.72,7.93,0.0
20230412:1911,0.0,0.0,6.56,7.45,0.0
20230412:2011,0.0,0.0,6.61,6.97,0.0
20230412:2111,0.0,0.0,6.79,6.55,0.0
20230412:2211,0.0,0.0,6.85,4.9,0.0
20230412:2311,0.0,0.0,6.89,4.21,0.0
20230413:0011,0.0,0.0,6.86,3.79,0.0
20230413:0111,0.0,0.0,6.72,3.1,0.0
20230413:0211,0.0,0.0,6.54,2.21,0.0
20230413:0311,0.0,0.0,6.23,2.34,0.0
20230413:0411,0.0,0.0,6.22,2.76,0.0
20230413:0511,15.72,4.37,6.35,2.9,0.0
20230413:0611,32.29,12.06,6.69,2.48,0.0
20230413:0711,54.72,19.67,7.02,1.93,0.0
20230413:0811,90.6,26.78,7.6,1.45,0.0
20230413:0911,80.73,32.89,7.96,1.79,0.0
20230413:1011,92.39,37.43,8.24,1.59,0.0
20230413:1111,63.69,39.8,8.2,4.0,0.0
20230413:1211,181.17,39.65,7.85,4.83,0.0
20230413:1311,635.47,37.0,8.01,5.52,0.0
20230413:1411,787.28,32.26,8.45,6.0,0.0
20230413:1511,270.32,26.0,8.73,5.59,0.0
20230413:1611,150.78,18.81,8.64,4.21,0.0
20230413:1711,60.07,11.17,8.04,4.14,0.0
20230413:1811,3.31,3.49,7.32,4.41,0.0
20230413:1911,0.0,0.0,6.91,5.03,0.0
20230413:2011,0.0,0.0,6.89,5.52,0.0
20230413:2111,0.0,0.0,6.97,5.52,0.0
20230413:2211,0.0,0.0,6.94,6.07,0.0
20230413:2311,0.0,0.0,7.1,6.62,0.0
20230414:0011,0.0,0.0,7.17,7.1,0.0
20230414:0111,0.0,0.0,7.19,7.31,0.0
20230414:0211,0.0,0.0,7.26,7.52,0.0
20230414:0311,0.0,0.0,7.18,7.66,0.0
20230414:0411,0.0,0.0,7.2,7.79,0.0
20230414:0511,9.93,4.71,7.33,7.66,0.0
20230414:0611,30.5,12.4,7.44,7.72,0.0
20230414:0711,107.73,20.02,7.6,7.38,0.0
20230414:0811,164.18,27.14,7.87,8.34,0.0
20230414:0911,176.2,33.25,8.47,8.55,0.0
20230414:1011,160.56,37.79,8.41,6.97,0.0
20230414:1111,280.99,40.17,8.57,7.38,0.0
20230414:1211,367.58,40.01,8.91,7.1,0.0
20230414:1311,121.09,37.33,9.11,6.76,0.0
20230414:1411,52.92,32.57,9.46,6.14,0.0
20230414:1511,78.94,26.29,9.57,5.31,0.0
20230414:1611,138.95,19.09,9.28,4.55,0.0
20230414:1711,11.66,11.44,8.93,4.14,0.0
20230414:1811,2.48,3.77,8.52,3.79,0.0
20230414:1911,0.0,0.0,7.71,3.38,0.0
20230414:2011,0.0,0.0,7.15,3.03,0.0
20230414:2111,0.0,0.0,6.62,3.03,0.0
20230414:2211,0.0,0.0,5.78,2.28,0.0
20230414:2311,0.0,0.0,5.06,1.86,0.0
20230415:0011,0.0,0.0,4.43,1.38,0.0
20230415:0111,0.0,0.0,4.12,0.9,0.0
20230415:0211,0.0,0.0,3.95,0.76,0.0
20230415:0311,0.0,0.0,3.75,0.83,0.0
20230415:0411,0.0,0.0,3.69,1.17,0.0
20230415:0511,21.52,5.06,3.63,1.52,0.0
20230415:0611,88.47,12.74,4.42,2.21,0.0
20230415:0711,120.02,20.36,5.92,2.55,0.0
20230415:0811,104.95,27.49,6.98,2.9,0.0
20230415:0911,188.58,33.61,7.73,3.17,0.0
20230415:1011,334.17,38.16,8.05,3.17,0.0
20230415:1111,333.46,40.53,8.49,2.97,0.0
20230415:1211,193.71,40.36,8.9,2.76,0.0
20230415:1311,158.77,37.66,8.82,2.69,0.0
20230415:1411,97.77,32.87,8.53,2.55,0.0
20230415:1511,169.71,26.58,8.33,2.69,0.0
20230415:1611,302.09,19.37,8.21,2.62,0.0
20230415:1711,144.86,11.72,7.91,2.41,0.0
20230415:1811,10.76,4.05,7.56,2.21,0.0
20230415:1911,0.0,0.0,6.95,1.86,0.0
20230415:2011,0.0,0.0,6.54,1.59,0.0
20230415:2111,0.0,0.0,6.17,1.52,0.0
20230415:2211,0.0,0.0,5.78,1.24,0.0
20230415:2311,0.0,0.0,5.48,1.31,0.0
20230416:0011,0.0,0.0,5.18,1.24,0.0
20230416:0111,0.0,0.0,5.31,1.24,0.0
20230416:0211,0.0,0.0,5.27,1.17,0.0
20230416:0311,0.0,0.0,5.3,1.1,0.0
20230416:0411,0.0,0.0,5.15,1.1,0.0
20230416:0511,22.34,5.39,5.16,1.1,0.0
20230416:0611,132.88,13.08,5.63,1.17,0.0
20230416:0711,256.05,20.7,6.45,1.24,0.0
20230416:0811,384.4,27.83,7.3,1.38,0.0
20230416:0911,556.34,33.97,8.12,1.45,0.0
20230416:1011,521.61,38.52,8.47,1.17,0.0
20230416:1111,706.36,40.89,8.75,1.72,0.0
20230416:1211,362.45,40.7,8.56,2.55,0.0
20230416:1311,234.96,37.99,8.67,2.9,0.0
20230416:1411,209.59,33.18,8.4,3.03,0.0
20230416:1511,167.87,26.87,8.37,2.62,0.0
20230416:1611,179.98,19.64,8.28,1.93,0.0
20230416:1711,104.69,11.99,7.93,1.31,0.0
20230416:1811,9.1,4.32,7.41,0.62,0.0
20230416:1911,0.0,0.0,6.53,0.28,0.0
20230416:2011,0.0,0.0,6.7,0.28,0.0
20230416:2111,0.0,0.0,6.48,0.48,0.0
20230416:2211,0.0,0.0,6.2,0.28,0.0
20230416:2311,0.0,0.0,6.03,0.48,0.0
20230417:0011,0.0,0.0,5.19,0.76,0.0
20230417:0111,0.0,0.0,4.96,1.24,0.0
20230417:0211,0.0,0.0,4.56,1.72,0.0
20230417:0311,0.0,0.0,4.31,1.93,0.0
20230417:0411,0.0,0.0,4.29,2.0,0.0
20230417:0511,24.0,5.73,4.22,2.14,0.0
20230417:0611,133.69,13.41,5.08,2.14,0.0
20230417:0711,348.62,21.04,6.54,1.24,0.0
20230417:0811,580.72,28.17,8.06,0.41,0.0
20230417:0911,786.58,34.32,9.72,1.38,0.0
20230417:1011,936.32,38.87,10.33,1.24,0.0
20230417:1111,1012.62,41.25,10.6,1.72,0.0
20230417:1211,1020.24,41.05,10.77,2.34,0.0
20230417:1311,963.88,38.32,10.79,2.69,0.0
20230417:1411,786.86,33.48,11.03,3.03,0.0
20230417:1511,570.48,27.15,10.75,3.38,0.0
20230417:1611,384.78,19.91,10.65,3.38,0.0
20230417:1711,158.41,12.26,10.68,3.1,0.0
20230417:1811,14.9,4.59,10.09,2.83,0.0
20230417:1911,0.0,0.0,8.66,3.03,0.0
20230417:2011,0.0,0.0,7.91,2.97,0.0
20230417:2111,0.0,0.0,7.32,2.55,0.0
20230417:2211,0.0,0.0,6.75,2.14,0.0
20230417:2311,0.0,0.0,5.94,1.79,0.0
20230418:0011,0.0,0.0,5.32,1.86,0.0
20230418:0111,0.0,0.0,5.17,2.21,0.0
20230418:0211,0.0,0.0,4.72,2.62,0.0
20230418:0311,0.0,0.0,4.35,2.76,0.0
20230418:0411,0.0,0.0,4.23,2.76,0.0
20230418:0511,28.96,6.06,4.44,2.76,0.0
20230418:0611,125.37,13.74,5.35,2.76,0.0
20230418:0711,273.36,21.37,6.94,2.21,0.0
20230418:0811,580.34,28.51,8.92,1.66,0.0
20230418:0911,748.76,34.66,10.64,1.31,0.0
20230418:1011,921.27,39.23,11.15,0.83,0.0
20230418:1111,976.39,41.6,11.68,1.45,0.0
20230418:1211,1002.62,41.39,11.98,1.93,0.0
20230418:1311,901.78,38.64,11.99,2.76,0.0
20230418:1411,757.7,33.78,12.13,3.24,0.0
20230418:1511,601.76,27.44,12.19,3.72,0.0
20230418:1611,339.31,20.18,12.12,4.21,0.0
20230418:1711,161.52,12.52,11.89,4.28,0.0
20230418:1811,18.21,4.86,11.2,4.0,0.0
20230418:1911,0.0,0.0,9.69,3.86,0.0
20230418:2011,0.0,0.0,8.76,3.38,0.0
20230418:2111,0.0,0.0,7.77,2.76,0.0
20230418:2211,0.0,0.0,6.66,3.03,0.0
20230418:2311,0.0,0.0,6.0,2.9,0.0
20230419:0011,0.0,0.0,5.5,2.76,0.0
20230419:0111,0.0,0.0,5.01,2.76,0.0
20230419:0211,0.0,0.0,4.64,2.69,0.0
20230419:0311,0.0,0.0,4.41,2.62,0.0
20230419:0411,0.0,0.0,4.42,2.55,0.0
20230419:0511,28.14,6.39,4.67,2.55,0.0
20230419:0611,142.43,14.07,5.89,2.48,0.0
20230419:0711,368.13,21.7,7.67,2.07,0.0
20230419:0811,597.22,28.85,10.03,1.31,0.0
20230419:0911,803.65,35.01,11.2,1.38,0.0
20230419:1011,945.36,39.58,12.11,1.86,0.0
20230419:1111,1034.1,41.95,12.68,2.76,0.0
20230419:1211,1040.59,41.73,12.86,3.38,0.0
20230419:1311,971.28,38.96,13.17,4.07,0.0
20230419:1411,833.76,34.08,13.3,4.69,0.0
20230419:1511,637.4,27.72,13.39,5.17,0.0
20230419:1611,407.6,20.45,13.17,5.59,0.0
20230419:1711,176.97,12.79,12.53,5.59,0.0
20230419:1811,21.52,5.13,11.47,4.76,0.0
20230419:1911,0.0,0.0,9.71,4.28,0.0
20230419:2011,0.0,0.0,8.73,3.24,0.0
20230419:2111,0.0,0.0,7.87,2.28,0.0
20230419:2211,0.0,0.0,6.86,2.14,0.0
20230419:2311,0.0,0.0,6.29,2.28,0.0
20230420:0011,0.0,0.0,5.99,2.55,0.0
20230420:0111,0.0,0.0,5.78,2.55,0.0
20230420:0211,0.0,0.0,5.54,2.41,0.0
20230420:0311,0.0,0.0,5.42,2.34,0.0
20230420:0411,0.0,0.0,5.1,2.34,0.0
20230420:0511,28.96,6.71,5.19,2.41,0.0
20230420:0611,144.13,14.39,6.48,2.34,0.0
20230420:0711,367.4,22.02,8.21,1.86,0.0
20230420:0811,596.44,29.18,10.71,1.52,0.0
20230420:0911,797.57,35.35,11.54,1.93,0.0
20230420:1011,940.33,39.93,12.82,1.59,0.0
20230420:1111,1021.99,42.3,13.4,1.38,0.0
20230420:1211,1035.06,42.07,13.8,1.66,0.0
20230420:1311,965.73,39.27,14.11,2.21,0.0
20230420:1411,826.63,34.37,14.14,2.83,0.0
20230420:1511,636.11,27.99,13.87,3.38,0.0
20230420:1611,404.08,20.72,13.53,3.52,0.0
20230420:1711,172.51,13.05,12.62,3.24,0.0
20230420:1811,23.17,5.4,11.26,2.69,0.0
20230420:1911,0.0,0.0,10.12,2.28,0.0
20230420:2011,0.0,0.0,8.88,1.31,0.0
20230420:2111,0.0,0.0,7.03,0.55,0.0
20230420:2211,0.0,0.0,6.79,0.48,0.0
20230420:2311,0.0,0.0,6.35,0.69,0.0
20230421:0011,0.0,0.0,5.86,1.03,0.0
20230421:0111,0.0,0.0,5.54,1.31,0.0
20230421:0211,0.0,0.0,5.25,1.59,0.0
20230421:0311,0.0,0.0,4.91,1.66,0.0
20230421:0411,0.0,0.0,4.36,1.66,0.0
20230421:0511,29.79,7.03,4.49,1.66,0.0
20230421:0611,146.63,14.71,6.03,1.59,0.0
20230421:0711,370.05,22.34,8.26,1.03,0.0
20230421:0811,594.31,29.51,10.54,0.55,0.0
20230421:0911,791.61,35.68,11.49,1.1,0.0
20230421:1011,945.49,40.27,12.35,1.66,0.0
20230421:1111,1026.93,42.64,12.83,2.21,0.0
20230421:1211,1032.96,42.4,13.11,2.55,0.0
20230421:1311,963.84,39.59,13.2,2.97,0.0
20230421:1411,819.63,34.67,13.27,3.52,0.0
20230421:1511,641.63,28.27,13.12,4.0,0.0
20230421:1611,407.78,20.99,12.85,4.07,0.0
20230421:1711,175.21,13.31,12.66,3.86,0.0
20230421:1811,24.0,5.67,11.68,3.38,0.0
20230421:1911,0.0,0.0,9.94,3.38,0.0
20230421:2011,0.0,0.0,9.7,3.17,0.0
20230421:2111,0.0,0.0,7.68,2.48,0.0
20230421:2211,0.0,0.0,7.46,1.52,0.0
20230421:2311,0.0,0.0,6.87,1.52,0.0
20230422:0011,0.0,0.0,6.22,1.72,0.0
20230422:0111,0.0,0.0,5.96,2.07,0.0
20230422:0211,0.0,0.0,5.95,2.28,0.0
20230422:0311,0.0,0.0,5.8,2.28,0.0
20230422:0411,0.0,0.0,5.66,2.34,0.0
20230422:0511,31.45,7.35,5.64,2.48,0.0
20230422:0611,149.2,15.02,7.06,2.41,0.0
20230422:0711,371.63,22.66,8.89,1.66,0.0
20230422:0811,598.36,29.83,11.43,0.9,0.0
20230422:0911,795.76,36.02,12.71,0.69,0.0
20230422:1011,942.86,40.61,13.14,0.34,0.0
20230422:1111,1029.53,42.98,13.73,0.9,0.0
20230422:1211,1023.0,42.73,14.1,1.31,0.0
20230422:1311,948.35,39.9,14.25,1.45,0.0
20230422:1411,661.21,34.96,13.99,1.24,0.0
20230422:1511,167.58,28.54,13.76,1.24,0.0
20230422:1611,56.51,21.25,13.63,1.24,0.0
20230422:1711,29.6,13.57,12.41,1.72,0.0
20230422:1811,9.1,5.93,11.17,1.45,0.0
20230422:1911,0.0,0.0,10.34,0.76,0.0
20230422:2011,0.0,0.0,9.83,0.69,0.0
20230422:2111,0.0,0.0,9.6,1.66,0.0
20230422:2211,0.0,0.0,10.3,2.69,0.0
20230422:2311,0.0,0.0,9.79,2.41,0.0
20230423:0011,0.0,0.0,9.41,1.93,0.0
20230423:0111,0.0,0.0,9.09,1.79,0.0
20230423:0211,0.0,0.0,8.52,1.38,0.0
20230423:0311,0.0,0.0,8.35,1.66,0.0
20230423:0411,0.0,0.0,8.19,2.14,0.0
20230423:0511,6.62,7.66,8.22,2.62,0.0
20230423:0611,101.12,15.33,7.98,3.1,0.0
20230423:0711,115.26,22.97,7.73,3.17,0.0
20230423:0811,104.05,30.15,7.67,3.31,0.0
20230423:0911,171.94,36.35,8.02,3.45,0.0
20230423:1011,263.53,40.95,8.85,4.21,0.0
20230423:1111,215.9,43.32,9.34,4.28,0.0
20230423:1211,408.28,43.06,9.59,4.55,0.0
20230423:1311,259.95,40.21,9.67,5.31,0.0
20230423:1411,52.92,35.24,9.63,5.66,0.0
20230423:1511,230.93,28.81,9.29,5.79,0.0
20230423:1611,87.91,21.51,9.24,5.59,0.0
20230423:1711,56.51,13.83,8.96,5.45,0.0
20230423:1811,4.97,6.19,8.53,4.76,0.0
20230423:1911,0.0,0.0,8.14,3.93,0.0
20230423:2011,0.0,0.0,7.88,3.24,0.0
20230423:2111,0.0,0.0,7.59,2.97,0.0
20230423:2211,0.0,0.0,7.49,2.28,0.0
20230423:2311,0.0,0.0,7.44,2.34,0.0
20230424:0011,0.0,0.0,7.41,2.21,0.0
20230424:0111,0.0,0.0,7.24,2.14,0.0
20230424:0211,0.0,0.0,7.19,1.79,0.0
20230424:0311,0.0,0.0,7.14,1.24,0.0
20230424:0411,0.0,0.0,7.07,0.76,0.0
20230424:0511,24.83,7.97,7.08,0.55,0.0
20230424:0611,71.47,15.64,7.14,0.34,0.0
20230424:0711,135.67,23.28,7.34,0.34,0.0
20230424:0811,410.94,30.46,7.54,1.03,0.0
20230424:0911,208.55,36.67,8.09,2.0,0.0
20230424:1011,424.87,41.28,8.65,3.86,0.0
20230424:1111,182.99,43.65,8.69,4.62,0.0
20230424:1211,199.89,43.38,8.66,5.24,0.0
20230424:1311,502.29,40.51,8.95,5.72,0.0
20230424:1411,375.06,35.53,8.38,6.14,0.0
20230424:1511,239.9,29.08,8.03,6.55,0.0
20230424:1611,165.53,21.77,7.84,7.1,0.0
20230424:1711,147.68,14.09,7.29,7.38,0.0
20230424:1811,20.69,6.45,6.58,7.59,0.0
20230424:1911,0.0,0.0,6.16,7.86,0.0
20230424:2011,0.0,0.0,5.79,7.79,0.0
20230424:2111,0.0,0.0,5.55,8.07,0.0
20230424:2211,0.0,0.0,5.5,7.52,0.0
20230424:2311,0.0,0.0,5.35,7.72,0.0
20230425:0011,0.0,0.0,5.24,7.52,0.0
20230425:0111,0.0,0.0,5.08,7.38,0.0
20230425:0211,0.0,0.0,5.02,7.59,0.0
20230425:0311,0.0,0.0,4.93,8.14,0.0
20230425:0411,0.0,0.0,4.9,8.69,0.0
20230425:0511,16.55,8.27,4.8,8.9,0.0
20230425:0611,73.26,15.94,4.92,9.03,0.0
20230425:0711,189.25,23.59,5.13,9.45,0.0
20230425:0811,245.44,30.78,5.28,9.86,0.0
20230425:0911,608.65,36.99,5.66,9.79,0.0
20230425:1011,508.99,41.61,5.3,9.72,0.0
20230425:1111,776.97,43.98,5.34,9.72,0.0
20230425:1211,1003.86,43.7,5.5,10.28,0.0
20230425:1311,929.28,40.82,5.63,10.48,0.0
20230425:1411,825.35,35.81,5.66,10.41,0.0
20230425:1511,621.85,29.35,5.65,10.62,0.0
20230425:1611,373.73,22.02,5.45,10.62,0.0
20230425:1711,176.99,14.34,5.36,10.28,0.0
20230425:1811,28.14,6.71,5.09,9.79,0.0
20230425:1911,0.0,0.0,4.77,8.9,0.0
20230425:2011,0.0,0.0,4.77,8.48,0.0
20230425:2111,0.0,0.0,4.62,8.21,0.0
20230425:2211,0.0,0.0,4.43,7.03,0.0
20230425:2311,0.0,0.0,4.43,6.55,0.0
20230426:0011,0.0,0.0,4.23,6.9,0.0
20230426:0111,0.0,0.0,3.94,7.1,0.0
20230426:0211,0.0,0.0,3.77,7.24,0.0
20230426:0311,0.0,0.0,3.51,6.9,0.0
20230426:0411,0.0,0.0,3.49,6.55,0.0
20230426:0511,19.86,8.57,3.35,6.28,0.0
20230426:0611,41.26,16.24,3.8,6.48,0.0
20230426:0711,372.82,23.89,4.07,6.83,0.0
20230426:0811,518.74,31.08,4.2,6.9,0.0
20230426:0911,771.75,37.31,4.52,6.69,0.0
20230426:1011,392.15,41.93,5.01,6.07,0.0
20230426:1111,214.21,44.31,5.26,5.86,0.0
20230426:1211,1011.05,44.02,5.43,5.93,0.0
20230426:1311,674.78,41.11,5.18,6.07,0.0
20230426:1411,509.83,36.09,5.18,6.28,0.0
20230426:1511,560.46,29.61,5.28,6.21,0.0
20230426:1611,373.43,22.28,5.04,5.86,0.0
20230426:1711,164.89,14.59,4.68,5.79,0.0
20230426:1811,33.1,6.97,4.22,5.31,0.0
20230426:1911,0.0,0.0,4.19,5.45,0.0
20230426:2011,0.0,0.0,3.91,5.1,0.0
20230426:2111,0.0,0.0,3.58,4.62,0.0
20230426:2211,0.0,0.0,3.39,4.9,0.0
20230426:2311,0.0,0.0,3.15,4.55,0.0
20230427:0011,0.0,0.0,3.27,4.55,0.0
20230427:0111,0.0,0.0,3.43,4.62,0.0
20230427:0211,0.0,0.0,3.67,4.97,0.0
20230427:0311,0.0,0.0,3.71,4.97,0.0
20230427:0411,0.0,0.0,3.59,4.97,0.0
20230427:0511,37.24,8.86,3.8,5.03,0.0
20230427:0611,148.26,16.53,4.29,5.52,0.0
20230427:0711,361.56,24.18,4.48,5.72,0.0
20230427:0811,319.07,31.38,4.88,5.66,0.0
20230427:0911,490.43,37.62,5.26,5.72,0.0
20230427:1011,918.48,42.25,5.4,4.83,0.0
20230427:1111,786.07,44.63,5.77,4.83,0.0
20230427:1211,910.62,44.33,6.14,5.1,0.0
20230427:1311,870.1,41.41,6.39,5.45,0.0
20230427:1411,717.37,36.37,6.3,5.59,0.0
20230427:1511,633.16,29.87,6.12,5.45,0.0
20230427:1611,410.08,22.53,6.12,5.03,0.0
20230427:1711,185.12,14.84,6.02,4.62,0.0
20230427:1811,30.62,7.22,5.73,4.21,0.0
20230427:1911,0.0,0.0,5.25,3.45,0.0
20230427:2011,0.0,0.0,4.25,3.17,0.0
20230427:2111,0.0,0.0,3.27,2.62,0.0
20230427:2211,0.0,0.0,3.74,0.83,0.0
20230427:2311,0.0,0.0,3.45,0.62,0.0
20230428:0011,0.0,0.0,3.08,0.62,0.0
20230428:0111,0.0,0.0,2.81,0.69,0.0
20230428:0211,0.0,0.0,2.66,0.97,0.0
20230428:0311,0.0,0.0,2.32,1.59,0.0
20230428:0411,0.83,1.85,1.81,1.93,0.0
20230428:0511,24.83,9.15,2.44,1.79,0.0
20230428:0611,87.88,16.82,3.12,1.59,0.0
20230428:0711,176.72,24.47,4.02,1.1,0.0
20230428:0811,277.9,31.68,5.04,1.03,0.0
20230428:0911,245.88,37.93,5.8,1.38,0.0
20230428:1011,289.86,42.57,6.4,1.59,0.0
20230428:1111,237.9,44.95,6.38,2.21,0.0
20230428:1211,195.54,44.64,6.21,2.48,0.0
20230428:1311,121.99,41.7,6.07,2.76,0.0
20230428:1411,99.57,36.64,6.26,2.83,0.0
20230428:1511,171.05,30.13,6.33,2.97,0.0
20230428:1611,87.01,22.78,6.31,3.24,0.0
20230428:1711,73.55,15.09,6.2,3.38,0.0
20230428:1811,38.9,7.47,6.05,3.93,0.0
20230428:1911,0.0,0.0,5.98,4.34,0.0
20230428:2011,0.0,0.0,6.01,4.62,0.0
20230428:2111,0.0,0.0,5.86,5.17,0.0
20230428:2211,0.0,0.0,5.84,6.34,0.0
20230428:2311,0.0,0.0,5.79,7.1,0.0
20230429:0011,0.0,0.0,5.64,6.83,0.0
20230429:0111,0.0,0.0,5.56,6.55,0.0
20230429:0211,0.0,0.0,5.4,4.76,0.0
20230429:0311,0.0,0.0,4.97,6.14,0.0
20230429:0411,0.83,2.14,4.17,7.38,0.0
20230429:0511,52.96,9.44,4.01,7.1,0.0
20230429:0611,148.28,17.11,4.04,6.76,0.0
20230429:0711,352.82,24.76,4.57,6.83,0.0
20230429:0811,470.0,31.98,4.67,6.69,0.0
20230429:0911,617.42,38.23,5.21,6.76,0.0
20230429:1011,856.53,42.88,5.64,6.48,0.0
20230429:1111,821.11,45.27,5.98,6.83,0.0
20230429:1211,943.82,44.95,6.13,6.83,0.0
20230429:1311,450.65,41.99,6.15,6.9,0.0
20230429:1411,635.61,36.91,6.37,6.97,0.0
20230429:1511,439.7,30.38,5.95,6.97,0.0
20230429:1611,255.97,23.03,5.5,7.24,0.0
20230429:1711,167.67,15.34,5.21,6.97,0.0
20230429:1811,40.55,7.72,4.91,6.48,0.0
20230429:1911,0.0,0.0,4.54,6.21,0.0
20230429:2011,0.0,0.0,4.28,5.93,0.0
20230429:2111,0.0,0.0,4.06,5.79,0.0
20230429:2211,0.0,0.0,4.0,5.38,0.0
20230429:2311,0.0,0.0,3.67,5.24,0.0
20230430:0011,0.0,0.0,3.64,5.17,0.0
20230430:0111,0.0,0.0,3.46,4.55,0.0
20230430:0211,0.0,0.0,3.64,4.62,0.0
20230430:0311,0.0,0.0,3.13,4.14,0.0
20230430:0411,0.83,2.43,3.28,3.86,0.0
20230430:0511,38.9,9.72,4.0,3.45,0.0
20230430:0611,124.24,17.39,4.12,3.79,0.0
20230430:0711,211.5,25.04,4.54,4.0,0.0
20230430:0811,274.76,32.26,4.95,4.14,0.0
20230430:0911,473.48,38.53,5.49,3.93,0.0
20230430:1011,385.86,43.19,5.8,3.38,0.0
20230430:1111,624.9,45.58,5.79,2.9,0.0
20230430:1211,854.91,45.25,5.94,2.9,0.0
20230430:1311,501.24,42.28,5.94,2.97,0.0
20230430:1411,514.51,37.18,5.99,2.48,0.0
20230430:1511,276.2,30.64,5.99,1.93,0.0
20230430:1611,137.8,23.27,5.58,1.86,0.0
20230430:1711,90.49,15.58,5.27,1.45,0.0
20230430:1811,25.65,7.97,5.14,0.97,0.0
20230430:1911,0.0,0.0,5.03,1.93,0.0
20230430:2011,0.0,0.0,4.9,2.62,0.0
20230430:2111,0.0,0.0,4.38,3.66,0.0
20230430:2211,0.0,0.0,3.96,4.69,0.0
20230430:2311,0.0,0.0,3.78,5.03,0.0
20230501:0011,0.0,0.0,3.9,5.1,0.0
20230501:0111,0.0,0.0,4.3,5.17,0.0
20230501:0211,0.0,0.0,4.75,5.1,0.0
20230501:0311,0.0,0.0,5.19,5.03,0.0
20230501:0411,1.66,2.71,5.42,4.34,0.0
20230501:0511,14.9,10.0,5.67,3.79,0.0
20230501:0611,31.39,17.66,5.89,2.97,0.0
20230501:0711,81.63,25.32,6.28,2.07,0.0
20230501:0811,115.71,32.55,6.7,1.52,0.0
20230501:0911,109.43,38.82,7.07,3.17,0.0
20230501:1011,73.55,43.49,6.79,5.24,0.0
20230501:1111,267.42,45.88,6.63,6.48,0.0
20230501:1211,578.22,45.55,6.67,7.03,0.0
20230501:1311,545.89,42.56,6.56,7.66,0.0
20230501:1411,174.66,37.44,6.5,8.55,0.0
20230501:1511,623.51,30.89,6.18,9.24,0.0
20230501:1611,411.68,23.51,5.68,9.31,0.0
20230501:1711,194.9,15.82,5.19,9.17,0.0
20230501:1811,33.93,8.21,4.93,8.9,0.0
20230501:1911,0.0,0.0,4.87,8.28,0.0
20230501:2011,0.0,0.0,4.74,7.86,0.0
20230501:2111,0.0,0.0,4.43,7.38,0.0
20230501:2211,0.0,0.0,4.46,7.03,0.0
20230501:2311,0.0,0.0,4.12,6.48,0.0
20230502:0011,0.0,0.0,4.01,5.45,0.0
20230502:0111,0.0,0.0,3.64,4.9,0.0
20230502:0211,0.0,0.0,3.43,5.1,0.0
20230502:0311,0.0,0.0,3.11,4.62,0.0
20230502:0411,1.66,2.99,3.17,3.79,0.0
20230502:0511,57.1,10.27,3.9,2.83,0.0
20230502:0611,148.12,17.93,4.51,2.76,0.0
20230502:0711,0.0,0.0,5.22,3.38,0.0
20230502:0811,347.54,32.83,5.64,4.41,0.0
20230502:0911,360.1,39.11,6.49,4.83,0.0
20230502:1011,502.13,43.79,6.86,4.62,0.0
20230502:1111,411.08,46.18,6.7,4.97,0.0
20230502:1211,263.38,45.84,6.91,5.72,0.0
20230502:1311,511.07,42.84,6.91,6.21,0.0
20230502:1411,661.9,37.7,7.3,6.34,0.0
20230502:1511,212.07,31.14,7.28,6.34,0.0
20230502:1611,370.34,23.75,7.01,6.07,0.0
20230502:1711,184.2,16.06,6.75,5.86,0.0
20230502:1811,45.52,8.46,6.65,5.31,0.0
20230502:1911,0.0,0.0,6.52,4.48,0.0
20230502:2011,0.0,0.0,6.23,3.72,0.0
20230502:2111,0.0,0.0,5.83,3.93,0.0
20230502:2211,0.0,0.0,5.41,3.72,0.0
20230502:2311,0.0,0.0,4.99,3.45,0.0
20230503:0011,0.0,0.0,4.56,3.38,0.0
20230503:0111,0.0,0.0,4.82,3.17,0.0
20230503:0211,0.0,0.0,4.9,2.9,0.0
20230503:0311,0.0,0.0,4.46,2.55,0.0
20230503:0411,3.31,3.26,4.45,2.21,0.0
20230503:0511,58.76,10.54,4.89,2.21,0.0
20230503:0611,146.63,18.19,5.6,2.55,0.0
20230503:0711,333.21,25.86,6.23,2.76,0.0
20230503:0811,525.5,33.1,6.89,3.24,0.0
20230503:0911,668.34,39.39,7.3,3.66,0.0
20230503:1011,805.94,44.08,7.95,3.1,0.0
20230503:1111,437.19,46.48,8.35,3.86,0.0
20230503:1211,869.92,46.13,8.35,4.76,0.0
20230503:1311,719.66,43.11,8.45,5.38,0.0
20230503:1411,597.29,37.96,8.21,5.66,0.0
20230503:1511,644.84,31.38,8.21,5.59,0.0
20230503:1611,422.1,23.99,8.34,5.52,0.0
20230503:1711,205.05,16.29,8.02,5.31,0.0
20230503:1811,34.76,8.69,7.69,5.17,0.0
20230503:1911,0.0,0.0,7.06,4.62,0.0
20230503:2011,0.0,0.0,6.15,4.14,0.0
20230503:2111,0.0,0.0,4.69,4.21,0.0
20230503:2211,0.0,0.0,4.14,2.76,0.0
20230503:2311,0.0,0.0,3.97,2.69,0.0
20230504:0011,0.0,0.0,3.8,2.76,0.0
20230504:0111,0.0,0.0,3.79,2.83,0.0
20230504:0211,0.0,0.0,3.66,2.55,0.0
20230504:0311,0.0,0.0,3.71,2.07,0.0
20230504:0411,2.48,3.53,3.78,1.72,0.0
20230504:0511,41.38,10.8,4.28,1.79,0.0
20230504:0611,138.65,18.45,5.49,1.66,0.0
20230504:0711,358.0,26.12,6.91,1.59,0.0
20230504:0811,624.06,33.37,8.02,1.79,0.0
20230504:0911,809.94,39.67,9.03,1.31,0.0
20230504:1011,949.84,44.37,9.59,0.48,0.0
20230504:1111,1024.74,46.77,9.75,0.34,0.0
20230504:1211,976.95,46.42,9.76,0.97,0.0
20230504:1311,895.41,43.38,9.8,1.31,0.0
20230504:1411,615.76,38.22,9.87,1.45,0.0
20230504:1511,513.54,31.62,9.8,1.38,0.0
20230504:1611,359.74,24.22,9.97,1.03,0.0
20230504:1711,199.97,16.53,9.87,0.55,0.0
20230504:1811,37.24,8.93,9.45,0.41,0.0
20230504:1911,1.66,1.81,8.6,0.28,0.0
20230504:2011,0.0,0.0,8.22,1.31,0.0
20230504:2111,0.0,0.0,7.24,2.62,0.0
20230504:2211,0.0,0.0,7.05,3.45,0.0
20230504:2311,0.0,0.0,6.46,3.79,0.0
20230505:0011,0.0,0.0,6.1,4.41,0.0
20230505:0111,0.0,0.0,5.7,4.76,0.0
20230505:0211,0.0,0.0,5.56,5.03,0.0
20230505:0311,0.0,0.0,5.69,5.31,0.0
20230505:0411,4.97,3.79,5.8,5.59,0.0
20230505:0511,64.55,11.06,6.47,5.79,0.0
20230505:0611,187.51,18.71,7.28,5.66,0.0
20230505:0711,363.4,26.38,7.97,5.72,0.0
20230505:0811,509.92,33.63,8.89,7.1,0.0
20230505:0911,743.97,39.94,9.73,7.1,0.0
20230505:1011,951.99,44.65,10.28,6.69,0.0
20230505:1111,1018.84,47.06,10.8,6.55,0.0
20230505:1211,1042.23,46.7,11.07,6.34,0.0
20230505:1311,967.4,43.65,11.18,6.34,0.0
20230505:1411,847.89,38.47,11.03,6.14,0.0
20230505:1511,658.37,31.86,10.9,5.72,0.0
20230505:1611,434.89,24.46,10.65,5.38,0.0
20230505:1711,211.5,16.76,10.1,5.17,0.0
20230505:1811,37.24,9.17,9.46,5.03,0.0
20230505:1911,2.48,2.05,8.81,5.31,0.0
20230505:2011,0.0,0.0,7.99,5.38,0.0
20230505:2111,0.0,0.0,7.41,5.52,0.0
20230505:2211,0.0,0.0,7.23,3.52,0.0
20230505:2311,0.0,0.0,7.32,3.72,0.0
20230506:0011,0.0,0.0,7.43,3.93,0.0
20230506:0111,0.0,0.0,7.47,4.55,0.0
20230506:0211,0.0,0.0,7.34,5.03,0.0
20230506:0311,0.0,0.0,7.1,5.45,0.0
20230506:0411,2.48,4.05,6.95,4.76,0.0
20230506:0511,43.03,11.31,7.14,4.83,0.0
20230506:0611,136.05,18.96,7.44,4.21,0.0
20230506:0711,293.49,26.63,8.02,5.17,0.0
20230506:0811,484.31,33.89,8.91,5.86,0.0
20230506:0911,646.87,40.21,9.94,5.59,0.0
20230506:1011,926.0,44.93,10.73,4.14,0.0
20230506:1111,992.72,47.34,11.03,4.41,0.0
20230506:1211,1034.41,46.98,11.36,4.62,0.0
20230506:1311,954.51,43.92,11.57,4.34,0.0
20230506:1411,826.01,38.72,11.35,4.0,0.0
20230506:1511,645.0,32.1,11.4,4.0,0.0
20230506:1611,428.48,24.69,11.39,4.21,0.0
20230506:1711,207.88,16.98,11.28,4.34,0.0
20230506:1811,38.9,9.4,10.73,4.34,0.0
20230506:1911,2.48,2.29,9.76,4.41,0.0
20230506:2011,0.0,0.0,8.76,4.41,0.0
20230506:2111,0.0,0.0,7.99,4.62,0.0
20230506:2211,0.0,0.0,7.24,4.55,0.0
20230506:2311,0.0,0.0,6.93,4.62,0.0
20230507:0011,0.0,0.0,6.79,4.83,0.0
20230507:0111,0.0,0.0,6.46,5.1,0.0
20230507:0211,0.0,0.0,6.29,5.38,0.0
20230507:0311,0.0,0.0,6.26,5.38,0.0
20230507:0411,13.24,4.3,6.06,5.31,0.0
20230507:0511,43.86,11.55,6.6,5.1,0.0
20230507:0611,98.0,19.2,7.64,4.83,0.0
20230507:0711,197.55,26.87,8.86,5.45,0.0
20230507:0811,332.03,34.14,10.0,5.72,0.0
20230507:0911,467.46,40.47,11.19,5.79,0.0
20230507:1011,661.42,45.21,12.19,4.62,0.0
20230507:1111,1034.69,47.62,12.62,4.28,0.0
20230507:1211,1044.93,47.25,12.81,4.34,0.0
20230507:1311,963.83,44.18,12.97,4.62,0.0
20230507:1411,828.88,38.96,12.91,4.83,0.0
20230507:1511,404.38,32.33,12.63,4.83,0.0
20230507:1611,279.4,24.91,12.55,4.83,0.0
20230507:1711,204.46,17.21,12.27,4.48,0.0
20230507:1811,41.38,9.63,11.93,4.48,0.0
20230507:1911,1.66,2.53,11.36,4.83,0.0
20230507:2011,0.0,0.0,10.62,5.17,0.0
20230507:2111,0.0,0.0,10.04,5.66,0.0
20230507:2211,0.0,0.0,9.9,6.14,0.0
20230507:2311,0.0,0.0,9.97,6.07,0.0
20230508:0011,0.0,0.0,9.92,6.07,0.0
20230508:0111,0.0,0.0,10.25,6.48,0.0
20230508:0211,0.0,0.0,10.37,6.69,0.0
20230508:0311,0.0,0.0,10.27,6.69,0.0
20230508:0411,3.31,4.54,10.14,7.1,0.0
20230508:0511,48.0,11.8,10.08,7.17,0.0
20230508:0611,84.32,19.44,10.43,7.24,0.0
20230508:0711,197.5,27.11,10.87,7.17,0.0
20230508:0811,194.11,34.39,11.68,7.72,0.0
20230508:0911,203.71,40.73,12.38,8.0,0.0
20230508:1011,436.62,45.47,12.81,7.79,0.0
20230508:1111,233.59,47.9,13.11,8.07,0.0
20230508:1211,391.52,47.52,13.5,7.79,0.0
20230508:1311,252.18,44.43,13.32,7.93,0.0
20230508:1411,193.13,39.2,13.25,8.07,0.0
20230508:1511,153.87,32.56,13.24,8.0,0.0
20230508:1611,95.08,25.13,13.0,7.86,0.0
20230508:1711,52.03,17.43,12.86,7.79,0.0
20230508:1811,23.17,9.85,12.42,7.86,0.0
20230508:1911,1.66,2.76,12.12,7.79,0.0
20230508:2011,0.0,0.0,11.8,7.86,0.0
20230508:2111,0.0,0.0,11.62,8.0,0.0
20230508:2211,0.0,0.0,12.15,8.76,0.0
20230508:2311,0.0,0.0,11.75,8.83,0.0
20230509:0011,0.0,0.0,11.31,8.55,0.0
20230509:0111,0.0,0.0,11.27,8.28,0.0
20230509:0211,0.0,0.0,11.15,7.86,0.0
20230509:0311,0.0,0.0,11.21,7.59,0.0
20230509:0411,3.31,4.79,11.24,7.52,0.0
20230509:0511,50.48,12.03,11.16,7.17,0.0
20230509:0611,31.39,19.67,11.1,7.31,0.0
20230509:0711,109.43,27.35,11.08,7.52,0.0
20230509:0811,149.8,34.63,11.07,7.45,0.0
20230509:0911,251.0,40.98,11.07,7.79,0.0
20230509:1011,221.81,45.74,11.23,7.86,0.0
20230509:1111,367.1,48.17,11.07,8.28,0.0
20230509:1211,271.49,47.79,11.0,8.48,0.0
20230509:1311,196.16,44.69,10.86,8.62,0.0
20230509:1411,161.46,39.44,10.63,8.48,0.0
20230509:1511,92.39,32.78,10.56,8.14,0.0
20230509:1611,66.38,25.35,10.5,7.59,0.0
20230509:1711,38.57,17.65,10.51,7.17,0.0
20230509:1811,9.93,10.08,10.48,6.62,0.0
20230509:1911,1.66,2.99,10.53,6.0,0.0
20230509:2011,0.0,0.0,10.59,5.52,0.0
20230509:2111,0.0,0.0,10.62,5.1,0.0
20230509:2211,0.0,0.0,10.62,4.07,0.0
20230509:2311,0.0,0.0,10.64,3.86,0.0
20230510:0011,0.0,0.0,10.6,4.41,0.0
20230510:0111,0.0,0.0,10.42,5.03,0.0
20230510:0211,0.0,0.0,10.19,5.24,0.0
20230510:0311,0.0,0.0,10.01,4.97,0.0
20230510:0411,3.31,5.02,9.84,4.76,0.0
20230510:0511,11.59,12.26,9.75,4.62,0.0
20230510:0611,31.39,19.9,9.71,4.55,0.0
20230510:0711,60.1,27.58,9.68,4.62,0.0
20230510:0811,111.23,34.87,9.74,4.9,0.0
20230510:0911,131.86,41.23,10.03,4.97,0.0
20230510:1011,170.43,45.99,10.14,4.69,0.0
20230510:1111,156.97,48.43,10.46,4.34,0.0
20230510:1211,170.43,48.05,10.69,3.52,0.0
20230510:1311,190.16,44.93,10.99,2.76,0.0
20230510:1411,130.06,39.67,11.13,2.14,0.0
20230510:1511,112.12,33.01,11.17,1.52,0.0
20230510:1611,124.33,25.57,11.16,1.31,0.0
20230510:1711,60.1,17.87,11.08,1.31,0.0
20230510:1811,56.27,10.3,11.0,1.31,0.0
20230510:1911,2.48,3.22,10.94,1.1,0.0
20230510:2011,0.0,0.0,10.81,1.03,0.0
20230510:2111,0.0,0.0,10.55,1.17,0.0
20230510:2211,0.0,0.0,9.96,1.03,0.0
20230510:2311,0.0,0.0,9.93,1.17,0.0
20230511:0011,0.0,0.0,9.82,1.52,0.0
20230511:0111,0.0,0.0,9.78,1.59,0.0
20230511:0211,0.0,0.0,9.51,1.66,0.0
20230511:0311,0.0,0.0,9.49,1.86,0.0
20230511:0411,3.31,5.25,9.45,1.72,0.0
20230511:0511,22.34,12.49,9.39,1.59,0.0
20230511:0611,52.03,20.13,9.35,1.38,0.0
20230511:0711,110.33,27.8,9.6,1.1,0.0
20230511:0811,174.67,35.1,9.75,0.69,0.0
20230511:0911,187.93,41.47,10.37,0.48,0.0
20230511:1011,158.77,46.25,10.5,0.21,0.0
20230511:1111,206.31,48.69,10.66,0.97,0.0
20230511:1211,271.61,48.3,11.04,2.14,0.0
20230511:1311,292.76,45.18,11.29,2.41,0.0
20230511:1411,311.28,39.91,11.33,2.48,0.0
20230511:1511,172.72,33.23,11.19,2.41,0.0
20230511:1611,279.73,25.79,11.02,2.9,0.0
20230511:1711,115.28,18.08,11.04,2.97,0.0
20230511:1811,20.69,10.51,10.92,2.97,0.0
20230511:1911,4.14,3.45,10.59,2.83,0.0
20230511:2011,0.0,0.0,10.02,2.48,0.0
20230511:2111,0.0,0.0,9.65,2.69,0.0
20230511:2211,0.0,0.0,9.22,1.52,0.0
20230511:2311,0.0,0.0,8.94,1.24,0.0
20230512:0011,0.0,0.0,8.78,1.24,0.0
20230512:0111,0.0,0.0,8.69,1.17,0.0
20230512:0211,0.0,0.0,8.45,1.31,0.0
20230512:0311,0.0,0.0,8.23,1.52,0.0
20230512:0411,18.21,5.48,8.34,1.66,0.0
20230512:0511,36.41,12.71,8.71,1.93,0.0
20230512:0611,107.49,20.34,9.9,2.14,0.0
20230512:0711,201.31,28.02,10.65,2.21,0.0
20230512:0811,303.33,35.32,11.34,2.69,0.0
20230512:0911,407.65,41.71,12.22,3.17,0.0
20230512:1011,511.68,46.49,12.1,3.03,0.0
20230512:1111,683.26,48.94,12.4,3.72,0.0
20230512:1211,783.81,48.55,12.5,4.14,0.0
20230512:1311,940.96,45.42,12.87,4.55,0.0
20230512:1411,816.05,40.13,12.69,5.24,0.0
20230512:1511,631.42,33.44,12.7,5.59,0.0
20230512:1611,422.52,26.0,12.66,5.31,0.0
20230512:1711,212.64,18.29,11.95,4.9,0.0
20230512:1811,43.03,10.73,11.14,4.41,0.0
20230512:1911,10.76,3.67,10.2,4.0,0.0
20230512:2011,0.0,0.0,9.28,3.72,0.0
20230512:2111,0.0,0.0,8.25,3.86,0.0
20230512:2211,0.0,0.0,7.33,3.17,0.0
20230512:2311,0.0,0.0,7.24,3.31,0.0
20230513:0011,0.0,0.0,6.95,3.38,0.0
20230513:0111,0.0,0.0,6.89,3.38,0.0
20230513:0211,0.0,0.0,6.84,3.31,0.0
20230513:0311,0.0,0.0,6.92,3.52,0.0
20230513:0411,4.14,5.7,6.86,3.03,0.0
20230513:0511,28.14,12.92,7.16,3.38,0.0
20230513:0611,83.42,20.55,7.3,3.66,0.0
20230513:0711,135.52,28.23,8.03,3.93,0.0
20230513:0811,205.92,35.54,9.26,4.34,0.0
20230513:0911,236.98,41.93,9.79,4.48,0.0
20230513:1011,216.72,46.73,10.75,4.28,0.0
20230513:1111,293.05,49.19,11.46,4.97,0.0
20230513:1211,517.18,48.8,12.04,5.24,0.0
20230513:1311,933.25,45.65,12.24,5.66,0.0
20230513:1411,804.71,40.35,12.3,5.72,0.0
20230513:1511,636.95,33.66,12.03,5.59,0.0
20230513:1611,424.44,26.2,11.76,5.52,0.0
20230513:1711,216.72,18.5,11.44,4.97,0.0
20230513:1811,48.83,10.94,10.98,4.07,0.0
20230513:1911,14.9,3.89,10.13,3.03,0.0
20230513:2011,0.0,0.0,8.96,2.62,0.0
20230513:2111,0.0,0.0,8.09,2.21,0.0
20230513:2211,0.0,0.0,7.97,2.14,0.0
20230513:2311,0.0,0.0,7.9,1.38,0.0
20230514:0011,0.0,0.0,8.15,1.24,0.0
20230514:0111,0.0,0.0,8.09,1.03,0.0
20230514:0211,0.0,0.0,8.02,1.03,0.0
20230514:0311,0.0,0.0,7.97,1.66,0.0
20230514:0411,4.14,5.91,8.14,2.28,0.0
20230514:0511,73.65,13.13,8.92,2.28,0.0
20230514:0611,140.59,20.76,10.02,1.72,0.0
20230514:0711,217.96,28.44,11.31,1.52,0.0
20230514:0811,227.33,35.75,12.56,2.34,0.0
20230514:0911,320.13,42.16,12.96,3.52,0.0
20230514:1011,300.44,46.97,11.86,3.66,0.0
20230514:1111,416.26,49.43,11.57,3.52,0.0
20230514:1211,619.38,49.04,11.78,3.79,0.0
20230514:1311,592.24,45.88,12.06,4.28,0.0
20230514:1411,622.65,40.57,11.63,4.28,0.0
20230514:1511,408.38,33.87,10.97,4.0,0.0
20230514:1611,202.61,26.41,10.38,3.66,0.0
20230514:1711,96.59,18.7,9.75,3.03,0.0
20230514:1811,61.24,11.15,9.38,2.48,0.0
20230514:1911,3.31,4.1,9.05,2.21,0.0
20230514:2011,0.0,0.0,8.71,2.21,0.0
20230514:2111,0.0,0.0,8.07,2.21,0.0
20230514:2211,0.0,0.0,7.48,2.69,0.0
20230514:2311,0.0,0.0,7.27,2.55,0.0
20230515:0011,0.0,0.0,7.11,2.28,0.0
20230515:0111,0.0,0.0,6.8,1.93,0.0
20230515:0211,0.0,0.0,6.65,2.0,0.0
20230515:0311,0.0,0.0,6.65,2.34,0.0
20230515:0411,4.97,6.12,6.52,2.0,0.0
20230515:0511,19.86,13.33,6.54,1.52,0.0
20230515:0611,42.16,20.96,6.73,0.9,0.0
20230515:0711,143.65,28.64,7.09,0.76,0.0
20230515:0811,156.08,35.96,7.73,0.69,0.0
20230515:0911,321.73,42.38,8.7,1.79,0.0
20230515:1011,359.64,47.2,8.75,2.9,0.0
20230515:1111,403.17,49.67,8.96,4.0,0.0
20230515:1211,406.41,49.28,9.28,4.69,0.0
20230515:1311,251.2,46.11,9.36,5.03,0.0
20230515:1411,206.5,40.79,9.38,5.66,0.0
20230515:1511,302.16,34.07,9.14,6.14,0.0
20230515:1611,229.0,26.61,9.01,6.28,0.0
20230515:1711,174.74,18.9,9.04,6.55,0.0
20230515:1811,15.72,11.35,8.77,6.48,0.0
20230515:1911,2.48,4.31,8.54,6.21,0.0
20230515:2011,0.0,0.0,8.32,6.14,0.0
20230515:2111,0.0,0.0,7.99,5.86,0.0
20230515:2211,0.0,0.0,7.66,6.07,0.0
20230515:2311,0.0,0.0,7.54,5.79,0.0
20230516:0011,0.0,0.0,7.55,5.66,0.0
20230516:0111,0.0,0.0,7.32,6.0,0.0
20230516:0211,0.0,0.0,7.26,6.21,0.0
20230516:0311,0.0,0.0,7.12,6.0,0.0
20230516:0411,25.65,6.32,6.91,5.66,0.0
20230516:0511,48.83,13.53,7.13,5.79,0.0
20230516:0611,201.71,21.15,7.56,5.79,0.0
20230516:0711,418.17,28.84,8.0,5.17,0.0
20230516:0811,626.8,36.16,8.64,4.83,0.0
20230516:0911,780.65,42.59,9.16,4.62,0.0
20230516:1011,550.41,47.42,9.54,4.69,0.0
20230516:1111,508.61,49.9,9.79,4.83,0.0
20230516:1211,282.77,49.51,9.4,5.17,0.0
20230516:1311,275.21,46.33,8.9,6.14,0.0
20230516:1411,266.82,41.0,8.81,7.31,0.0
20230516:1511,489.1,34.27,7.61,9.24,0.0
20230516:1611,319.8,26.81,7.1,9.45,0.0
20230516:1711,195.25,19.1,6.85,9.38,0.0
20230516:1811,66.21,11.55,6.36,9.17,0.0
20230516:1911,5.79,4.52,5.85,9.03,0.0
20230516:2011,0.0,0.0,5.6,9.03,0.0
20230516:2111,0.0,0.0,5.22,8.76,0.0
20230516:2211,0.0,0.0,4.93,8.14,0.0
20230516:2311,0.0,0.0,4.86,8.07,0.0
20230517:0011,0.0,0.0,4.8,8.14,0.0
20230517:0111,0.0,0.0,4.87,8.28,0.0
20230517:0211,0.0,0.0,5.06,8.48,0.0
20230517:0311,0.0,0.0,5.23,8.34,0.0
20230517:0411,12.41,6.52,5.24,8.21,0.0
20230517:0511,63.72,13.72,5.4,8.0,0.0
20230517:0611,171.81,21.34,5.64,8.41,0.0
20230517:0711,371.99,29.03,5.94,8.21,0.0
20230517:0811,435.28,36.36,6.3,7.86,0.0
20230517:0911,498.42,42.79,6.65,7.52,0.0
20230517:1011,743.2,47.64,6.99,6.21,0.0
20230517:1111,875.24,50.13,7.06,6.48,0.0
20230517:1211,862.67,49.74,7.16,6.76,0.0
20230517:1311,956.78,46.55,7.16,6.69,0.0
20230517:1411,821.6,41.21,7.2,6.55,0.0
20230517:1511,647.85,34.47,7.23,6.34,0.0
20230517:1611,390.2,27.0,7.25,6.14,0.0
20230517:1711,161.41,19.29,7.02,5.72,0.0
20230517:1811,48.83,11.75,6.72,5.38,0.0
20230517:1911,19.03,4.72,6.4,4.97,0.0
20230517:2011,0.0,0.0,6.03,4.0,0.0
20230517:2111,0.0,0.0,5.56,3.03,0.0
20230517:2211,0.0,0.0,5.28,2.0,0.0
20230517:2311,0.0,0.0,5.23,0.97,0.0
20230518:0011,0.0,0.0,5.8,0.69,0.0
20230518:0111,0.0,0.0,5.45,0.97,0.0
20230518:0211,0.0,0.0,5.3,1.38,0.0
20230518:0311,0.0,0.0,5.27,2.0,0.0
20230518:0411,4.97,6.71,5.48,2.69,0.0
20230518:0511,27.31,13.9,5.91,3.24,0.0
20230518:0611,126.58,21.52,6.72,3.45,0.0
20230518:0711,221.79,29.21,7.78,3.31,0.0
20230518:0811,285.14,36.55,9.09,3.38,0.0
20230518:0911,437.83,42.99,9.81,4.0,0.0
20230518:1011,401.77,47.85,10.08,5.03,0.0
20230518:1111,286.1,50.35,10.21,4.9,0.0
20230518:1211,400.69,49.96,10.36,4.55,0.0
20230518:1311,367.84,46.77,10.53,4.48,0.0
20230518:1411,267.51,41.41,10.48,4.34,0.0
20230518:1511,324.64,34.67,10.54,3.86,0.0
20230518:1611,226.68,27.19,10.82,3.59,0.0
20230518:1711,141.65,19.48,10.44,3.52,0.0
20230518:1811,67.86,11.94,9.97,3.17,0.0
20230518:1911,20.69,4.92,9.62,2.62,0.0
20230518:2011,0.0,0.0,8.95,2.62,0.0
20230518:2111,0.0,0.0,8.59,2.69,0.0
20230518:2211,0.0,0.0,8.62,3.38,0.0
20230518:2311,0.0,0.0,8.13,3.45,0.0
20230519:0011,0.0,0.0,7.62,3.66,0.0
20230519:0111,0.0,0.0,7.25,3.66,0.0
20230519:0211,0.0,0.0,7.1,3.52,0.0
20230519:0311,0.0,0.0,7.02,3.59,0.0
20230519:0411,5.79,6.89,7.31,3.93,0.0
20230519:0511,22.34,14.08,8.01,4.28,0.0
20230519:0611,119.61,21.7,9.06,4.21,0.0
20230519:0711,241.42,29.39,9.63,4.28,0.0
20230519:0811,420.56,36.73,10.29,4.69,0.0
20230519:0911,254.73,43.19,10.53,4.97,0.0
20230519:1011,307.69,48.06,10.84,4.76,0.0
20230519:1111,801.38,50.57,11.5,4.9,0.0
20230519:1211,417.31,50.17,11.76,4.69,0.0
20230519:1311,436.94,46.97,11.8,4.34,0.0
20230519:1411,377.04,41.61,11.57,3.86,0.0
20230519:1511,552.43,34.86,11.45,3.59,0.0
20230519:1611,304.79,27.38,11.42,3.38,0.0
20230519:1711,182.08,19.67,10.85,3.1,0.0
20230519:1811,69.72,12.13,10.35,2.76,0.0
20230519:1911,22.34,5.12,10.01,2.41,0.0
20230519:2011,0.0,0.0,9.49,2.55,0.0
20230519:2111,0.0,0.0,8.64,2.55,0.0
20230519:2211,0.0,0.0,8.08,2.76,0.0
20230519:2311,0.0,0.0,7.81,2.34,0.0
20230520:0011,0.0,0.0,7.67,2.14,0.0
20230520:0111,0.0,0.0,7.27,1.93,0.0
20230520:0211,0.0,0.0,6.92,1.66,0.0
20230520:0311,0.0,0.0,7.04,1.52,0.0
20230520:0411,5.79,7.07,7.21,1.59,0.0
20230520:0511,38.07,14.25,8.21,1.72,0.0
20230520:0611,171.3,21.87,9.06,1.66,0.0
20230520:0711,402.73,29.56,9.65,1.59,0.0
20230520:0811,583.9,36.91,10.47,1.79,0.0
20230520:0911,796.82,43.37,11.05,2.41,0.0
20230520:1011,933.54,48.26,11.44,2.48,0.0
20230520:1111,1003.89,50.77,11.6,2.83,0.0
20230520:1211,1000.71,50.38,11.56,3.1,0.0
20230520:1311,942.41,47.18,11.35,3.17,0.0
20230520:1411,809.45,41.8,11.45,2.9,0.0
20230520:1511,639.22,35.05,11.3,2.62,0.0
20230520:1611,422.4,27.56,11.06,2.21,0.0
20230520:1711,212.7,19.85,10.72,1.79,0.0
20230520:1811,65.87,12.32,10.18,1.31,0.0
20230520:1911,23.17,5.31,9.71,0.97,0.0
20230520:2011,0.0,0.0,8.44,0.9,0.0
20230520:2111,0.0,0.0,8.13,0.83,0.0
20230520:2211,0.0,0.0,7.9,0.34,0.0
20230520:2311,0.0,0.0,7.25,0.28,0.0
20230521:0011,0.0,0.0,6.85,0.34,0.0
20230521:0111,0.0,0.0,6.78,0.34,0.0
20230521:0211,0.0,0.0,6.37,0.55,0.0
20230521:0311,0.0,0.0,6.22,0.69,0.0
20230521:0411,5.79,7.24,6.34,0.83,0.0
20230521:0511,42.21,14.42,7.07,1.31,0.0
20230521:0611,168.87,22.03,8.71,1.59,0.0
20230521:0711,340.25,29.73,10.22,1.03,0.0
20230521:0811,605.58,37.08,11.6,1.03,0.0
20230521:0911,827.74,43.56,12.33,2.55,0.0
20230521:1011,946.84,48.45,13.19,2.62,0.0
20230521:1111,984.68,50.98,13.53,2.97,0.0
20230521:1211,949.28,50.59,14.11,3.38,0.0
20230521:1311,903.54,47.38,14.26,3.86,0.0
20230521:1411,769.04,41.99,14.54,4.28,0.0
20230521:1511,588.96,35.23,14.58,4.07,0.0
20230521:1611,371.13,27.74,14.41,3.79,0.0
20230521:1711,198.69,20.03,13.96,3.52,0.0
20230521:1811,72.87,12.5,13.31,3.1,0.0
20230521:1911,26.48,5.49,12.5,2.76,0.0
20230521:2011,0.0,0.0,11.11,2.9,0.0
20230521:2111,0.0,0.0,10.39,2.69,0.0
20230521:2211,0.0,0.0,10.09,2.76,0.0
20230521:2311,0.0,0.0,9.89,2.69,0.0
20230522:0011,0.0,0.0,9.74,2.48,0.0
20230522:0111,0.0,0.0,9.23,2.14,0.0
20230522:0211,0.0,0.0,8.96,1.93,0.0
20230522:0311,0.0,0.0,9.06,1.86,0.0
20230522:0411,38.07,7.41,9.25,1.86,0.0
20230522:0511,84.41,14.58,10.0,1.72,0.0
20230522:0611,80.73,22.19,11.12,1.31,0.0
20230522:0711,179.76,29.89,12.22,1.52,0.0
20230522:0811,407.12,37.24,12.97,2.34,0.0
20230522:0911,352.0,43.73,14.22,2.9,0.0
20230522:1011,530.71,48.64,14.86,2.76,0.0
20230522:1111,847.75,51.18,14.99,2.9,0.0
20230522:1211,190.16,50.79,14.74,3.93,0.0
20230522:1311,470.36,47.57,14.41,5.17,0.0
20230522:1411,645.51,42.18,13.96,4.69,0.0
20230522:1511,231.4,35.41,13.12,3.66,0.0
20230522:1611,83.42,27.92,11.98,3.72,0.0
20230522:1711,26.91,20.21,10.79,4.41,0.0
20230522:1811,13.45,12.68,9.65,4.21,0.0
20230522:1911,4.14,5.68,9.07,3.66,0.0
20230522:2011,0.0,0.0,8.78,3.72,0.0
20230522:2111,0.0,0.0,8.5,4.41,0.0
20230522:2211,0.0,0.0,8.28,4.9,0.0
20230522:2311,0.0,0.0,8.04,6.21,0.0
20230523:0011,0.0,0.0,7.85,6.07,0.0
20230523:0111,0.0,0.0,7.61,6.0,0.0
20230523:0211,0.0,0.0,7.53,6.28,0.0
20230523:0311,0.0,0.0,7.58,6.41,0.0
20230523:0411,31.45,7.57,7.61,6.76,0.0
20230523:0511,86.89,14.74,7.85,7.52,0.0
20230523:0611,109.58,22.34,8.17,8.34,0.0
20230523:0711,299.49,30.04,8.57,8.21,0.0
20230523:0811,570.75,37.4,8.94,8.62,0.0
20230523:0911,762.06,43.9,9.19,8.76,0.0
20230523:1011,770.37,48.82,9.6,8.62,0.0
20230523:1111,987.33,51.37,9.88,8.83,0.0
20230523:1211,1024.71,50.98,10.23,9.1,0.0
20230523:1311,952.91,47.76,10.4,8.9,0.0
20230523:1411,809.39,42.36,10.45,8.21,0.0
20230523:1511,645.56,35.58,10.42,8.0,0.0
20230523:1611,436.67,28.09,10.29,7.45,0.0
20230523:1711,225.86,20.38,10.16,6.97,0.0
20230523:1811,57.73,12.85,9.8,5.79,0.0
20230523:1911,24.83,5.86,9.4,5.03,0.0
20230523:2011,0.0,0.0,9.06,5.24,0.0
20230523:2111,0.0,0.0,8.29,4.34,0.0
20230523:2211,0.0,0.0,7.74,3.59,0.0
20230523:2311,0.0,0.0,7.47,3.31,0.0
20230524:0011,0.0,0.0,7.61,2.83,0.0
20230524:0111,0.0,0.0,7.5,3.03,0.0
20230524:0211,0.0,0.0,6.77,2.21,0.0
20230524:0311,0.0,0.0,6.98,1.45,0.0
20230524:0411,33.93,7.73,7.25,1.1,0.0
20230524:0511,15.72,14.89,7.99,0.97,0.0
20230524:0611,113.16,22.49,8.62,0.41,0.0
20230524:0711,154.36,30.19,9.27,0.76,0.0
20230524:0811,232.04,37.56,9.59,1.03,0.0
20230524:0911,262.09,44.06,9.95,1.79,0.0
20230524:1011,256.36,49.0,10.32,2.21,0.0
20230524:1111,280.74,51.55,10.29,3.03,0.0
20230524:1211,202.72,51.17,10.19,3.45,0.0
20230524:1311,163.25,47.95,10.12,3.86,0.0
20230524:1411,228.54,42.54,10.25,4.55,0.0
20230524:1511,464.98,35.76,10.26,5.24,0.0
20230524:1611,347.91,28.26,10.34,5.38,0.0
20230524:1711,203.11,20.55,10.25,4.76,0.0
20230524:1811,76.07,13.03,9.99,5.17,0.0
20230524:1911,28.14,6.03,9.74,5.1,0.0
20230524:2011,0.0,0.0,9.68,4.62,0.0
20230524:2111,0.0,0.0,9.38,5.03,0.0
20230524:2211,0.0,0.0,9.25,5.45,0.0
20230524:2311,0.0,0.0,9.1,5.38,0.0
20230525:0011,0.0,0.0,9.08,4.9,0.0
20230525:0111,0.0,0.0,8.82,4.62,0.0
20230525:0211,0.0,0.0,8.86,4.83,0.0
20230525:0311,0.0,0.0,8.67,4.9,0.0
20230525:0411,12.41,7.88,8.53,4.97,0.0
20230525:0511,86.07,15.03,8.72,5.1,0.0
20230525:0611,188.74,22.63,8.93,5.66,0.0
20230525:0711,385.84,30.33,9.19,5.79,0.0
20230525:0811,418.14,37.7,9.28,5.59,0.0
20230525:0911,554.89,44.22,9.48,5.52,0.0
20230525:1011,589.17,49.17,9.72,5.66,0.0
20230525:1111,851.69,51.73,9.86,5.45,0.0
20230525:1211,452.33,51.36,9.94,5.45,0.0
20230525:1311,626.23,48.13,9.88,5.66,0.0
20230525:1411,656.36,42.71,10.08,6.0,0.0
20230525:1511,544.54,35.92,9.91,6.14,0.0
20230525:1611,354.98,28.42,9.81,6.41,0.0
20230525:1711,197.95,20.71,9.57,6.34,0.0
20230525:1811,67.89,13.19,9.32,6.14,0.0
20230525:1911,10.76,6.2,9.14,6.07,0.0
20230525:2011,0.0,0.0,9.02,6.48,0.0
20230525:2111,0.0,0.0,8.73,6.34,0.0
20230525:2211,0.0,0.0,8.64,7.1,0.0
20230525:2311,0.0,0.0,8.48,7.17,0.0
20230526:0011,0.0,0.0,8.45,7.17,0.0
20230526:0111,0.0,0.0,8.34,6.83,0.0
20230526:0211,0.0,0.0,8.43,6.34,0.0
20230526:0311,0.83,1.66,8.47,6.14,0.0
20230526:0411,30.62,8.02,8.35,6.21,0.0
20230526:0511,88.55,15.16,8.31,6.07,0.0
20230526:0611,177.18,22.76,8.42,5.72,0.0
20230526:0711,268.45,30.46,8.74,4.97,0.0
20230526:0811,291.78,37.84,9.06,5.24,0.0
20230526:0911,411.29,44.37,9.35,5.03,0.0
20230526:1011,562.12,49.33,9.46,4.9,0.0
20230526:1111,657.13,51.91,9.73,5.17,0.0
20230526:1211,825.25,51.53,10.03,5.38,0.0
20230526:1311,820.08,48.3,10.03,5.59,0.0
20230526:1411,668.75,42.88,10.2,5.52,0.0
20230526:1511,578.03,36.09,10.21,5.59,0.0
20230526:1611,403.38,28.58,9.97,5.31,0.0
20230526:1711,218.72,20.87,9.84,4.69,0.0
20230526:1811,77.16,13.35,9.59,4.14,0.0
20230526:1911,28.96,6.37,9.31,3.72,0.0
20230526:2011,0.0,0.0,9.04,3.17,0.0
20230526:2111,0.0,0.0,8.64,2.62,0.0
20230526:2211,0.0,0.0,8.24,1.17,0.0
20230526:2311,0.0,0.0,7.85,1.31,0.0
20230527:0011,0.0,0.0,8.27,1.52,0.0
20230527:0111,0.0,0.0,8.04,1.59,0.0
20230527:0211,0.0,0.0,7.75,1.31,0.0
20230527:0311,0.83,1.8,7.61,1.17,0.0
20230527:0411,26.48,8.15,7.65,1.24,0.0
20230527:0511,46.34,15.3,7.91,1.52,0.0
20230527:0611,102.77,22.89,8.2,2.07,0.0
20230527:0711,225.89,30.59,8.47,2.69,0.0
20230527:0811,194.5,37.98,8.96,3.31,0.0
20230527:0911,271.78,44.51,9.76,4.21,0.0
20230527:1011,437.61,49.48,10.21,5.24,0.0
20230527:1111,202.72,52.07,10.59,6.07,0.0
20230527:1211,163.25,51.71,10.67,6.76,0.0
20230527:1311,119.3,48.47,10.55,7.17,0.0
20230527:1411,92.39,43.04,10.45,7.24,0.0
20230527:1511,140.83,36.24,10.17,7.24,0.0
20230527:1611,67.27,28.74,10.04,6.34,0.0
20230527:1711,37.67,21.03,9.91,4.69,0.0
20230527:1811,24.22,13.51,9.91,4.28,0.0
20230527:1911,4.97,6.53,9.8,4.21,0.0
20230527:2011,0.0,0.0,9.85,4.28,0.0
20230527:2111,0.0,0.0,9.57,5.31,0.0
20230527:2211,0.0,0.0,9.34,5.79,0.0
20230527:2311,0.0,0.0,9.01,5.59,0.0
20230528:0011,0.0,0.0,8.54,5.03,0.0
20230528:0111,0.0,0.0,8.41,5.59,0.0
20230528:0211,0.0,0.0,8.19,5.93,0.0
20230528:0311,0.83,1.94,8.29,5.79,0.0
20230528:0411,43.03,8.28,8.15,5.86,0.0
20230528:0511,76.14,15.42,8.05,6.0,0.0
20230528:0611,193.9,23.01,8.27,5.38,0.0
20230528:0711,311.05,30.71,8.38,5.79,0.0
20230528:0811,532.02,38.1,8.44,6.07,0.0
20230528:0911,563.24,44.65,8.69,6.34,0.0
20230528:1011,514.81,49.63,8.94,5.52,0.0
20230528:1111,875.03,52.23,8.87,5.38,0.0
20230528:1211,634.78,51.87,9.2,5.79,0.0
20230528:1311,578.43,48.63,9.15,6.34,0.0
20230528:1411,777.83,43.2,9.35,6.55,0.0
20230528:1511,655.18,36.4,9.22,6.69,0.0
20230528:1611,454.4,28.89,8.89,6.55,0.0
20230528:1711,198.5,21.18,8.74,6.76,0.0
20230528:1811,79.6,13.67,8.44,6.62,0.0
20230528:1911,29.79,6.69,8.08,6.48,0.0
20230528:2011,0.0,0.0,7.59,5.79,0.0
20230528:2111,0.0,0.0,7.2,5.66,0.0
20230528:2211,0.0,0.0,7.07,5.24,0.0
20230528:2311,0.0,0.0,6.86,5.1,0.0
20230529:0011,0.0,0.0,6.55,5.1,0.0
20230529:0111,0.0,0.0,6.38,4.62,0.0
20230529:0211,0.0,0.0,6.32,3.93,0.0
20230529:0311,0.83,2.07,6.08,2.9,0.0
20230529:0411,7.45,8.41,6.39,2.0,0.0
20230529:0511,41.38,15.54,6.9,1.38,0.0
20230529:0611,204.09,23.13,7.4,1.24,0.0
20230529:0711,406.34,30.83,8.07,1.38,0.0
20230529:0811,538.67,38.23,8.49,2.14,0.0
20230529:0911,334.01,44.78,9.03,2.9,0.0
20230529:1011,154.28,49.78,9.04,3.31,0.0
20230529:1111,202.72,52.39,9.02,3.72,0.0
20230529:1211,163.25,52.03,9.17,4.28,0.0
20230529:1311,187.47,48.79,9.13,4.21,0.0
20230529:1411,108.54,43.36,9.02,4.0,0.0
20230529:1511,101.36,36.55,9.0,4.21,0.0
20230529:1611,78.94,29.04,9.13,4.55,0.0
20230529:1711,64.58,21.33,9.38,4.62,0.0
20230529:1811,33.19,13.82,9.45,4.55,0.0
20230529:1911,4.97,6.84,9.39,4.76,0.0
20230529:2011,0.0,0.0,9.41,5.1,0.0
20230529:2111,0.0,0.0,9.27,5.38,0.0
20230529:2211,0.0,0.0,9.08,5.31,0.0
20230529:2311,0.0,0.0,8.98,5.03,0.0
20230530:0011,0.0,0.0,8.95,4.69,0.0
20230530:0111,0.0,0.0,8.71,4.76,0.0
20230530:0211,0.0,0.0,8.47,4.48,0.0
20230530:0311,0.83,2.19,8.51,4.34,0.0
20230530:0411,14.9,8.52,8.4,4.55,0.0
20230530:0511,86.07,15.65,8.66,4.55,0.0
20230530:0611,178.41,23.24,9.14,4.28,0.0
20230530:0711,311.05,30.94,9.6,4.21,0.0
20230530:0811,511.87,38.34,10.03,4.07,0.0
20230530:0911,573.91,44.9,10.78,3.86,0.0
20230530:1011,738.66,49.91,11.66,3.45,0.0
20230530:1111,976.17,52.54,12.07,4.07,0.0
20230530:1211,1019.83,52.19,12.07,4.97,0.0
20230530:1311,961.33,48.94,12.25,5.38,0.0
20230530:1411,835.84,43.51,12.23,5.59,0.0
20230530:1511,659.73,36.69,12.29,5.72,0.0
20230530:1611,453.07,29.18,11.98,5.59,0.0
20230530:1711,240.96,21.47,11.7,5.59,0.0
20230530:1811,69.25,13.96,11.06,5.93,0.0
20230530:1911,30.62,6.99,10.48,6.07,0.0
20230530:2011,0.0,0.0,9.96,5.86,0.0
20230530:2111,0.0,0.0,9.37,5.38,0.0
20230530:2211,0.0,0.0,9.1,5.31,0.0
20230530:2311,0.0,0.0,8.78,5.86,0.0
20230531:0011,0.0,0.0,8.53,5.72,0.0
20230531:0111,0.0,0.0,8.19,5.59,0.0
20230531:0211,0.0,0.0,7.99,5.79,0.0
20230531:0311,0.83,2.31,8.17,5.79,0.0
20230531:0411,7.45,8.64,8.36,5.38,0.0
20230531:0511,54.62,15.76,8.51,4.76,0.0
20230531:0611,103.15,23.34,9.16,4.48,0.0
20230531:0711,160.56,31.04,9.52,4.21,0.0
20230531:0811,198.94,38.45,9.92,4.21,0.0
20230531:0911,272.98,45.02,10.23,4.48,0.0
20230531:1011,283.33,50.04,10.28,4.48,0.0
20230531:1111,193.75,52.68,10.53,4.97,0.0
20230531:1211,473.45,52.33,10.34,5.03,0.0
20230531:1311,512.68,49.09,10.32,5.03,0.0
20230531:1411,447.51,43.65,10.27,5.24,0.0
20230531:1511,512.84,36.83,10.32,5.52,0.0
20230531:1611,246.96,29.32,10.17,5.72,0.0
20230531:1711,183.07,21.61,9.97,5.86,0.0
20230531:1811,83.36,14.1,9.73,5.86,0.0
20230531:1911,18.21,7.13,9.54,5.93,0.0
20230531:2011,0.0,0.0,9.37,5.66,0.0
20230531:2111,0.0,0.0,9.0,5.59,0.0
20230531:2211,0.0,0.0,8.94,5.72,0.0
20230531:2311,0.0,0.0,8.72,5.52,0.0
20230601:0011,0.0,0.0,8.42,5.52,0.0
20230601:0111,0.0,0.0,8.08,5.93,0.0
20230601:0211,0.0,0.0,7.9,6.34,0.0
20230601:0311,1.66,2.42,7.7,6.76,0.0
20230601:0411,36.41,8.74,7.71,6.97,0.0
20230601:0511,57.93,15.86,7.95,7.38,0.0
20230601:0611,214.33,23.44,8.11,7.72,0.0
20230601:0711,388.32,31.14,8.11,8.07,0.0
20230601:0811,634.5,38.55,8.52,7.93,0.0
20230601:0911,822.03,45.13,8.75,7.72,0.0
20230601:1011,955.38,50.17,10.19,6.76,0.0
20230601:1111,1052.48,52.81,10.65,6.9,0.0
20230601:1211,1019.79,52.48,11.39,7.52,0.0
20230601:1311,963.05,49.23,11.77,7.66,0.0
20230601:1411,832.4,43.79,11.97,7.79,0.0
20230601:1511,670.88,36.97,11.89,8.07,0.0
20230601:1611,460.07,29.45,11.8,8.34,0.0
20230601:1711,245.59,21.74,11.46,8.28,0.0
20230601:1811,49.97,14.24,10.81,8.0,0.0
20230601:1911,28.96,7.27,10.04,7.59,0.0
20230601:2011,0.0,0.0,9.4,6.97,0.0
20230601:2111,0.0,0.0,8.17,6.14,0.0
20230601:2211,0.0,0.0,8.01,4.62,0.0
20230601:2311,0.0,0.0,7.39,4.34,0.0
20230602:0011,0.0,0.0,6.84,3.79,0.0
20230602:0111,0.0,0.0,6.4,3.17,0.0
20230602:0211,0.0,0.0,6.1,2.62,0.0
20230602:0311,1.66,2.53,6.05,2.28,0.0
20230602:0411,45.52,8.84,6.34,2.07,0.0
20230602:0511,52.96,15.95,7.64,1.79,0.0
20230602:0611,216.11,23.53,9.01,1.72,0.0
20230602:0711,436.9,31.23,10.25,1.72,0.0
20230602:0811,646.54,38.65,11.26,1.72,0.0
20230602:0911,835.1,45.24,12.07,2.41,0.0
20230602:1011,955.3,50.28,12.52,2.97,0.0
20230602:1111,1040.11,52.94,12.46,3.86,0.0
20230602:1211,1032.93,52.61,12.18,3.93,0.0
20230602:1311,968.92,49.37,12.02,3.66,0.0
20230602:1411,843.42,43.92,12.01,3.31,0.0
20230602:1511,667.27,37.1,11.95,3.17,0.0
20230602:1611,422.03,29.58,11.81,2.97,0.0
20230602:1711,240.36,21.87,11.61,2.97,0.0
20230602:1811,55.02,14.37,11.21,3.17,0.0
20230602:1911,30.62,7.4,10.6,3.24,0.0
20230602:2011,0.0,0.0,9.82,2.97,0.0
20230602:2111,0.0,0.0,8.87,3.03,0.0
20230602:2211,0.0,0.0,9.11,2.21,0.0
20230602:2311,0.0,0.0,8.31,2.55,0.0
20230603:0011,0.0,0.0,7.52,3.66,0.0
20230603:0111,0.0,0.0,6.9,4.07,0.0
20230603:0211,0.0,0.0,6.62,3.93,0.0
20230603:0311,1.66,2.63,6.8,3.86,0.0
20230603:0411,47.17,8.93,7.26,4.41,0.0
20230603:0511,96.82,16.04,8.01,4.76,0.0
20230603:0611,201.38,23.61,8.83,5.03,0.0
20230603:0711,393.31,31.32,9.74,5.17,0.0
20230603:0811,615.64,38.74,10.8,5.1,0.0
20230603:0911,812.63,45.34,11.39,5.24,0.0
20230603:1011,914.56,50.39,12.02,5.52,0.0
20230603:1111,962.08,53.07,12.28,5.79,0.0
20230603:1211,1008.12,52.74,12.53,5.86,0.0
20230603:1311,945.81,49.5,12.74,6.28,0.0
20230603:1411,818.41,44.05,12.72,6.62,0.0
20230603:1511,636.76,37.23,12.61,6.83,0.0
20230603:1611,441.66,29.71,12.23,6.69,0.0
20230603:1711,236.27,22.0,11.88,6.34,0.0
20230603:1811,73.53,14.49,11.48,5.93,0.0
20230603:1911,38.07,7.53,11.01,5.79,0.0
20230603:2011,0.0,0.0,10.29,5.66,0.0
20230603:2111,0.0,0.0,9.13,5.45,0.0
20230603:2211,0.0,0.0,8.55,5.03,0.0
20230603:2311,0.0,0.0,8.1,5.17,0.0
20230604:0011,0.0,0.0,7.6,4.97,0.0
20230604:0111,0.0,0.0,7.24,4.97,0.0
20230604:0211,0.0,0.0,6.98,4.97,0.0
20230604:0311,1.66,2.72,6.74,4.76,0.0
20230604:0411,9.1,9.02,6.91,4.34,0.0
20230604:0511,46.34,16.12,7.87,3.86,0.0
20230604:0611,126.14,23.69,9.04,3.72,0.0
20230604:0711,293.23,31.4,10.26,3.52,0.0
20230604:0811,637.5,38.82,11.31,3.45,0.0
20230604:0911,826.62,45.43,12.44,3.59,0.0
20230604:1011,960.61,50.5,13.15,2.97,0.0
20230604:1111,1052.21,53.18,13.63,3.72,0.0
20230604:1211,1039.86,52.86,13.93,4.0,0.0
20230604:1311,975.94,49.63,13.91,4.14,0.0
20230604:1411,845.15,44.17,14.05,4.07,0.0
20230604:1511,674.04,37.35,14.0,3.86,0.0
20230604:1611,434.91,29.83,13.98,3.38,0.0
20230604:1711,247.62,22.12,13.98,3.24,0.0
20230604:1811,60.1,14.61,13.62,3.31,0.0
20230604:1911,30.62,7.65,13.02,3.38,0.0
20230604:2011,0.83,1.56,12.01,3.31,0.0
20230604:2111,0.0,0.0,10.84,4.0,0.0
20230604:2211,0.0,0.0,9.76,2.62,0.0
20230604:2311,0.0,0.0,9.24,3.24,0.0
20230605:0011,0.0,0.0,8.79,4.07,0.0
20230605:0111,0.0,0.0,8.38,4.41,0.0
20230605:0211,0.0,0.0,8.13,4.55,0.0
20230605:0311,1.66,2.81,8.09,4.28,0.0
20230605:0411,49.65,9.1,7.94,4.14,0.0
20230605:0511,53.79,16.19,8.9,4.28,0.0
20230605:0611,216.03,23.77,9.33,4.69,0.0
20230605:0711,427.17,31.47,10.08,4.9,0.0
20230605:0811,654.64,38.9,11.04,5.17,0.0
20230605:0911,812.91,45.51,11.79,5.24,0.0
20230605:1011,961.44,50.59,12.67,5.17,0.0
20230605:1111,1040.88,53.29,13.18,5.79,0.0
20230605:1211,1040.89,52.98,13.45,6.55,0.0
20230605:1311,978.17,49.75,13.64,6.83,0.0
20230605:1411,851.59,44.29,13.64,6.69,0.0
20230605:1511,679.95,37.46,13.44,6.9,0.0
20230605:1611,469.45,29.94,13.27,7.1,0.0
20230605:1711,249.99,22.24,12.9,7.17,0.0
20230605:1811,56.8,14.73,12.26,7.17,0.0
20230605:1911,31.45,7.77,11.54,6.9,0.0
20230605:2011,0.83,1.68,10.64,6.69,0.0
20230605:2111,0.0,0.0,9.73,6.21,0.0
20230605:2211,0.0,0.0,8.9,5.38,0.0
20230605:2311,0.0,0.0,8.39,5.72,0.0
20230606:0011,0.0,0.0,8.02,5.86,0.0
20230606:0111,0.0,0.0,7.48,5.59,0.0
20230606:0211,0.0,0.0,7.2,5.66,0.0
20230606:0311,1.66,2.89,7.06,5.79,0.0
20230606:0411,43.03,9.17,7.44,5.72,0.0
20230606:0511,61.24,16.26,8.24,5.93,0.0
20230606:0611,215.88,23.83,9.11,6.28,0.0
20230606:0711,0.0,0.0,10.2,6.83,0.0
20230606:0811,659.4,38.97,11.24,7.1,0.0
20230606:0911,829.46,45.59,12.32,7.24,0.0
20230606:1011,970.07,50.69,13.13,6.9,0.0
20230606:1111,1049.9,53.39,13.6,7.38,0.0
20230606:1211,1037.63,53.09,13.98,7.86,0.0
20230606:1311,980.64,49.86,14.15,8.07,0.0
20230606:1411,855.25,44.41,14.18,8.07,0.0
20230606:1511,678.78,37.58,14.02,7.93,0.0
20230606:1611,472.72,30.05,13.89,7.79,0.0
20230606:1711,252.85,22.35,13.49,7.59,0.0
20230606:1811,57.0,14.84,12.86,7.24,0.0
20230606:1911,33.1,7.88,11.92,6.83,0.0
20230606:2011,0.83,1.8,11.11,6.28,0.0
20230606:2111,0.0,0.0,9.93,5.72,0.0
20230606:2211,0.0,0.0,8.9,4.97,0.0
20230606:2311,0.0,0.0,8.29,5.17,0.0
20230607:0011,0.0,0.0,7.79,5.24,0.0
20230607:0111,0.0,0.0,7.3,5.1,0.0
20230607:0211,0.0,0.0,7.14,4.76,0.0
20230607:0311,1.66,2.96,7.11,4.62,0.0
20230607:0411,34.76,9.24,7.44,4.69,0.0
20230607:0511,91.86,16.32,8.22,4.62,0.0
20230607:0611,182.35,23.89,9.11,4.69,0.0
20230607:0711,385.13,31.6,10.38,4.83,0.0
20230607:0811,647.05,39.03,11.66,4.9,0.0
20230607:0911,830.38,45.66,12.76,5.31,0.0
20230607:1011,959.34,50.77,13.9,5.38,0.0
20230607:1111,1033.22,53.49,14.47,5.93,0.0
20230607:1211,1033.16,53.2,14.6,6.76,0.0
20230607:1311,983.11,49.97,14.69,7.03,0.0
20230607:1411,852.46,44.51,14.58,7.03,0.0
20230607:1511,684.84,37.68,14.26,6.97,0.0
20230607:1611,474.08,30.16,13.81,6.9,0.0
20230607:1711,255.08,22.45,13.3,6.76,0.0
20230607:1811,57.86,14.95,12.6,6.41,0.0
20230607:1911,31.45,7.99,11.98,6.14,0.0
20230607:2011,0.83,1.9,11.25,5.86,0.0
20230607:2111,0.0,0.0,10.14,5.59,0.0
20230607:2211,0.0,0.0,9.18,5.38,0.0
20230607:2311,0.0,0.0,8.67,5.45,0.0
20230608:0011,0.0,0.0,8.18,5.72,0.0
20230608:0111,0.0,0.0,7.79,6.0,0.0
20230608:0211,0.0,0.0,7.62,6.14,0.0
20230608:0311,1.66,3.03,7.69,6.0,0.0
20230608:0411,39.72,9.3,7.9,5.66,0.0
20230608:0511,63.72,16.38,8.28,5.38,0.0
20230608:0611,166.34,23.95,8.97,5.1,0.0
20230608:0711,274.66,31.65,9.78,4.97,0.0
20230608:0811,426.39,39.09,11.1,4.76,0.0
20230608:0911,812.07,45.73,12.4,4.55,0.0
20230608:1011,960.44,50.85,13.49,4.07,0.0
20230608:1111,1022.07,53.58,14.23,4.55,0.0
20230608:1211,1034.41,53.29,14.72,5.24,0.0
20230608:1311,972.14,50.07,15.0,5.59,0.0
20230608:1411,853.82,44.62,14.96,5.17,0.0
20230608:1511,674.39,37.78,15.03,4.83,0.0
20230608:1611,468.88,30.26,14.79,4.41,0.0
20230608:1711,253.06,22.55,14.37,4.14,0.0
20230608:1811,65.14,15.05,13.7,3.66,0.0
20230608:1911,39.72,8.09,12.98,3.03,0.0
20230608:2011,0.83,2.01,12.16,2.28,0.0
20230608:2111,0.0,0.0,11.14,1.79,0.0
20230608:2211,0.0,0.0,10.06,0.34,0.0
20230608:2311,0.0,0.0,9.28,0.76,0.0
20230609:0011,0.0,0.0,8.9,0.83,0.0
20230609:0111,0.0,0.0,8.91,0.83,0.0
20230609:0211,0.0,0.0,8.69,0.97,0.0
20230609:0311,1.66,3.09,8.58,1.38,0.0
20230609:0411,48.0,9.35,9.71,1.66,0.0
20230609:0511,91.86,16.43,11.35,1.72,0.0
20230609:0611,211.17,23.99,13.44,1.45,0.0
20230609:0711,411.67,31.7,16.19,1.59,0.0
20230609:0811,605.51,39.14,17.38,1.31,0.0
20230609:0911,700.08,45.79,16.7,0.41,0.0
20230609:1011,790.59,50.92,17.08,1.45,0.0
20230609:1111,874.78,53.66,16.99,2.69,0.0
20230609:1211,858.67,53.39,17.0,3.72,0.0
20230609:1311,839.35,50.17,16.74,4.41,0.0
20230609:1411,728.83,44.71,15.49,3.93,0.0
20230609:1511,587.02,37.88,14.92,3.66,0.0
20230609:1611,426.23,30.36,14.44,3.66,0.0
20230609:1711,248.66,22.65,14.23,3.45,0.0
20230609:1811,94.0,15.15,14.05,2.9,0.0
20230609:1911,24.0,8.19,14.01,2.34,0.0
20230609:2011,0.83,2.1,13.44,2.21,0.0
20230609:2111,0.0,0.0,12.14,2.62,0.0
20230609:2211,0.0,0.0,10.89,2.69,0.0
20230609:2311,0.0,0.0,10.64,2.69,0.0
20230610:0011,0.0,0.0,10.23,2.62,0.0
20230610:0111,0.0,0.0,9.84,2.9,0.0
20230610:0211,0.0,0.0,9.92,3.24,0.0
20230610:0311,1.66,3.14,10.53,3.93,0.0
20230610:0411,45.52,9.4,11.62,4.41,0.0
20230610:0511,64.55,16.47,13.37,4.62,0.0
20230610:0611,212.87,24.03,15.16,4.41,0.0
20230610:0711,424.6,31.74,16.48,4.83,0.0
20230610:0811,642.53,39.19,17.13,5.03,0.0
20230610:0911,816.18,45.84,17.7,5.1,0.0
20230610:1011,944.25,50.98,18.78,5.45,0.0
20230610:1111,971.58,53.74,18.9,5.59,0.0
20230610:1211,991.32,53.47,18.81,5.66,0.0
20230610:1311,920.05,50.26,18.6,5.59,0.0
20230610:1411,835.35,44.8,18.46,5.52,0.0
20230610:1511,656.3,37.97,18.48,5.24,0.0
20230610:1611,436.94,30.45,18.51,4.69,0.0
20230610:1711,242.15,22.74,18.17,3.93,0.0
20230610:1811,63.41,15.24,17.73,3.59,0.0
20230610:1911,38.9,8.28,16.85,3.31,0.0
20230610:2011,1.66,2.19,15.89,2.9,0.0
20230610:2111,0.0,0.0,15.01,2.76,0.0
20230610:2211,0.0,0.0,13.24,2.76,0.0
20230610:2311,0.0,0.0,12.86,2.76,0.0
20230611:0011,0.0,0.0,12.66,2.97,0.0
20230611:0111,0.0,0.0,12.49,3.52,0.0
20230611:0211,0.0,0.0,12.36,4.14,0.0
20230611:0311,1.66,3.19,12.53,4.62,0.0
20230611:0411,42.21,9.44,13.05,4.69,0.0
20230611:0511,59.58,16.51,14.34,4.62,0.0
20230611:0611,213.99,24.07,15.98,4.48,0.0
20230611:0711,426.73,31.78,17.31,4.83,0.0
20230611:0811,629.43,39.23,18.45,4.69,0.0
20230611:0911,806.74,45.89,19.39,4.48,0.0
20230611:1011,939.13,51.03,19.83,3.31,0.0
20230611:1111,1017.89,53.8,19.96,3.66,0.0
20230611:1211,971.67,53.55,20.24,4.34,0.0
20230611:1311,719.23,50.34,20.65,4.83,0.0
20230611:1411,660.67,44.89,20.82,4.97,0.0
20230611:1511,658.0,38.06,20.87,5.31,0.0
20230611:1611,398.24,30.53,20.72,5.52,0.0
20230611:1711,217.24,22.83,20.29,5.66,0.0
20230611:1811,77.15,15.32,19.76,5.17,0.0
20230611:1911,10.76,8.37,19.07,4.69,0.0
20230611:2011,1.66,2.28,18.25,4.34,0.0
20230611:2111,0.0,0.0,16.86,4.55,0.0
20230611:2211,0.0,0.0,15.99,5.17,0.0
20230611:2311,0.0,0.0,15.43,5.52,0.0
20230612:0011,0.0,0.0,15.02,5.72,0.0
20230612:0111,0.0,0.0,14.9,6.07,0.0
20230612:0211,0.0,0.0,14.69,6.14,0.0
20230612:0311,1.66,3.23,14.64,5.79,0.0
20230612:0411,32.27,9.48,14.71,5.31,0.0
20230612:0511,96.82,16.54,15.53,4.9,0.0
20230612:0611,184.19,24.1,16.58,4.83,0.0
20230612:0711,260.73,31.81,17.42,4.83,0.0
20230612:0811,336.88,39.26,18.15,4.69,0.0
20230612:0911,0.0,0.0,18.69,4.69,0.0
20230612:1011,301.54,51.08,19.09,4.28,0.0
20230612:1111,841.93,53.87,19.12,4.69,0.0
20230612:1211,900.37,53.62,19.14,5.17,0.0
20230612:1311,745.63,50.42,18.97,5.38,0.0
20230612:1411,756.43,44.97,18.52,4.97,0.0
20230612:1511,581.25,38.14,18.07,4.14,0.0
20230612:1611,441.28,30.61,17.48,3.31,0.0
20230612:1711,216.87,22.91,16.79,2.55,0.0
20230612:1811,76.18,15.4,16.0,1.93,0.0
20230612:1911,42.21,8.45,15.2,1.38,0.0
20230612:2011,1.66,2.36,14.92,1.31,0.0
20230612:2111,0.0,0.0,13.56,1.52,0.0
20230612:2211,0.0,0.0,13.14,1.59,0.0
20230612:2311,0.0,0.0,13.22,1.38,0.0
20230613:0011,0.0,0.0,12.82,1.31,0.0
20230613:0111,0.0,0.0,12.4,1.45,0.0
20230613:0211,0.0,0.0,12.61,1.31,0.0
20230613:0311,13.24,3.27,12.5,1.24,0.0
20230613:0411,51.31,9.51,12.36,1.31,0.0
20230613:0511,30.62,16.57,13.35,1.31,0.0
20230613:0611,116.65,24.12,14.79,1.45,0.0
20230613:0711,257.97,31.83,15.98,2.0,0.0
20230613:0811,356.55,39.29,16.83,2.48,0.0
20230613:0911,667.13,45.96,17.95,3.1,0.0
20230613:1011,757.71,51.13,19.02,3.45,0.0
20230613:1111,972.61,53.92,19.42,3.45,0.0
20230613:1211,965.33,53.69,19.41,4.14,0.0
20230613:1311,921.46,50.49,19.7,4.55,0.0
20230613:1411,805.57,45.04,19.37,5.03,0.0
20230613:1511,572.7,38.21,18.82,5.24,0.0
20230613:1611,423.13,30.69,18.81,4.83,0.0
20230613:1711,243.87,22.98,18.76,4.21,0.0
20230613:1811,86.46,15.48,18.19,3.86,0.0
20230613:1911,38.07,8.52,17.51,3.31,0.0
20230613:2011,0.83,2.43,16.88,2.76,0.0
20230613:2111,0.0,0.0,15.64,2.83,0.0
20230613:2211,0.0,0.0,14.86,2.21,0.0
20230613:2311,0.0,0.0,14.4,1.1,0.0
20230614:0011,0.0,0.0,14.23,1.24,0.0
20230614:0111,0.0,0.0,14.09,2.07,0.0
20230614:0211,0.0,0.0,13.75,2.28,0.0
20230614:0311,14.07,3.3,13.34,1.86,0.0
20230614:0411,9.93,9.53,13.57,1.93,0.0
20230614:0511,97.65,16.59,14.0,2.21,0.0
20230614:0611,205.02,24.14,14.81,2.21,0.0
20230614:0711,375.31,31.85,16.15,2.21,0.0
20230614:0811,599.26,39.31,17.45,2.34,0.0
20230614:0911,762.99,45.99,18.43,2.69,0.0
20230614:1011,904.59,51.16,19.03,3.03,0.0
20230614:1111,993.4,53.97,19.14,3.31,0.0
20230614:1211,1000.15,53.75,19.04,4.07,0.0
20230614:1311,947.85,50.55,18.85,4.34,0.0
20230614:1411,822.91,45.11,18.4,3.38,0.0
20230614:1511,619.54,38.28,17.59,2.28,0.0
20230614:1611,473.33,30.76,17.19,2.34,0.0
20230614:1711,257.99,23.05,17.24,3.1,0.0
20230614:1811,43.95,15.55,17.36,3.24,0.0
20230614:1911,12.41,8.59,16.94,2.97,0.0
20230614:2011,1.66,2.5,16.21,2.97,0.0
20230614:2111,0.0,0.0,14.97,2.97,0.0
20230614:2211,0.0,0.0,14.28,2.62,0.0
20230614:2311,0.0,0.0,13.9,2.0,0.0
20230615:0011,0.0,0.0,13.39,1.86,0.0
20230615:0111,0.0,0.0,12.91,2.0,0.0
20230615:0211,0.0,0.0,12.83,2.07,0.0
20230615:0311,13.24,3.32,12.73,2.07,0.0
20230615:0411,44.69,9.55,12.74,2.0,0.0
20230615:0511,66.21,16.6,13.78,2.28,0.0
20230615:0611,208.22,24.15,14.98,2.76,0.0
20230615:0711,416.01,31.86,16.24,3.17,0.0
20230615:0811,625.96,39.32,17.65,3.38,0.0
20230615:0911,796.62,46.01,18.66,3.52,0.0
20230615:1011,928.74,51.19,20.07,3.86,0.0
20230615:1111,1001.93,54.01,20.83,4.21,0.0
20230615:1211,1008.95,53.8,21.26,4.0,0.0
20230615:1311,938.82,50.61,21.36,4.14,0.0
20230615:1411,815.63,45.17,21.07,5.1,0.0
20230615:1511,654.28,38.35,20.75,5.1,0.0
20230615:1611,454.32,30.82,20.14,4.34,0.0
20230615:1711,243.66,23.12,20.4,4.07,0.0
20230615:1811,68.21,15.61,19.94,4.14,0.0
20230615:1911,11.59,8.65,19.12,4.14,0.0
20230615:2011,1.66,2.56,18.04,3.79,0.0
20230615:2111,0.0,0.0,16.68,3.66,0.0
20230615:2211,0.0,0.0,15.46,3.1,0.0
20230615:2311,0.0,0.0,14.84,3.31,0.0
20230616:0011,0.0,0.0,14.15,2.83,0.0
20230616:0111,0.0,0.0,13.88,2.34,0.0
20230616:0211,0.0,0.0,13.57,2.07,0.0
20230616:0311,14.07,3.34,13.26,1.93,0.0
20230616:0411,50.48,9.56,13.28,1.93,0.0
20230616:0511,75.31,16.61,14.53,2.21,0.0
20230616:0611,206.87,24.16,15.66,2.41,0.0
20230616:0711,408.87,31.87,16.99,2.48,0.0
20230616:0811,618.27,39.33,18.38,2.97,0.0
20230616:0911,786.45,46.02,19.32,3.52,0.0
20230616:1011,916.44,51.22,19.81,4.07,0.0
20230616:1111,982.32,54.04,20.17,4.34,0.0
20230616:1211,995.93,53.84,20.59,4.83,0.0
20230616:1311,925.84,50.66,20.39,5.38,0.0
20230616:1411,804.26,45.23,19.98,5.38,0.0
20230616:1511,638.07,38.4,19.21,3.66,0.0
20230616:1611,90.6,30.88,19.28,2.28,0.0
20230616:1711,61.89,23.18,18.82,3.24,0.0
20230616:1811,95.05,15.67,18.19,3.59,0.0
20230616:1911,41.38,8.71,17.68,3.38,0.0
20230616:2011,1.66,2.61,16.83,3.03,0.0
20230616:2111,0.0,0.0,15.37,3.03,0.0
20230616:2211,0.0,0.0,14.54,1.38,0.0
20230616:2311,0.0,0.0,14.03,1.45,0.0
20230617:0011,0.0,0.0,13.82,1.66,0.0
20230617:0111,0.0,0.0,12.9,2.0,0.0
20230617:0211,0.0,0.0,12.42,1.86,0.0
20230617:0311,14.07,3.35,12.68,1.52,0.0
20230617:0411,48.0,9.57,12.78,1.38,0.0
20230617:0511,96.0,16.61,13.81,1.24,0.0
20230617:0611,205.82,24.16,15.01,1.24,0.0
20230617:0711,381.12,31.87,16.29,1.45,0.0
20230617:0811,608.64,39.33,17.56,2.14,0.0
20230617:0911,777.37,46.03,18.35,3.17,0.0
20230617:1011,911.84,51.23,18.34,3.66,0.0
20230617:1111,977.33,54.07,18.63,3.86,0.0
20230617:1211,991.13,53.88,18.42,3.72,0.0
20230617:1311,920.87,50.71,17.77,2.76,0.0
20230617:1411,806.47,45.28,18.15,2.69,0.0
20230617:1511,640.17,38.46,18.34,2.9,0.0
20230617:1611,418.72,30.94,18.14,3.24,0.0
20230617:1711,155.4,23.23,17.78,3.31,0.0
20230617:1811,46.64,15.72,17.25,3.03,0.0
20230617:1911,12.41,8.76,16.4,2.55,0.0
20230617:2011,1.66,2.66,15.62,1.86,0.0
20230617:2111,0.0,0.0,14.81,1.86,0.0
20230617:2211,0.0,0.0,14.05,1.17,0.0
20230617:2311,0.0,0.0,13.33,1.72,0.0
20230618:0011,0.0,0.0,12.91,1.86,0.0
20230618:0111,0.0,0.0,12.55,1.93,0.0
20230618:0211,0.0,0.0,12.44,1.59,0.0
20230618:0311,14.9,3.35,12.5,1.52,0.0
20230618:0411,8.28,9.57,12.58,1.72,0.0
20230618:0511,48.0,16.61,13.65,1.79,0.0
20230618:0611,140.85,24.15,14.99,1.45,0.0
20230618:0711,322.29,31.86,16.56,1.66,0.0
20230618:0811,559.54,39.33,17.95,2.41,0.0
20230618:0911,780.35,46.03,18.76,2.48,0.0
20230618:1011,908.55,51.24,19.65,3.72,0.0
20230618:1111,980.76,54.09,20.06,2.34,0.0
20230618:1211,981.56,53.91,18.69,1.93,0.0
20230618:1311,878.63,50.75,18.24,2.76,0.0
20230618:1411,575.24,45.33,18.88,3.24,0.0
20230618:1511,531.97,38.5,18.91,2.83,0.0
20230618:1611,370.71,30.99,18.42,1.1,0.0
20230618:1711,224.36,23.28,18.63,1.45,0.0
20230618:1811,96.05,15.77,18.68,1.45,0.0
20230618:1911,41.38,8.81,18.3,0.97,0.0
20230618:2011,1.66,2.71,17.42,0.9,0.0
20230618:2111,0.0,0.0,17.02,0.76,0.0
20230618:2211,0.0,0.0,17.1,1.1,0.0
20230618:2311,0.0,0.0,15.88,1.17,0.0
20230619:0011,0.0,0.0,15.55,1.38,0.0
20230619:0111,0.0,0.0,15.18,1.38,0.0
20230619:0211,0.0,0.0,14.4,0.9,0.0
20230619:0311,14.07,3.35,14.11,0.76,0.0
20230619:0411,51.31,9.56,14.1,1.1,0.0
20230619:0511,81.93,16.6,15.28,0.9,0.0
20230619:0611,204.71,24.14,16.79,0.83,0.0
20230619:0711,399.57,31.85,16.92,0.9,0.0
20230619:0811,591.38,39.32,17.43,0.34,0.0
20230619:0911,666.49,46.03,17.94,0.9,0.0
20230619:1011,716.28,51.25,18.75,2.28,0.0
20230619:1111,526.33,54.11,18.8,1.79,0.0
20230619:1211,481.03,53.94,19.02,1.17,0.0
20230619:1311,510.06,50.78,18.9,1.79,0.0
20230619:1411,430.64,45.36,18.9,1.52,0.0
20230619:1511,372.67,38.55,18.55,1.17,0.0
20230619:1611,117.51,31.03,18.18,1.86,0.0
20230619:1711,26.91,23.32,17.8,2.14,0.0
20230619:1811,17.04,15.81,17.36,2.07,0.0
20230619:1911,7.45,8.85,17.12,1.24,0.0
20230619:2011,1.66,2.74,16.76,0.69,0.0
20230619:2111,0.0,0.0,16.58,0.97,0.0
20230619:2211,0.0,0.0,16.45,1.72,0.0
20230619:2311,0.0,0.0,16.11,2.0,0.0
20230620:0011,0.0,0.0,16.05,2.14,0.0
20230620:0111,0.0,0.0,16.25,2.28,0.0
20230620:0211,0.0,0.0,15.9,2.14,0.0
20230620:0311,14.07,3.34,15.69,2.21,0.0
20230620:0411,8.28,9.55,15.75,1.86,0.0
20230620:0511,57.93,16.58,15.8,2.14,0.0
20230620:0611,64.58,24.12,16.12,1.72,0.0
20230620:0711,146.16,31.83,16.72,1.17,0.0
20230620:0811,279.89,39.31,16.96,0.97,0.0
20230620:0911,382.26,46.02,17.49,1.72,0.0
20230620:1011,412.85,51.24,18.72,1.72,0.0
20230620:1111,236.38,54.11,18.72,2.62,0.0
20230620:1211,117.51,53.95,18.63,3.52,0.0
20230620:1311,310.06,50.81,18.76,3.45,0.0
20230620:1411,392.55,45.4,18.23,2.62,0.0
20230620:1511,529.13,38.58,18.08,2.21,0.0
20230620:1611,301.28,31.06,18.4,2.14,0.0
20230620:1711,158.47,23.36,18.57,2.07,0.0
20230620:1811,28.7,15.85,18.19,1.93,0.0
20230620:1911,13.24,8.88,17.66,0.83,0.0
20230620:2011,1.66,2.77,17.23,0.48,0.0
20230620:2111,0.0,0.0,16.8,0.83,0.0
20230620:2211,0.0,0.0,16.64,0.55,0.0
20230620:2311,0.0,0.0,16.79,0.14,0.0
20230621:0011,0.0,0.0,16.97,1.38,0.0
20230621:0111,0.0,0.0,17.13,1.93,0.0
20230621:0211,0.0,0.0,17.13,1.86,0.0
20230621:0311,14.07,3.32,17.15,2.62,0.0
20230621:0411,8.28,9.53,17.38,3.17,0.0
20230621:0511,16.55,16.56,18.03,4.21,0.0
20230621:0611,43.06,24.1,18.42,4.97,0.0
20230621:0711,52.03,31.81,18.31,4.9,0.0
20230621:0811,147.11,39.28,18.32,4.62,0.0
20230621:0911,164.15,46.0,18.33,4.76,0.0
20230621:1011,137.24,51.23,18.55,5.24,0.0
20230621:1111,119.3,54.11,19.13,6.41,0.0
20230621:1211,420.1,53.97,19.21,6.83,0.0
20230621:1311,61.0,50.83,18.24,6.69,0.0
20230621:1411,95.98,45.42,16.76,7.1,0.0
20230621:1511,130.06,38.61,15.94,6.76,0.0
20230621:1611,87.91,31.1,15.79,6.62,0.0
20230621:1711,106.55,23.39,15.38,6.0,0.0
20230621:1811,38.57,15.88,15.18,5.72,0.0
20230621:1911,11.59,8.91,14.92,4.83,0.0
20230621:2011,1.66,2.8,14.73,3.86,0.0
20230621:2111,0.0,0.0,14.54,3.38,0.0
20230621:2211,0.0,0.0,14.46,2.55,0.0
20230621:2311,0.0,0.0,14.35,2.55,0.0
20230622:0011,0.0,0.0,14.36,2.97,0.0
20230622:0111,0.0,0.0,14.37,3.31,0.0
20230622:0211,0.0,0.0,14.28,3.45,0.0
20230622:0311,14.07,3.3,14.22,3.52,0.0
20230622:0411,8.28,9.5,14.26,3.52,0.0
20230622:0511,61.24,16.53,14.26,3.59,0.0
20230622:0611,196.01,24.07,14.01,3.52,0.0
20230622:0711,372.63,31.78,14.2,3.31,0.0
20230622:0811,572.51,39.26,14.37,2.83,0.0
20230622:0911,673.06,45.98,14.84,2.76,0.0
20230622:1011,591.22,51.22,14.88,1.66,0.0
20230622:1111,604.46,54.11,15.3,1.66,0.0
20230622:1211,924.28,53.97,15.65,2.14,0.0
20230622:1311,864.99,50.85,15.82,2.69,0.0
20230622:1411,820.66,45.44,15.9,3.24,0.0
20230622:1511,632.04,38.64,15.73,3.59,0.0
20230622:1611,343.35,31.12,15.72,3.86,0.0
20230622:1711,238.92,23.41,15.61,3.86,0.0
20230622:1811,78.27,15.9,15.33,3.79,0.0
20230622:1911,38.9,8.93,15.08,3.52,0.0
20230622:2011,10.76,2.82,14.76,3.03,0.0
20230622:2111,0.0,0.0,14.2,2.97,0.0
20230622:2211,0.0,0.0,13.53,2.97,0.0
20230622:2311,0.0,0.0,13.29,2.9,0.0
20230623:0011,0.0,0.0,13.29,3.66,0.0
20230623:0111,0.0,0.0,13.36,3.86,0.0
20230623:0211,0.0,0.0,13.3,3.72,0.0
20230623:0311,13.24,3.27,13.06,3.93,0.0
20230623:0411,49.65,9.47,12.93,4.0,0.0
20230623:0511,87.72,16.5,13.33,4.07,0.0
20230623:0611,205.84,24.04,13.59,4.07,0.0
20230623:0711,402.45,31.75,13.86,4.28,0.0
20230623:0811,597.49,39.22,14.32,4.55,0.0
20230623:0911,726.89,45.95,15.14,5.03,0.0
20230623:1011,899.53,51.19,16.43,5.03,0.0
20230623:1111,1009.61,54.09,16.95,5.59,0.0
20230623:1211,1018.45,53.97,17.05,5.86,0.0
20230623:1311,925.29,50.85,17.1,6.21,0.0
20230623:1411,787.11,45.46,16.82,6.28,0.0
20230623:1511,642.03,38.65,16.66,6.07,0.0
20230623:1611,279.48,31.14,16.42,5.66,0.0
20230623:1711,125.01,23.43,16.08,5.24,0.0
20230623:1811,101.74,15.92,15.58,4.83,0.0
20230623:1911,37.24,8.95,15.17,4.48,0.0
20230623:2011,1.66,2.83,14.64,3.93,0.0
20230623:2111,0.0,0.0,13.84,3.24,0.0
20230623:2211,0.0,0.0,13.16,2.62,0.0
20230623:2311,0.0,0.0,12.84,2.62,0.0
20230624:0011,0.0,0.0,12.55,2.55,0.0
20230624:0111,0.0,0.0,12.85,1.93,0.0
20230624:0211,0.0,0.0,11.94,1.59,0.0
20230624:0311,13.24,3.24,12.34,1.38,0.0
20230624:0411,48.83,9.43,12.45,1.45,0.0
20230624:0511,60.41,16.46,13.24,1.79,0.0
20230624:0611,202.67,24.0,14.27,1.72,0.0
20230624:0711,142.57,31.71,15.23,0.97,0.0
20230624:0811,452.97,39.19,16.1,1.24,0.0
20230624:0911,637.68,45.91,16.85,1.59,0.0
20230624:1011,392.71,51.16,17.85,0.76,0.0
20230624:1111,455.38,54.07,18.32,3.24,0.0
20230624:1211,629.06,53.96,18.62,3.24,0.0
20230624:1311,513.52,50.85,18.89,2.69,0.0
20230624:1411,559.49,45.47,19.3,2.83,0.0
20230624:1511,533.63,38.67,19.33,3.24,0.0
20230624:1611,347.13,31.16,19.23,3.17,0.0
20230624:1711,249.71,23.45,19.09,2.97,0.0
20230624:1811,101.45,15.93,18.65,2.69,0.0
20230624:1911,40.55,8.96,17.87,2.21,0.0
20230624:2011,11.59,2.83,17.21,1.38,0.0
20230624:2111,0.0,0.0,16.24,1.1,0.0
20230624:2211,0.0,0.0,16.24,1.45,0.0
20230624:2311,0.0,0.0,16.05,1.52,0.0
20230625:0011,0.0,0.0,15.23,1.38,0.0
20230625:0111,0.0,0.0,14.9,1.24,0.0
20230625:0211,0.0,0.0,14.82,1.17,0.0
20230625:0311,14.07,3.2,14.86,1.38,0.0
20230625:0411,45.52,9.39,14.92,1.38,0.0
20230625:0511,96.0,16.42,16.03,1.24,0.0
20230625:0611,154.48,23.95,16.86,0.97,0.0
20230625:0711,259.49,31.66,17.68,1.03,0.0
20230625:0811,443.23,39.14,18.49,1.66,0.0
20230625:0911,633.6,45.87,19.35,2.62,0.0
20230625:1011,677.57,51.13,20.33,3.1,0.0
20230625:1111,635.88,54.04,20.36,3.72,0.0
20230625:1211,859.05,53.94,20.35,4.28,0.0
20230625:1311,904.66,50.85,20.25,4.69,0.0
20230625:1411,824.16,45.47,20.33,4.9,0.0
20230625:1511,659.1,38.67,19.68,4.97,0.0
20230625:1611,458.4,31.16,19.35,4.97,0.0
20230625:1711,257.3,23.46,19.09,4.62,0.0
20230625:1811,74.37,15.94,18.7,4.14,0.0
20230625:1911,38.07,8.96,18.48,3.86,0.0
20230625:2011,11.59,2.83,18.32,3.38,0.0
20230625:2111,0.0,0.0,17.7,2.97,0.0
20230625:2211,0.0,0.0,17.19,2.55,0.0
20230625:2311,0.0,0.0,17.43,2.97,0.0
20230626:0011,0.0,0.0,16.69,3.52,0.0
20230626:0111,0.0,0.0,17.02,4.07,0.0
20230626:0211,0.0,0.0,17.11,4.41,0.0
20230626:0311,14.07,3.15,17.32,4.83,0.0
20230626:0411,18.21,9.34,18.15,5.52,0.0
20230626:0511,79.45,16.37,19.01,5.79,0.0
20230626:0611,186.43,23.9,20.02,6.14,0.0
20230626:0711,61.89,31.61,20.91,6.76,0.0
20230626:0811,61.89,39.09,21.21,7.03,0.0
20230626:0911,74.45,45.82,20.4,6.62,0.0
20230626:1011,101.36,51.08,18.82,5.31,0.0
20230626:1111,126.48,54.01,17.77,4.83,0.0
20230626:1211,134.55,53.92,16.76,5.03,0.0
20230626:1311,137.24,50.83,16.39,5.38,0.0
20230626:1411,217.93,45.46,15.95,4.97,0.0
20230626:1511,399.94,38.67,15.46,4.0,0.0
20230626:1611,399.39,31.17,15.36,3.45,0.0
20230626:1711,177.66,23.46,14.94,3.79,0.0
20230626:1811,100.98,15.94,14.51,4.9,0.0
20230626:1911,9.93,8.96,14.12,6.0,0.0
20230626:2011,1.66,2.82,14.15,6.97,0.0
20230626:2111,0.0,0.0,14.04,7.66,0.0
20230626:2211,0.0,0.0,14.1,8.48,0.0
20230626:2311,0.0,0.0,13.9,9.03,0.0
20230627:0011,0.0,0.0,13.67,8.55,0.0
20230627:0111,0.0,0.0,13.61,7.66,0.0
20230627:0211,0.0,0.0,13.57,7.72,0.0
20230627:0311,13.24,3.1,13.51,7.86,0.0
20230627:0411,8.28,9.29,13.45,7.59,0.0
20230627:0511,16.55,16.31,13.49,7.38,0.0
20230627:0611,54.72,23.85,13.5,7.03,0.0
20230627:0711,160.4,31.56,13.55,6.9,0.0
20230627:0811,139.03,39.04,13.69,6.48,0.0
20230627:0911,419.32,45.77,13.93,6.62,0.0
20230627:1011,421.21,51.04,14.18,7.03,0.0
20230627:1111,506.04,53.97,14.6,6.83,0.0
20230627:1211,501.53,53.89,14.95,6.62,0.0
20230627:1311,549.18,50.82,15.08,6.21,0.0
20230627:1411,600.18,45.45,15.45,6.21,0.0
20230627:1511,497.91,38.67,15.49,6.62,0.0
20230627:1611,383.16,31.16,15.48,6.14,0.0
20230627:1711,255.42,23.45,15.4,5.59,0.0
20230627:1811,93.68,15.94,15.21,5.31,0.0
20230627:1911,48.0,8.95,14.88,4.97,0.0
20230627:2011,1.66,2.81,14.56,4.55,0.0
20230627:2111,0.0,0.0,14.04,3.86,0.0
20230627:2211,0.0,0.0,13.39,2.62,0.0
20230627:2311,0.0,0.0,12.82,2.0,0.0
20230628:0011,0.0,0.0,12.69,1.86,0.0
20230628:0111,0.0,0.0,12.71,1.45,0.0
20230628:0211,0.0,0.0,12.83,0.9,0.0
20230628:0311,13.24,3.04,12.73,0.62,0.0
20230628:0411,37.24,9.23,12.54,0.48,0.0
20230628:0511,94.34,16.25,12.81,0.48,0.0
20230628:0611,198.0,23.79,13.5,0.76,0.0
20230628:0711,390.36,31.49,14.58,0.69,0.0
20230628:0811,334.37,38.98,15.59,0.83,0.0
20230628:0911,582.6,45.71,16.93,1.66,0.0
20230628:1011,418.04,50.98,18.2,1.86,0.0
20230628:1111,113.92,53.92,17.85,4.21,0.0
20230628:1211,87.91,53.85,17.32,4.14,0.0
20230628:1311,157.87,50.79,17.2,4.28,0.0
20230628:1411,210.75,45.44,16.95,4.48,0.0
20230628:1511,159.66,38.66,17.3,4.28,0.0
20230628:1611,97.77,31.15,17.26,3.93,0.0
20230628:1711,160.58,23.44,17.4,3.79,0.0
20230628:1811,60.1,15.92,17.41,3.66,0.0
20230628:1911,9.1,8.93,17.18,3.52,0.0
20230628:2011,1.66,2.79,16.89,3.45,0.0
20230628:2111,0.0,0.0,16.58,3.38,0.0
20230628:2211,0.0,0.0,16.3,3.1,0.0
20230628:2311,0.0,0.0,16.03,2.62,0.0
20230629:0011,0.0,0.0,15.83,2.21,0.0
20230629:0111,0.0,0.0,15.68,2.34,0.0
20230629:0211,0.0,0.0,15.43,2.41,0.0
20230629:0311,12.41,2.98,15.14,2.62,0.0
20230629:0411,8.28,9.16,14.89,3.17,0.0
20230629:0511,16.55,16.18,14.82,3.72,0.0
20230629:0611,50.23,23.72,14.71,4.28,0.0
20230629:0711,87.01,31.43,14.69,4.55,0.0
20230629:0811,105.85,38.91,14.54,4.55,0.0
20230629:0911,206.64,45.65,15.13,4.62,0.0
20230629:1011,104.05,50.92,14.96,4.55,0.0
20230629:1111,130.06,53.87,15.64,4.9,0.0
20230629:1211,127.37,53.81,16.02,5.03,0.0
20230629:1311,127.37,50.76,16.21,4.76,0.0
20230629:1411,105.85,45.41,16.03,5.1,0.0
20230629:1511,64.58,38.64,15.15,5.93,0.0
20230629:1611,48.44,31.14,14.47,6.14,0.0
20230629:1711,29.6,23.43,13.84,6.14,0.0
20230629:1811,17.04,15.91,13.52,6.0,0.0
20230629:1911,10.76,8.91,13.21,6.0,0.0
20230629:2011,8.28,2.76,13.03,5.79,0.0
20230629:2111,0.0,0.0,12.88,5.52,0.0
20230629:2211,0.0,0.0,12.97,5.17,0.0
20230629:2311,0.0,0.0,12.93,5.1,0.0
20230630:0011,0.0,0.0,12.83,4.69,0.0
20230630:0111,0.0,0.0,12.53,4.07,0.0
20230630:0211,0.0,0.0,12.38,3.72,0.0
20230630:0311,1.66,2.91,12.18,3.17,0.0
20230630:0411,38.9,9.09,12.41,2.9,0.0
20230630:0511,67.86,16.11,12.71,2.48,0.0
20230630:0611,199.09,23.65,13.01,1.79,0.0
20230630:0711,353.58,31.36,13.33,0.83,0.0
20230630:0811,524.26,38.84,13.86,1.1,0.0
20230630:0911,521.47,45.57,14.25,1.86,0.0
20230630:1011,296.06,50.85,14.54,2.07,0.0
20230630:1111,0.0,0.0,14.99,2.69,0.0
20230630:1211,255.36,53.76,15.24,3.31,0.0
20230630:1311,445.78,50.72,15.46,4.28,0.0
20230630:1411,271.94,45.38,15.43,4.76,0.0
20230630:1511,206.78,38.61,15.26,4.69,0.0
20230630:1611,119.3,31.12,15.21,4.62,0.0
20230630:1711,100.46,23.41,15.12,4.34,0.0
20230630:1811,26.01,15.88,14.87,4.0,0.0
20230630:1911,7.45,8.88,14.71,3.52,0.0
20230630:2011,1.66,2.73,14.46,2.97,0.0
20230630:2111,0.0,0.0,14.12,2.9,0.0
20230630:2211,0.0,0.0,13.78,3.45,0.0
20230630:2311,0.0,0.0,13.71,3.1,0.0
20230701:0011,0.0,0.0,13.35,2.69,0.0
20230701:0111,0.0,0.0,13.23,2.76,0.0
20230701:0211,0.0,0.0,12.85,2.97,0.0
20230701:0311,1.66,2.83,12.66,3.31,0.0
20230701:0411,35.59,9.01,12.61,3.45,0.0
20230701:0511,93.51,16.03,12.97,3.03,0.0
20230701:0611,131.76,23.57,13.85,2.83,0.0
20230701:0711,300.14,31.28,14.98,2.76,0.0
20230701:0811,584.83,38.76,15.83,2.62,0.0
20230701:0911,433.12,45.5,16.92,2.69,0.0
20230701:1011,428.41,50.78,17.76,2.14,0.0
20230701:1111,244.94,53.74,17.55,2.14,0.0
20230701:1211,232.82,53.7,16.61,2.21,0.0
20230701:1311,112.12,50.67,16.12,2.83,0.0
20230701:1411,103.15,45.35,16.14,3.45,0.0
20230701:1511,186.35,38.58,16.2,3.17,0.0
20230701:1611,91.49,31.09,15.97,3.45,0.0
20230701:1711,89.7,23.38,15.34,2.97,0.0
20230701:1811,21.53,15.85,14.98,3.38,0.0
20230701:1911,22.34,8.85,14.64,3.93,0.0
20230701:2011,10.76,2.69,14.51,3.66,0.0
20230701:2111,0.0,0.0,14.53,2.9,0.0
20230701:2211,0.0,0.0,14.13,4.28,0.0
20230701:2311,0.0,0.0,13.79,6.21,0.0
20230702:0011,0.0,0.0,13.49,6.07,0.0
20230702:0111,0.0,0.0,13.13,4.97,0.0
20230702:0211,0.0,0.0,12.95,4.07,0.0
20230702:0311,11.59,2.75,12.92,4.21,0.0
20230702:0411,37.24,8.93,12.69,3.93,0.0
20230702:0511,79.45,15.95,12.82,3.52,0.0
20230702:0611,198.21,23.49,13.14,3.59,0.0
20230702:0711,296.98,31.2,13.33,3.93,0.0
20230702:0811,471.37,38.68,13.46,4.0,0.0
20230702:0911,517.26,45.42,14.35,3.72,0.0
20230702:1011,532.52,50.7,15.25,1.1,0.0
20230702:1111,447.44,53.66,15.25,1.24,0.0
20230702:1211,688.85,53.64,15.58,2.28,0.0
20230702:1311,808.26,50.62,15.76,3.17,0.0
20230702:1411,777.84,45.3,15.52,3.17,0.0
20230702:1511,637.44,38.55,15.36,3.24,0.0
20230702:1611,462.21,31.05,15.21,3.38,0.0
20230702:1711,239.19,23.35,14.79,3.45,0.0
20230702:1811,103.22,15.82,14.45,3.59,0.0
20230702:1911,17.38,8.81,14.14,3.52,0.0
20230702:2011,1.66,2.64,13.66,3.59,0.0
20230702:2111,0.0,0.0,13.35,4.14,0.0
20230702:2211,0.0,0.0,13.5,6.21,0.0
20230702:2311,0.0,0.0,13.18,8.41,0.0
20230703:0011,0.0,0.0,12.88,8.41,0.0
20230703:0111,0.0,0.0,12.84,7.59,0.0
20230703:0211,0.0,0.0,12.77,7.17,0.0
20230703:0311,11.59,2.66,12.81,6.69,0.0
20230703:0411,9.93,8.84,12.76,6.62,0.0
20230703:0511,15.72,15.87,12.8,7.24,0.0
20230703:0611,33.19,23.4,12.81,7.72,0.0
20230703:0711,67.27,31.11,12.79,8.07,0.0
20230703:0811,114.81,38.59,12.81,8.21,0.0
20230703:0911,103.15,45.33,12.74,8.0,0.0
20230703:1011,121.99,50.61,12.94,8.69,0.0
20230703:1111,132.75,53.58,12.83,8.76,0.0
20230703:1211,176.71,53.56,12.9,8.9,0.0
20230703:1311,126.48,50.56,12.99,8.62,0.0
20230703:1411,99.57,45.25,13.13,8.0,0.0
20230703:1511,104.95,38.5,12.87,7.79,0.0
20230703:1611,84.32,31.01,12.75,8.07,0.0
20230703:1711,46.64,23.31,13.03,8.41,0.0
20230703:1811,17.04,15.77,13.12,8.41,0.0
20230703:1911,7.45,8.76,13.06,8.0,0.0
20230703:2011,1.66,2.59,13.02,7.93,0.0
20230703:2111,0.0,0.0,13.07,7.52,0.0
20230703:2211,0.0,0.0,12.96,6.21,0.0
20230703:2311,0.0,0.0,12.89,4.76,0.0
20230704:0011,0.0,0.0,12.86,3.86,0.0
20230704:0111,0.0,0.0,12.79,3.52,0.0
20230704:0211,0.0,0.0,12.78,3.45,0.0
20230704:0311,1.66,2.57,12.82,3.52,0.0
20230704:0411,26.48,8.75,12.7,4.07,0.0
20230704:0511,27.31,15.77,12.89,4.28,0.0
20230704:0611,77.14,23.31,13.1,4.28,0.0
20230704:0711,147.05,31.02,13.31,4.48,0.0
20230704:0811,205.3,38.5,13.79,4.69,0.0
20230704:0911,628.04,45.24,14.14,4.83,0.0
20230704:1011,283.06,50.52,14.51,5.1,0.0
20230704:1111,483.21,53.5,14.38,5.24,0.0
20230704:1211,431.43,53.49,14.66,5.52,0.0
20230704:1311,793.85,50.49,14.6,5.72,0.0
20230704:1411,699.58,45.2,14.35,5.72,0.0
20230704:1511,387.41,38.45,14.25,5.72,0.0
20230704:1611,373.8,30.97,14.15,5.59,0.0
20230704:1711,247.55,23.26,13.93,5.17,0.0
20230704:1811,103.29,15.73,13.78,4.76,0.0
20230704:1911,43.86,8.71,13.56,4.21,0.0
20230704:2011,1.66,2.53,13.09,3.59,0.0
20230704:2111,0.0,0.0,12.4,2.9,0.0
20230704:2211,0.0,0.0,12.2,2.14,0.0
20230704:2311,0.0,0.0,11.49,1.79,0.0
20230705:0011,0.0,0.0,11.92,1.59,0.0
20230705:0111,0.0,0.0,11.74,0.97,0.0
20230705:0211,0.0,0.0,11.38,0.07,0.0
20230705:0311,1.66,2.47,10.85,0.62,0.0
20230705:0411,29.79,8.65,10.67,0.41,0.0
20230705:0511,57.1,15.68,11.18,0.9,0.0
20230705:0611,194.92,23.21,12.0,1.24,0.0
20230705:0711,0.0,0.0,12.43,1.86,0.0
20230705:0811,615.17,38.4,13.02,1.17,0.0
20230705:0911,784.26,45.14,13.89,2.0,0.0
20230705:1011,935.33,50.42,14.36,2.97,0.0
20230705:1111,1008.54,53.4,14.83,3.72,0.0
20230705:1211,1015.06,53.4,15.14,4.9,0.0
20230705:1311,680.32,50.42,15.62,5.45,0.0
20230705:1411,345.33,45.14,15.68,6.0,0.0
20230705:1511,305.17,38.4,15.22,6.55,0.0
20230705:1611,105.85,30.92,15.01,6.48,0.0
20230705:1711,123.3,23.21,14.78,5.93,0.0
20230705:1811,55.61,15.67,14.35,4.9,0.0
20230705:1911,46.34,8.65,13.82,3.86,0.0
20230705:2011,1.66,2.47,13.45,3.17,0.0
20230705:2111,0.0,0.0,13.15,2.83,0.0
20230705:2211,0.0,0.0,12.93,2.34,0.0
20230705:2311,0.0,0.0,12.82,3.03,0.0
20230706:0011,0.0,0.0,12.76,3.66,0.0
20230706:0111,0.0,0.0,12.76,3.86,0.0
20230706:0211,0.0,0.0,12.62,4.21,0.0
20230706:0311,1.66,2.37,12.78,4.55,0.0
20230706:0411,45.52,8.55,12.84,4.48,0.0
20230706:0511,92.69,15.57,12.91,4.28,0.0
20230706:0611,132.14,23.11,13.08,4.28,0.0
20230706:0711,234.43,30.82,13.37,4.14,0.0
20230706:0811,293.82,38.3,13.73,4.21,0.0
20230706:0911,231.03,45.03,14.19,4.14,0.0
20230706:1011,147.11,50.32,14.73,4.21,0.0
20230706:1111,335.79,53.3,14.82,4.9,0.0
20230706:1211,487.23,53.31,14.43,5.79,0.0
20230706:1311,774.41,50.34,14.95,5.24,0.0
20230706:1411,550.44,45.07,14.69,4.55,0.0
20230706:1511,472.89,38.34,14.8,4.28,0.0
20230706:1611,351.41,30.86,14.58,3.93,0.0
20230706:1711,241.67,23.15,14.25,3.59,0.0
20230706:1811,97.96,15.61,14.15,3.03,0.0
20230706:1911,42.21,8.58,13.96,2.41,0.0
20230706:2011,8.28,2.4,13.47,1.72,0.0
20230706:2111,0.0,0.0,13.06,1.52,0.0
20230706:2211,0.0,0.0,12.51,1.66,0.0
20230706:2311,0.0,0.0,12.27,1.79,0.0
20230707:0011,0.0,0.0,11.95,1.86,0.0
20230707:0111,0.0,0.0,11.35,1.59,0.0
20230707:0211,0.0,0.0,10.51,1.72,0.0
20230707:0311,0.83,2.26,10.36,2.41,0.0
20230707:0411,7.45,8.44,10.4,2.9,0.0
20230707:0511,43.03,15.47,11.12,2.9,0.0
20230707:0611,166.44,23.0,12.3,2.62,0.0
20230707:0711,262.06,30.71,13.32,2.41,0.0
20230707:0811,477.13,38.19,13.93,2.41,0.0
20230707:0911,326.4,44.93,14.86,2.28,0.0
20230707:1011,282.67,50.21,15.82,1.72,0.0
20230707:1111,271.63,53.2,16.12,1.86,0.0
20230707:1211,263.11,53.21,16.35,2.07,0.0
20230707:1311,204.51,50.26,16.25,2.14,0.0
20230707:1411,334.96,44.99,16.3,2.0,0.0
20230707:1511,238.08,38.27,16.33,1.93,0.0
20230707:1611,222.81,30.79,16.61,2.28,0.0
20230707:1711,127.5,23.09,16.62,2.28,0.0
20230707:1811,65.58,15.54,16.39,2.14,0.0
20230707:1911,38.07,8.51,16.18,2.0,0.0
20230707:2011,9.1,2.32,15.9,2.07,0.0
20230707:2111,0.0,0.0,15.38,2.28,0.0
20230707:2211,0.0,0.0,14.73,2.48,0.0
20230707:2311,0.0,0.0,14.19,2.14,0.0
20230708:0011,0.0,0.0,13.84,1.79,0.0
20230708:0111,0.0,0.0,13.27,1.59,0.0
20230708:0211,0.0,0.0,12.76,1.59,0.0
20230708:0311,0.83,2.14,12.57,1.59,0.0
20230708:0411,35.59,8.33,12.79,1.59,0.0
20230708:0511,57.93,15.35,13.77,1.59,0.0
20230708:0611,188.64,22.89,15.01,1.17,0.0
20230708:0711,398.05,30.6,15.92,0.76,0.0
20230708:0811,611.04,38.08,17.23,0.07,0.0
20230708:0911,782.24,44.81,17.85,0.69,0.0
20230708:1011,914.39,50.1,18.44,1.86,0.0
20230708:1111,955.79,53.08,18.35,2.28,0.0
20230708:1211,992.27,53.11,18.54,2.69,0.0
20230708:1311,950.88,50.16,18.85,3.1,0.0
20230708:1411,825.27,44.91,19.1,3.38,0.0
20230708:1511,680.2,38.19,18.93,3.52,0.0
20230708:1611,460.87,30.72,19.15,3.59,0.0
20230708:1711,259.53,23.01,19.02,3.79,0.0
20230708:1811,77.55,15.47,18.55,3.52,0.0
20230708:1911,36.41,8.44,18.0,3.1,0.0
20230708:2011,9.1,2.23,17.21,2.55,0.0
20230708:2111,0.0,0.0,16.58,2.76,0.0
20230708:2211,0.0,0.0,16.28,2.76,0.0
20230708:2311,0.0,0.0,15.13,2.34,0.0
20230709:0011,0.0,0.0,15.06,1.79,0.0
20230709:0111,0.0,0.0,14.46,1.86,0.0
20230709:0211,0.0,0.0,13.96,1.86,0.0
20230709:0311,0.83,2.02,13.82,2.0,0.0
20230709:0411,34.76,8.21,14.33,2.55,0.0
20230709:0511,54.62,15.24,15.58,2.69,0.0
20230709:0611,188.22,22.78,16.83,2.48,0.0
20230709:0711,396.97,30.48,17.94,2.14,0.0
20230709:0811,602.84,37.96,18.77,1.66,0.0
20230709:0911,776.18,44.69,19.89,1.03,0.0
20230709:1011,907.67,49.97,21.15,1.38,0.0
20230709:1111,990.05,52.96,21.63,1.59,0.0
20230709:1211,1009.2,53.0,21.75,1.79,0.0
20230709:1311,932.55,50.06,22.01,2.28,0.0
20230709:1411,730.28,44.82,22.05,2.62,0.0
20230709:1511,492.43,38.11,21.69,2.0,0.0
20230709:1611,310.08,30.65,21.4,1.52,0.0
20230709:1711,131.73,22.94,21.52,1.24,0.0
20230709:1811,94.56,15.39,21.21,1.1,0.0
20230709:1911,7.45,8.35,20.74,1.1,0.0
20230709:2011,0.83,2.14,19.74,1.66,0.0
20230709:2111,0.0,0.0,18.65,2.76,0.0
20230709:2211,0.0,0.0,18.12,3.79,0.0
20230709:2311,0.0,0.0,17.88,4.07,0.0
20230710:0011,0.0,0.0,17.0,4.07,0.0
20230710:0111,0.0,0.0,16.8,3.52,0.0
20230710:0211,0.0,0.0,16.42,2.48,0.0
20230710:0311,0.83,1.9,16.09,2.21,0.0
20230710:0411,20.69,8.09,16.01,1.86,0.0
20230710:0511,53.79,15.11,15.66,1.72,0.0
20230710:0611,58.3,22.66,15.31,1.24,0.0
20230710:0711,53.82,30.36,15.27,0.76,0.0
20230710:0811,83.42,37.84,15.31,1.1,0.0
20230710:0911,92.39,44.57,15.46,1.66,0.0
20230710:1011,105.85,49.85,15.9,2.0,0.0
20230710:1111,144.42,52.84,15.89,1.59,0.0
20230710:1211,211.69,52.88,15.89,0.97,0.0
20230710:1311,275.65,49.96,15.94,0.55,0.0
20230710:1411,383.94,44.73,15.64,1.86,0.0
20230710:1511,383.51,38.03,15.42,3.1,0.0
20230710:1611,234.66,30.56,15.32,3.03,0.0
20230710:1711,150.36,22.86,15.17,2.55,0.0
20230710:1811,74.72,15.31,15.1,2.0,0.0
20230710:1911,39.72,8.26,14.92,0.97,0.0
20230710:2011,7.45,2.05,14.73,0.62,0.0
20230710:2111,0.0,0.0,14.38,1.38,0.0
20230710:2211,0.0,0.0,13.96,1.93,0.0
20230710:2311,0.0,0.0,13.64,2.07,0.0
20230711:0011,0.0,0.0,13.3,2.69,0.0
20230711:0111,0.0,0.0,13.04,2.9,0.0
20230711:0211,0.0,0.0,12.71,3.17,0.0
20230711:0311,0.83,1.77,12.58,3.24,0.0
20230711:0411,6.62,7.96,12.74,3.72,0.0
20230711:0511,14.9,14.99,13.46,3.93,0.0
20230711:0611,35.88,22.53,14.4,4.28,0.0
20230711:0711,61.0,30.24,15.34,4.62,0.0
20230711:0811,67.27,37.71,15.84,5.24,0.0
20230711:0911,116.61,44.44,15.91,5.52,0.0
20230711:1011,81.63,49.72,14.97,6.21,0.0
20230711:1111,102.26,52.71,14.86,6.83,0.0
20230711:1211,121.99,52.76,15.44,7.17,0.0
20230711:1311,141.72,49.85,15.92,6.76,0.0
20230711:1411,121.99,44.63,15.65,7.1,0.0
20230711:1511,62.79,37.93,15.26,7.03,0.0
20230711:1611,89.7,30.47,15.46,6.9,0.0
20230711:1711,60.1,22.77,15.84,6.97,0.0
20230711:1811,20.63,15.21,16.07,6.34,0.0
20230711:1911,6.62,8.16,15.95,5.72,0.0
20230711:2011,0.83,1.94,15.6,5.66,0.0
20230711:2111,0.0,0.0,15.19,5.86,0.0
20230711:2211,0.0,0.0,14.89,5.52,0.0
20230711:2311,0.0,0.0,14.76,5.45,0.0
20230712:0011,0.0,0.0,14.71,5.59,0.0
20230712:0111,0.0,0.0,14.55,5.38,0.0
20230712:0211,0.0,0.0,14.47,5.52,0.0
20230712:0311,0.83,1.63,14.37,5.59,0.0
20230712:0411,34.76,7.83,14.6,5.45,0.0
20230712:0511,33.93,14.86,14.6,6.0,0.0
20230712:0611,125.0,22.4,15.07,6.21,0.0
20230712:0711,246.87,30.11,15.34,5.66,0.0
20230712:0811,401.84,37.58,15.32,5.59,0.0
20230712:0911,651.19,44.3,15.57,5.17,0.0
20230712:1011,702.78,49.58,15.62,5.1,0.0
20230712:1111,497.27,52.57,15.53,5.1,0.0
20230712:1211,517.43,52.62,15.48,5.03,0.0
20230712:1311,537.41,49.73,15.83,4.76,0.0
20230712:1411,439.23,44.52,15.71,4.97,0.0
20230712:1511,560.08,37.83,15.83,5.03,0.0
20230712:1611,351.1,30.38,16.14,4.97,0.0
20230712:1711,224.98,22.67,15.63,5.1,0.0
20230712:1811,92.29,15.12,15.19,4.9,0.0
20230712:1911,43.03,8.06,14.86,4.55,0.0
20230712:2011,1.66,1.83,14.74,4.34,0.0
20230712:2111,0.0,0.0,14.11,4.41,0.0
20230712:2211,0.0,0.0,14.14,4.55,0.0
20230712:2311,0.0,0.0,13.96,4.55,0.0
20230713:0011,0.0,0.0,13.64,4.55,0.0
20230713:0111,0.0,0.0,13.69,4.41,0.0
20230713:0211,0.0,0.0,13.69,4.48,0.0
20230713:0311,0.83,1.49,13.62,3.66,0.0
20230713:0411,6.62,7.69,13.53,3.52,0.0
20230713:0511,25.65,14.72,13.75,4.0,0.0
20230713:0611,57.41,22.27,13.97,4.41,0.0
20230713:0711,83.42,29.98,13.72,5.31,0.0
20230713:0811,164.15,37.45,14.08,5.1,0.0
20230713:0911,230.58,44.16,13.95,5.59,0.0
20230713:1011,362.17,49.43,13.88,6.14,0.0
20230713:1111,561.63,52.43,14.25,5.24,0.0
20230713:1211,291.67,52.49,14.12,6.07,0.0
20230713:1311,312.27,49.6,14.67,5.86,0.0
20230713:1411,443.92,44.4,14.94,5.59,0.0
20230713:1511,555.62,37.73,14.5,5.17,0.0
20230713:1611,233.98,30.28,14.42,4.9,0.0
20230713:1711,117.11,22.57,14.23,4.62,0.0
20230713:1811,97.59,15.01,14.06,4.34,0.0
20230713:1911,11.59,7.95,13.85,3.93,0.0
20230713:2011,0.83,1.71,13.6,3.31,0.0
20230713:2111,0.0,0.0,13.09,2.69,0.0
20230713:2211,0.0,0.0,12.95,2.0,0.0
20230713:2311,0.0,0.0,12.62,0.9,0.0
20230714:0011,0.0,0.0,12.7,0.07,0.0
20230714:0111,0.0,0.0,12.7,0.55,0.0
20230714:0211,0.0,0.0,12.19,0.76,0.0
20230714:0311,0.83,1.35,11.97,0.9,0.0
20230714:0411,6.62,7.55,12.04,1.45,0.0
20230714:0511,25.65,14.58,12.42,1.59,0.0
20230714:0611,124.51,22.13,13.0,1.31,0.0
20230714:0711,384.58,29.84,13.53,1.1,0.0
20230714:0811,508.82,37.31,14.06,1.03,0.0
20230714:0911,395.73,44.02,14.89,1.17,0.0
20230714:1011,467.66,49.29,15.34,1.38,0.0
20230714:1111,607.48,52.28,15.49,2.28,0.0
20230714:1211,128.27,52.34,15.6,2.83,0.0
20230714:1311,122.89,49.47,15.8,2.9,0.0
20230714:1411,66.38,44.28,15.79,2.48,0.0
20230714:1511,245.96,37.62,15.92,2.07,0.0
20230714:1611,332.45,30.17,16.28,1.79,0.0
20230714:1711,251.26,22.46,16.46,1.93,0.0
20230714:1811,91.99,14.9,16.4,1.17,0.0
20230714:1911,41.38,7.83,15.83,0.62,0.0
20230714:2011,0.83,1.59,15.48,1.38,0.0
20230714:2111,0.0,0.0,14.39,2.07,0.0
20230714:2211,0.0,0.0,13.74,2.34,0.0
20230714:2311,0.0,0.0,13.37,2.9,0.0
20230715:0011,0.0,0.0,13.38,3.66,0.0
20230715:0111,0.0,0.0,13.69,4.0,0.0
20230715:0211,0.0,0.0,13.91,4.07,0.0
20230715:0311,0.0,0.0,14.35,4.48,0.0
20230715:0411,11.59,7.4,14.55,4.83,0.0
20230715:0511,22.34,14.44,14.85,5.1,0.0
20230715:0611,43.95,21.99,15.34,5.79,0.0
20230715:0711,69.97,29.7,15.88,6.14,0.0
20230715:0811,92.39,37.16,16.22,6.97,0.0
20230715:0911,101.36,43.87,16.91,7.66,0.0
20230715:1011,185.68,49.13,16.64,8.55,0.0
20230715:1111,150.69,52.12,16.87,9.24,0.0
20230715:1211,412.65,52.19,17.43,8.9,0.0
20230715:1311,269.87,49.33,17.89,8.9,0.0
20230715:1411,100.46,44.16,17.93,7.79,0.0
20230715:1511,45.75,37.5,17.98,6.9,0.0
20230715:1611,336.43,30.05,17.28,6.97,0.0
20230715:1711,86.11,22.35,16.77,6.69,0.0
20230715:1811,92.68,14.78,16.57,7.66,0.0
20230715:1911,33.93,7.71,16.24,7.59,0.0
20230715:2011,0.83,1.46,15.67,7.52,0.0
20230715:2111,0.0,0.0,15.15,6.97,0.0
20230715:2211,0.0,0.0,15.74,7.66,0.0
20230715:2311,0.0,0.0,15.2,7.31,0.0
20230716:0011,0.0,0.0,15.18,7.52,0.0
20230716:0111,0.0,0.0,15.16,7.45,0.0
20230716:0211,0.0,0.0,14.88,7.45,0.0
20230716:0311,0.0,0.0,14.9,6.83,0.0
20230716:0411,5.79,7.25,15.05,7.31,0.0
20230716:0511,63.72,14.29,15.34,7.72,0.0
20230716:0611,174.36,21.84,15.38,8.62,0.0
20230716:0711,119.3,29.55,15.68,8.62,0.0
20230716:0811,98.67,37.01,15.87,8.97,0.0
20230716:0911,456.83,43.72,15.7,9.79,0.0
20230716:1011,230.56,48.97,15.06,9.45,0.0
20230716:1111,203.62,51.96,15.2,8.9,0.0
20230716:1211,485.56,52.04,15.77,8.62,0.0
20230716:1311,266.66,49.18,15.99,7.79,0.0
20230716:1411,156.08,44.02,15.9,7.45,0.0
20230716:1511,324.55,37.37,15.43,8.0,0.0
20230716:1611,241.26,29.93,15.38,7.52,0.0
20230716:1711,70.86,22.23,15.29,7.66,0.0
20230716:1811,37.67,14.66,15.08,7.79,0.0
20230716:1911,10.76,7.58,15.03,7.45,0.0
20230716:2011,0.83,1.33,15.06,6.62,0.0
20230716:2111,0.0,0.0,15.19,6.21,0.0
20230716:2211,0.0,0.0,15.27,6.55,0.0
20230716:2311,0.0,0.0,15.12,6.14,0.0
20230717:0011,0.0,0.0,15.08,5.93,0.0
20230717:0111,0.0,0.0,14.97,6.21,0.0
20230717:0211,0.0,0.0,14.62,7.1,0.0
20230717:0311,0.0,0.0,14.3,7.79,0.0
20230717:0411,5.79,7.09,14.06,7.45,0.0
20230717:0511,81.1,14.14,14.0,7.45,0.0
20230717:0611,46.64,21.69,13.9,7.86,0.0
20230717:0711,107.64,29.4,13.74,7.93,0.0
20230717:0811,189.04,36.86,13.89,8.21,0.0
20230717:0911,160.56,43.56,13.87,7.93,0.0
20230717:1011,146.21,48.81,13.92,7.52,0.0
20230717:1111,202.72,51.79,13.86,6.55,0.0
20230717:1211,242.38,51.88,13.95,6.34,0.0
20230717:1311,227.11,49.03,13.83,6.48,0.0
20230717:1411,100.46,43.88,13.89,7.17,0.0
20230717:1511,102.26,37.24,14.08,6.34,0.0
20230717:1611,109.43,29.81,13.27,5.24,0.0
20230717:1711,53.82,22.1,13.7,4.83,0.0
20230717:1811,29.6,14.53,13.52,5.03,0.0
20230717:1911,5.79,7.45,13.22,5.17,0.0
20230717:2011,0.0,0.0,12.77,4.97,0.0
20230717:2111,0.0,0.0,12.84,4.69,0.0
20230717:2211,0.0,0.0,12.65,5.03,0.0
20230717:2311,0.0,0.0,12.41,4.97,0.0
20230718:0011,0.0,0.0,12.21,4.83,0.0
20230718:0111,0.0,0.0,12.13,5.38,0.0
20230718:0211,0.0,0.0,12.1,5.1,0.0
20230718:0311,0.0,0.0,11.93,4.55,0.0
20230718:0411,9.1,6.93,11.91,4.41,0.0
20230718:0511,76.96,13.98,11.8,4.48,0.0
20230718:0611,152.29,21.54,11.89,4.69,0.0
20230718:0711,241.36,29.24,11.94,4.55,0.0
20230718:0811,344.61,36.7,12.0,4.76,0.0
20230718:0911,375.59,43.4,12.46,4.48,0.0
20230718:1011,497.45,48.64,13.25,4.69,0.0
20230718:1111,468.44,51.62,13.24,4.69,0.0
20230718:1211,239.7,51.71,12.95,4.97,0.0
20230718:1311,421.95,48.88,13.62,4.97,0.0
20230718:1411,227.15,43.74,13.41,5.79,0.0
20230718:1511,330.11,37.11,13.47,5.24,0.0
20230718:1611,226.84,29.68,12.83,5.03,0.0
20230718:1711,106.63,21.97,13.04,5.38,0.0
20230718:1811,71.93,14.4,12.54,5.45,0.0
20230718:1911,18.21,7.31,12.58,5.24,0.0
20230718:2011,0.0,0.0,12.23,4.34,0.0
20230718:2111,0.0,0.0,11.71,3.79,0.0
20230718:2211,0.0,0.0,11.85,3.31,0.0
20230718:2311,0.0,0.0,12.04,3.1,0.0
20230719:0011,0.0,0.0,11.79,3.66,0.0
20230719:0111,0.0,0.0,11.48,4.69,0.0
20230719:0211,0.0,0.0,11.5,5.38,0.0
20230719:0311,0.0,0.0,11.26,5.03,0.0
20230719:0411,5.79,6.77,11.26,4.07,0.0
20230719:0511,78.62,13.82,11.25,3.52,0.0
20230719:0611,112.92,21.38,11.45,3.86,0.0
20230719:0711,276.71,29.09,11.83,4.9,0.0
20230719:0811,155.18,36.54,12.39,5.17,0.0
20230719:0911,318.36,43.23,12.6,4.9,0.0
20230719:1011,207.21,48.47,12.54,5.52,0.0
20230719:1111,150.69,51.44,12.25,4.76,0.0
20230719:1211,143.52,51.53,12.05,4.76,0.0
20230719:1311,165.05,48.71,12.32,4.48,0.0
20230719:1411,120.2,43.58,11.81,4.14,0.0
20230719:1511,174.41,36.96,11.9,3.79,0.0
20230719:1611,95.98,29.54,12.22,4.0,0.0
20230719:1711,153.2,21.83,12.22,4.07,0.0
20230719:1811,90.78,14.26,11.95,3.45,0.0
20230719:1911,17.38,7.16,11.91,3.31,0.0
20230719:2011,0.0,0.0,11.9,3.31,0.0
20230719:2111,0.0,0.0,11.75,3.38,0.0
20230719:2211,0.0,0.0,11.67,3.66,0.0
20230719:2311,0.0,0.0,11.85,3.52,0.0
20230720:0011,0.0,0.0,11.98,3.45,0.0
20230720:0111,0.0,0.0,11.98,4.55,0.0
20230720:0211,0.0,0.0,11.87,4.69,0.0
20230720:0311,0.0,0.0,12.05,4.48,0.0
20230720:0411,4.97,6.6,12.1,4.0,0.0
20230720:0511,21.52,13.66,12.3,4.0,0.0
20230720:0611,60.1,21.22,12.27,3.86,0.0
20230720:0711,108.54,28.92,12.29,3.79,0.0
20230720:0811,179.86,36.38,12.68,3.72,0.0
20230720:0911,247.61,43.06,13.04,4.21,0.0
20230720:1011,255.92,48.29,12.91,4.0,0.0
20230720:1111,290.86,51.26,13.4,3.93,0.0
20230720:1211,274.92,51.35,13.23,4.41,0.0
20230720:1311,299.35,48.54,13.33,4.69,0.0
20230720:1411,201.42,43.43,13.0,4.69,0.0
20230720:1511,379.35,36.81,13.02,4.55,0.0
20230720:1611,104.05,29.39,12.91,4.34,0.0
20230720:1711,83.42,21.69,12.87,4.48,0.0
20230720:1811,34.98,14.11,12.87,4.41,0.0
20230720:1911,25.65,7.01,12.5,4.55,0.0
20230720:2011,0.0,0.0,12.39,4.0,0.0
20230720:2111,0.0,0.0,12.18,3.38,0.0
20230720:2211,0.0,0.0,11.93,3.03,0.0
20230720:2311,0.0,0.0,11.79,2.69,0.0
20230721:0011,0.0,0.0,11.54,2.69,0.0
20230721:0111,0.0,0.0,11.58,2.48,0.0
20230721:0211,0.0,0.0,11.41,2.48,0.0
20230721:0311,0.0,0.0,11.39,2.34,0.0
20230721:0411,9.93,6.43,11.29,2.41,0.0
20230721:0511,29.79,13.49,11.5,2.21,0.0
20230721:0611,67.27,21.05,11.63,1.86,0.0
20230721:0711,214.15,28.76,12.05,1.59,0.0
20230721:0811,179.87,36.21,11.93,1.72,0.0
20230721:0911,360.32,42.88,12.46,2.14,0.0
20230721:1011,447.0,48.1,13.09,2.14,0.0
20230721:1111,273.9,51.07,13.54,3.38,0.0
20230721:1211,399.97,51.17,13.71,3.59,0.0
20230721:1311,249.83,48.36,13.96,3.52,0.0
20230721:1411,161.46,43.26,13.77,3.45,0.0
20230721:1511,303.03,36.66,13.55,3.52,0.0
20230721:1611,346.5,29.24,13.35,3.38,0.0
20230721:1711,223.49,21.54,13.21,3.31,0.0
20230721:1811,61.99,13.96,13.17,3.45,0.0
20230721:1911,18.21,6.85,13.01,3.24,0.0
20230721:2011,0.0,0.0,12.81,2.69,0.0
20230721:2111,0.0,0.0,12.25,2.83,0.0
20230721:2211,0.0,0.0,12.37,2.69,0.0
20230721:2311,0.0,0.0,12.2,3.03,0.0
20230722:0011,0.0,0.0,12.07,2.9,0.0
20230722:0111,0.0,0.0,12.29,2.48,0.0
20230722:0211,0.0,0.0,12.31,2.41,0.0
20230722:0311,0.0,0.0,12.1,2.21,0.0
20230722:0411,10.76,6.25,12.12,1.93,0.0
20230722:0511,22.34,13.32,12.15,2.0,0.0
20230722:0611,116.04,20.88,12.34,2.0,0.0
20230722:0711,292.54,28.59,12.55,2.07,0.0
20230722:0811,445.27,36.03,12.97,2.21,0.0
20230722:0911,205.3,42.7,13.64,2.21,0.0
20230722:1011,130.96,47.91,13.7,2.55,0.0
20230722:1111,317.22,50.88,13.88,2.97,0.0
20230722:1211,423.77,50.97,13.68,3.38,0.0
20230722:1311,739.31,48.18,14.05,3.66,0.0
20230722:1411,658.13,43.09,13.74,3.59,0.0
20230722:1511,615.32,36.49,13.79,3.1,0.0
20230722:1611,423.66,29.08,13.7,2.76,0.0
20230722:1711,254.51,21.38,13.8,2.41,0.0
20230722:1811,75.47,13.8,13.6,2.34,0.0
20230722:1911,33.93,6.69,13.45,2.21,0.0
20230722:2011,0.0,0.0,13.22,1.45,0.0
20230722:2111,0.0,0.0,12.73,1.38,0.0
20230722:2211,0.0,0.0,13.2,0.9,0.0
20230722:2311,0.0,0.0,13.02,0.69,0.0
20230723:0011,0.0,0.0,12.89,0.21,0.0
20230723:0111,0.0,0.0,12.32,0.34,0.0
20230723:0211,0.0,0.0,11.94,0.62,0.0
20230723:0311,0.0,0.0,11.58,0.83,0.0
20230723:0411,19.03,6.07,11.54,1.17,0.0
20230723:0511,63.72,13.14,11.82,1.59,0.0
20230723:0611,171.68,20.71,12.53,1.59,0.0
20230723:0711,374.21,28.42,13.31,1.93,0.0
20230723:0811,582.61,35.86,14.17,2.34,0.0
20230723:0911,769.1,42.52,15.39,2.48,0.0
20230723:1011,902.93,47.72,16.34,3.17,0.0
20230723:1111,988.99,50.68,16.73,3.45,0.0
20230723:1211,990.62,50.78,16.98,3.66,0.0
20230723:1311,931.75,47.99,17.21,3.79,0.0
20230723:1411,615.99,42.91,17.51,4.07,0.0
20230723:1511,225.55,36.33,17.44,4.41,0.0
20230723:1611,303.16,28.92,16.53,3.38,0.0
20230723:1711,239.11,21.22,16.09,3.52,0.0
20230723:1811,36.78,13.63,15.99,2.9,0.0
20230723:1911,33.93,6.51,15.35,2.21,0.0
20230723:2011,0.0,0.0,14.79,2.28,0.0
20230723:2111,0.0,0.0,13.68,2.69,0.0
20230723:2211,0.0,0.0,14.07,3.1,0.0
20230723:2311,0.0,0.0,13.65,2.48,0.0
20230724:0011,0.0,0.0,13.01,2.14,0.0
20230724:0111,0.0,0.0,12.48,1.72,0.0
20230724:0211,0.0,0.0,12.42,1.24,0.0
20230724:0311,0.0,0.0,12.18,1.03,0.0
20230724:0411,4.14,5.88,12.15,1.24,0.0
20230724:0511,38.07,12.96,12.59,1.31,0.0
20230724:0611,73.55,20.53,13.84,1.45,0.0
20230724:0711,198.29,28.24,14.41,1.66,0.0
20230724:0811,270.19,35.67,15.26,1.93,0.0
20230724:0911,176.71,42.33,16.09,1.72,0.0
20230724:1011,292.3,47.52,16.32,2.34,0.0
20230724:1111,670.11,50.47,17.14,3.31,0.0
20230724:1211,576.42,50.57,16.52,3.86,0.0
20230724:1311,786.71,47.8,16.49,3.38,0.0
20230724:1411,784.33,42.73,16.15,3.38,0.0
20230724:1511,548.98,36.15,15.9,3.72,0.0
20230724:1611,363.4,28.75,16.09,3.03,0.0
20230724:1711,209.45,21.05,15.44,3.24,0.0
20230724:1811,86.94,13.46,15.36,3.86,0.0
20230724:1911,18.21,6.34,14.99,4.14,0.0
20230724:2011,0.0,0.0,14.69,4.28,0.0
20230724:2111,0.0,0.0,14.22,4.21,0.0
20230724:2211,0.0,0.0,14.0,4.28,0.0
20230724:2311,0.0,0.0,13.71,4.62,0.0
20230725:0011,0.0,0.0,13.69,4.62,0.0
20230725:0111,0.0,0.0,13.16,4.07,0.0
20230725:0211,0.0,0.0,13.26,5.03,0.0
20230725:0311,0.0,0.0,13.29,5.1,0.0
20230725:0411,28.96,5.7,13.22,5.45,0.0
20230725:0511,51.31,12.78,13.37,5.52,0.0
20230725:0611,114.68,20.35,13.54,5.45,0.0
20230725:0711,144.41,28.06,13.69,5.45,0.0
20230725:0811,118.4,35.49,13.51,6.34,0.0
20230725:0911,72.66,42.13,14.07,6.34,0.0
20230725:1011,143.52,47.32,13.36,7.24,0.0
20230725:1111,304.89,50.26,13.71,7.17,0.0
20230725:1211,162.36,50.36,13.31,8.21,0.0
20230725:1311,207.77,47.6,13.27,8.97,0.0
20230725:1411,171.33,42.54,12.97,9.31,0.0
20230725:1511,148.0,35.97,12.58,9.31,0.0
20230725:1611,81.63,28.58,12.52,9.1,0.0
20230725:1711,100.38,20.88,12.32,8.97,0.0
20230725:1811,46.64,13.28,12.35,8.28,0.0
20230725:1911,13.24,6.15,12.3,8.34,0.0
20230725:2011,0.0,0.0,12.3,8.07,0.0
20230725:2111,0.0,0.0,12.2,7.79,0.0
20230725:2211,0.0,0.0,12.94,7.38,0.0
20230725:2311,0.0,0.0,13.05,6.9,0.0
20230726:0011,0.0,0.0,13.04,6.48,0.0
20230726:0111,0.0,0.0,12.99,4.97,0.0
20230726:0211,0.0,0.0,12.93,3.86,0.0
20230726:0311,0.0,0.0,12.74,3.45,0.0
20230726:0411,4.97,5.5,12.32,3.31,0.0
20230726:0511,72.0,12.6,12.79,3.59,0.0
20230726:0611,167.42,20.17,13.1,3.59,0.0
20230726:0711,372.57,27.87,13.56,3.52,0.0
20230726:0811,572.06,35.3,14.45,3.31,0.0
20230726:0911,757.53,41.94,15.19,3.38,0.0
20230726:1011,876.4,47.11,15.73,3.59,0.0
20230726:1111,897.86,50.05,15.9,3.59,0.0
20230726:1211,923.83,50.15,16.28,3.66,0.0
20230726:1311,788.62,47.39,16.33,4.76,0.0
20230726:1411,810.17,42.34,16.21,5.45,0.0
20230726:1511,588.67,35.78,16.14,5.45,0.0
20230726:1611,353.61,28.39,15.38,4.76,0.0
20230726:1711,213.2,20.7,15.19,4.34,0.0
20230726:1811,76.7,13.1,15.03,4.07,0.0
20230726:1911,8.28,5.97,14.65,3.86,0.0
20230726:2011,0.0,0.0,14.37,3.66,0.0
20230726:2111,0.0,0.0,14.06,3.38,0.0
20230726:2211,0.0,0.0,13.66,3.1,0.0
20230726:2311,0.0,0.0,13.51,2.76,0.0
20230727:0011,0.0,0.0,13.45,2.55,0.0
20230727:0111,0.0,0.0,13.41,1.86,0.0
20230727:0211,0.0,0.0,13.3,0.97,0.0
20230727:0311,0.0,0.0,13.36,0.21,0.0
20230727:0411,4.14,5.31,13.33,0.34,0.0
20230727:0511,32.27,12.41,13.09,0.48,0.0
20230727:0611,94.62,19.98,13.39,0.41,0.0
20230727:0711,156.13,27.69,13.94,0.28,0.0
20230727:0811,221.64,35.11,14.42,1.03,0.0
20230727:0911,312.56,41.73,15.26,1.66,0.0
20230727:1011,442.59,46.9,15.48,1.79,0.0
20230727:1111,594.12,49.82,15.68,2.34,0.0
20230727:1211,898.26,49.93,16.01,3.17,0.0
20230727:1311,863.87,47.18,16.09,3.86,0.0
20230727:1411,817.44,42.14,16.01,4.34,0.0
20230727:1511,580.97,35.59,15.96,4.28,0.0
20230727:1611,436.42,28.21,15.73,3.86,0.0
20230727:1711,243.39,20.51,15.48,3.45,0.0
20230727:1811,79.54,12.91,15.17,3.17,0.0
20230727:1911,29.79,5.77,15.07,2.97,0.0
20230727:2011,0.0,0.0,14.71,2.55,0.0
20230727:2111,0.0,0.0,14.05,2.34,0.0
20230727:2211,0.0,0.0,13.33,2.55,0.0
20230727:2311,0.0,0.0,12.97,2.28,0.0
20230728:0011,0.0,0.0,12.67,2.28,0.0
20230728:0111,0.0,0.0,12.65,2.21,0.0
20230728:0211,0.0,0.0,12.69,1.93,0.0
20230728:0311,0.0,0.0,12.73,1.66,0.0
20230728:0411,4.97,5.11,12.75,1.59,0.0
20230728:0511,34.76,12.21,12.91,1.72,0.0
20230728:0611,100.44,19.79,13.24,2.07,0.0
20230728:0711,201.49,27.5,14.06,2.28,0.0
20230728:0811,324.91,34.91,14.84,2.21,0.0
20230728:0911,630.52,41.53,15.42,2.28,0.0
20230728:1011,714.68,46.68,16.16,2.69,0.0
20230728:1111,844.13,49.6,16.34,3.52,0.0
20230728:1211,997.58,49.7,16.28,3.86,0.0
20230728:1311,918.38,46.96,16.05,3.72,0.0
20230728:1411,869.23,41.93,16.24,3.66,0.0
20230728:1511,657.01,35.39,16.2,3.38,0.0
20230728:1611,448.32,28.01,16.12,2.62,0.0
20230728:1711,246.66,20.32,16.13,2.07,0.0
20230728:1811,76.9,12.72,15.73,2.21,0.0
20230728:1911,27.31,5.57,15.25,1.93,0.0
20230728:2011,0.0,0.0,14.19,1.52,0.0
20230728:2111,0.0,0.0,14.0,0.9,0.0
20230728:2211,0.0,0.0,13.27,0.76,0.0
20230728:2311,0.0,0.0,12.64,1.24,0.0
20230729:0011,0.0,0.0,12.57,1.52,0.0
20230729:0111,0.0,0.0,12.07,1.59,0.0
20230729:0211,0.0,0.0,11.59,1.59,0.0
20230729:0311,0.0,0.0,11.16,1.79,0.0
20230729:0411,3.31,4.91,10.97,2.14,0.0
20230729:0511,68.69,12.02,11.49,2.21,0.0
20230729:0611,159.58,19.6,13.0,2.14,0.0
20230729:0711,350.95,27.3,14.69,1.79,0.0
20230729:0811,514.85,34.71,15.75,1.59,0.0
20230729:0911,487.98,41.32,16.91,1.72,0.0
20230729:1011,395.3,46.46,17.78,1.31,0.0
20230729:1111,634.79,49.37,18.29,1.66,0.0
20230729:1211,507.19,49.47,18.49,1.66,0.0
20230729:1311,427.21,46.73,18.39,1.59,0.0
20230729:1411,366.99,41.72,18.44,1.79,0.0
20230729:1511,217.89,35.19,18.11,2.34,0.0
20230729:1611,101.36,27.82,17.81,2.62,0.0
20230729:1711,59.2,20.12,17.12,2.62,0.0
20230729:1811,26.91,12.52,16.57,2.62,0.0
20230729:1911,22.34,5.36,15.98,2.41,0.0
20230729:2011,0.0,0.0,15.57,2.48,0.0
20230729:2111,0.0,0.0,15.34,2.69,0.0
20230729:2211,0.0,0.0,15.47,4.0,0.0
20230729:2311,0.0,0.0,15.47,4.07,0.0
20230730:0011,0.0,0.0,15.29,4.21,0.0
20230730:0111,0.0,0.0,15.01,3.86,0.0
20230730:0211,0.0,0.0,14.67,3.52,0.0
20230730:0311,0.0,0.0,14.32,3.79,0.0
20230730:0411,18.21,4.7,14.14,3.72,0.0
20230730:0511,60.41,11.82,14.16,3.79,0.0
20230730:0611,161.58,19.41,14.56,4.14,0.0
20230730:0711,275.13,27.11,15.1,4.21,0.0
20230730:0811,359.07,34.51,15.6,4.28,0.0
20230730:0911,116.61,41.11,16.19,4.55,0.0
20230730:1011,90.6,46.23,16.05,4.0,0.0
20230730:1111,84.32,49.13,16.2,4.0,0.0
20230730:1211,67.27,49.23,16.31,3.59,0.0
20230730:1311,57.41,46.5,16.07,3.1,0.0
20230730:1411,64.58,41.5,15.52,3.31,0.0
20230730:1511,112.12,34.98,15.36,3.17,0.0
20230730:1611,381.19,27.61,15.13,2.55,0.0
20230730:1711,104.79,19.92,15.32,1.59,0.0
20230730:1811,25.12,12.31,14.86,0.9,0.0
20230730:1911,6.62,5.15,14.9,0.69,0.0
20230730:2011,0.0,0.0,14.23,0.28,0.0
20230730:2111,0.0,0.0,14.06,0.14,0.0
20230730:2211,0.0,0.0,13.68,0.55,0.0
20230730:2311,0.0,0.0,13.05,0.55,0.0
20230731:0011,0.0,0.0,13.06,0.69,0.0
20230731:0111,0.0,0.0,12.62,1.03,0.0
20230731:0211,0.0,0.0,11.87,1.38,0.0
20230731:0311,0.0,0.0,12.01,1.52,0.0
20230731:0411,21.52,4.49,11.94,1.59,0.0
20230731:0511,62.89,11.62,12.25,1.79,0.0
20230731:0611,157.3,19.21,12.83,1.66,0.0
20230731:0711,277.65,26.91,13.72,2.21,0.0
20230731:0811,447.94,34.31,14.67,2.55,0.0
20230731:0911,728.71,40.89,15.64,2.48,0.0
20230731:1011,862.44,46.0,16.84,2.48,0.0
20230731:1111,946.42,48.89,17.13,3.38,0.0
20230731:1211,894.87,48.99,17.34,3.79,0.0
20230731:1311,773.2,46.27,16.69,4.07,0.0
20230731:1411,770.07,41.28,17.06,4.0,0.0
20230731:1511,629.22,34.76,17.2,3.79,0.0
20230731:1611,439.91,27.4,17.12,3.03,0.0
20230731:1711,42.16,19.71,17.13,2.41,0.0
20230731:1811,63.34,12.1,16.46,2.07,0.0
20230731:1911,24.83,4.93,16.06,1.86,0.0
20230731:2011,0.0,0.0,15.24,1.79,0.0
20230731:2111,0.0,0.0,14.58,1.72,0.0
20230731:2211,0.0,0.0,15.03,0.69,0.0
20230731:2311,0.0,0.0,14.05,1.17,0.0
20230801:0011,0.0,0.0,13.89,1.1,0.0
20230801:0111,0.0,0.0,13.54,0.97,0.0
20230801:0211,0.0,0.0,13.25,1.1,0.0
20230801:0311,0.0,0.0,12.74,1.24,0.0
20230801:0411,9.1,4.28,12.49,1.31,0.0
20230801:0511,56.27,11.41,12.99,1.45,0.0
20230801:0611,158.71,19.01,14.17,1.17,0.0
20230801:0711,362.25,26.7,15.41,1.24,0.0
20230801:0811,568.49,34.1,16.38,2.0,0.0
20230801:0911,756.86,40.67,17.17,2.9,0.0
20230801:1011,873.37,45.77,17.79,3.59,0.0
20230801:1111,951.46,48.65,18.0,4.0,0.0
20230801:1211,921.45,48.74,18.05,4.69,0.0
20230801:1311,637.03,46.03,17.84,5.24,0.0
20230801:1411,827.52,41.05,17.74,5.59,0.0
20230801:1511,640.89,34.54,17.79,5.45,0.0
20230801:1611,452.4,27.18,17.18,5.24,0.0
20230801:1711,237.75,19.49,16.61,4.76,0.0
20230801:1811,64.56,11.88,16.46,4.76,0.0
20230801:1911,22.34,4.71,16.12,4.34,0.0
20230801:2011,0.0,0.0,15.7,3.79,0.0
20230801:2111,0.0,0.0,14.71,3.17,0.0
20230801:2211,0.0,0.0,14.4,2.76,0.0
20230801:2311,0.0,0.0,14.01,2.48,0.0
20230802:0011,0.0,0.0,14.15,2.69,0.0
20230802:0111,0.0,0.0,14.12,2.69,0.0
20230802:0211,0.0,0.0,14.17,2.69,0.0
20230802:0311,0.0,0.0,14.07,2.55,0.0
20230802:0411,2.48,4.07,14.07,2.48,0.0
20230802:0511,27.31,11.2,13.97,2.41,0.0
20230802:0611,133.66,18.8,14.07,2.41,0.0
20230802:0711,283.88,26.5,14.74,2.28,0.0
20230802:0811,459.1,33.89,15.48,2.62,0.0
20230802:0911,691.33,40.45,16.58,2.48,0.0
20230802:1011,834.1,45.53,17.55,2.48,0.0
20230802:1111,953.43,48.4,17.94,2.97,0.0
20230802:1211,980.89,48.49,18.35,3.79,0.0
20230802:1311,945.85,45.78,18.72,4.28,0.0
20230802:1411,838.86,40.81,18.85,4.0,0.0
20230802:1511,636.53,34.32,18.7,4.0,0.0
20230802:1611,368.7,26.96,17.99,3.93,0.0
20230802:1711,75.35,19.27,17.73,3.86,0.0
20230802:1811,23.32,11.66,17.09,3.93,0.0
20230802:1911,6.62,4.48,16.68,3.31,0.0
20230802:2011,0.0,0.0,15.58,3.1,0.0
20230802:2111,0.0,0.0,14.74,3.17,0.0
20230802:2211,0.0,0.0,14.82,3.1,0.0
20230802:2311,0.0,0.0,14.26,3.1,0.0
20230803:0011,0.0,0.0,14.23,2.76,0.0
20230803:0111,0.0,0.0,13.98,2.83,0.0
20230803:0211,0.0,0.0,13.9,2.83,0.0
20230803:0311,0.0,0.0,13.82,2.69,0.0
20230803:0411,3.31,3.85,13.76,2.41,0.0
20230803:0511,31.45,10.99,14.51,2.76,0.0
20230803:0611,84.77,18.59,15.05,2.83,0.0
20230803:0711,150.99,26.29,15.58,3.24,0.0
20230803:0811,367.56,33.67,16.34,3.52,0.0
20230803:0911,433.14,40.22,17.18,3.93,0.0
20230803:1011,760.85,45.29,17.89,4.14,0.0
20230803:1111,660.79,48.14,18.16,4.34,0.0
20230803:1211,753.41,48.23,18.42,5.24,0.0
20230803:1311,812.28,45.53,18.6,5.79,0.0
20230803:1411,745.48,40.57,18.49,5.59,0.0
20230803:1511,549.39,34.08,17.84,5.72,0.0
20230803:1611,276.45,26.74,17.65,5.59,0.0
20230803:1711,154.57,19.05,17.29,5.79,0.0
20230803:1811,55.68,11.43,16.96,6.0,0.0
20230803:1911,5.79,4.25,16.39,6.07,0.0
20230803:2011,0.0,0.0,15.87,6.07,0.0
20230803:2111,0.0,0.0,15.47,6.21,0.0
20230803:2211,0.0,0.0,14.99,6.9,0.0
20230803:2311,0.0,0.0,14.94,7.17,0.0
20230804:0011,0.0,0.0,14.74,7.1,0.0
20230804:0111,0.0,0.0,14.49,7.31,0.0
20230804:0211,0.0,0.0,14.32,7.31,0.0
20230804:0311,0.0,0.0,14.36,7.59,0.0
20230804:0411,2.48,3.63,14.31,7.45,0.0
20230804:0511,13.24,10.78,14.34,7.45,0.0
20230804:0611,131.59,18.38,14.47,7.59,0.0
20230804:0711,122.04,26.08,14.78,7.86,0.0
20230804:0811,212.11,33.45,15.16,8.07,0.0
20230804:0911,253.65,39.99,15.92,8.07,0.0
20230804:1011,286.77,45.05,15.82,8.21,0.0
20230804:1111,730.75,47.88,15.92,8.07,0.0
20230804:1211,911.55,47.97,15.56,8.07,0.0
20230804:1311,874.29,45.27,15.84,8.07,0.0
20230804:1411,790.3,40.32,15.9,8.21,0.0
20230804:1511,603.62,33.85,15.74,8.48,0.0
20230804:1611,384.3,26.5,15.52,8.21,0.0
20230804:1711,158.37,18.81,15.05,7.52,0.0
20230804:1811,67.07,11.19,14.51,6.97,0.0
20230804:1911,16.55,4.01,14.13,6.62,0.0
20230804:2011,0.0,0.0,13.82,6.28,0.0
20230804:2111,0.0,0.0,13.38,6.0,0.0
20230804:2211,0.0,0.0,13.48,5.66,0.0
20230804:2311,0.0,0.0,13.31,5.17,0.0
20230805:0011,0.0,0.0,13.07,4.76,0.0
20230805:0111,0.0,0.0,12.73,4.83,0.0
20230805:0211,0.0,0.0,12.61,5.24,0.0
20230805:0311,0.0,0.0,12.36,5.1,0.0
20230805:0411,6.62,3.4,12.27,5.03,0.0
20230805:0511,58.76,10.56,12.38,4.9,0.0
20230805:0611,127.68,18.17,12.7,4.97,0.0
20230805:0711,154.74,25.86,12.95,4.9,0.0
20230805:0811,308.05,33.23,13.28,4.76,0.0
20230805:0911,414.22,39.76,13.91,4.83,0.0
20230805:1011,390.57,44.8,14.35,4.97,0.0
20230805:1111,683.82,47.62,14.71,4.97,0.0
20230805:1211,727.46,47.7,14.69,4.83,0.0
20230805:1311,721.21,45.01,14.65,5.1,0.0
20230805:1411,522.67,40.07,14.93,4.97,0.0
20230805:1511,379.71,33.6,14.98,4.83,0.0
20230805:1611,286.23,26.27,14.95,4.69,0.0
20230805:1711,164.92,18.58,14.74,4.69,0.0
20230805:1811,65.37,10.95,14.38,4.55,0.0
20230805:1911,14.9,3.76,14.13,4.21,0.0
20230805:2011,0.0,0.0,13.75,3.93,0.0
20230805:2111,0.0,0.0,12.97,3.52,0.0
20230805:2211,0.0,0.0,12.64,2.69,0.0
20230805:2311,0.0,0.0,12.38,3.24,0.0
20230806:0011,0.0,0.0,12.16,3.31,0.0
20230806:0111,0.0,0.0,12.05,3.45,0.0
20230806:0211,0.0,0.0,12.08,3.31,0.0
20230806:0311,0.0,0.0,12.01,3.52,0.0
20230806:0411,1.66,3.17,11.85,2.83,0.0
20230806:0511,51.31,10.34,11.93,2.41,0.0
20230806:0611,49.33,17.95,12.34,2.41,0.0
20230806:0711,314.77,25.65,12.97,2.14,0.0
20230806:0811,347.53,33.01,13.83,2.34,0.0
20230806:0911,598.69,39.52,15.07,2.14,0.0
20230806:1011,792.49,44.54,15.92,2.41,0.0
20230806:1111,870.08,47.35,16.59,2.9,0.0
20230806:1211,557.69,47.42,16.93,3.17,0.0
20230806:1311,564.18,44.74,17.28,3.66,0.0
20230806:1411,486.16,39.81,17.36,3.79,0.0
20230806:1511,333.69,33.35,17.21,3.86,0.0
20230806:1611,190.49,26.02,16.98,4.28,0.0
20230806:1711,142.72,18.34,16.76,4.41,0.0
20230806:1811,34.98,10.71,16.28,4.34,0.0
20230806:1911,4.14,3.51,15.68,4.55,0.0
20230806:2011,0.0,0.0,15.06,4.62,0.0
20230806:2111,0.0,0.0,14.46,4.76,0.0
20230806:2211,0.0,0.0,14.3,4.83,0.0
20230806:2311,0.0,0.0,14.05,4.9,0.0
20230807:0011,0.0,0.0,13.89,4.9,0.0
20230807:0111,0.0,0.0,13.89,5.03,0.0
20230807:0211,0.0,0.0,13.96,5.66,0.0
20230807:0311,0.0,0.0,14.01,6.48,0.0
20230807:0411,1.66,2.94,14.08,6.9,0.0
20230807:0511,14.9,10.12,14.11,7.03,0.0
20230807:0611,22.42,17.74,14.3,7.38,0.0
20230807:0711,56.51,25.43,14.56,7.86,0.0
20230807:0811,70.86,32.78,14.93,7.93,0.0
20230807:0911,105.85,39.28,15.24,7.86,0.0
20230807:1011,190.16,44.28,15.47,8.62,0.0
20230807:1111,180.3,47.08,15.79,7.59,0.0
20230807:1211,156.08,47.15,15.84,7.17,0.0
20230807:1311,161.46,44.47,15.77,7.59,0.0
20230807:1411,79.83,39.55,15.31,8.34,0.0
20230807:1511,91.49,33.1,14.59,9.17,0.0
20230807:1611,59.2,25.77,14.14,9.72,0.0
20230807:1711,29.6,18.09,13.69,10.34,0.0
20230807:1811,10.76,10.46,13.37,10.97,0.0
20230807:1911,2.48,3.26,13.18,11.17,0.0
20230807:2011,0.0,0.0,13.03,11.38,0.0
20230807:2111,0.0,0.0,12.66,11.79,0.0
20230807:2211,0.0,0.0,12.23,11.86,0.0
20230807:2311,0.0,0.0,12.23,11.59,0.0
20230808:0011,0.0,0.0,12.33,12.28,0.0
20230808:0111,0.0,0.0,12.17,12.55,0.0
20230808:0211,0.0,0.0,11.97,12.07,0.0
20230808:0311,0.0,0.0,11.84,12.0,0.0
20230808:0411,1.66,2.71,11.76,11.72,0.0
20230808:0511,14.07,9.9,11.82,11.72,0.0
20230808:0611,37.67,17.51,11.79,11.72,0.0
20230808:0711,60.1,25.2,11.75,11.86,0.0
20230808:0811,89.7,32.55,11.83,11.93,0.0
20230808:0911,95.08,39.03,12.03,12.07,0.0
20230808:1011,108.54,44.02,12.11,12.41,0.0
20230808:1111,131.86,46.81,12.09,12.62,0.0
20230808:1211,148.9,46.87,12.17,12.9,0.0
20230808:1311,103.15,44.19,12.02,12.48,0.0
20230808:1411,88.8,39.28,11.91,12.0,0.0
20230808:1511,58.3,32.84,11.85,11.86,0.0
20230808:1611,61.0,25.52,11.84,11.59,0.0
20230808:1711,28.7,17.84,11.86,11.17,0.0
20230808:1811,9.87,10.21,11.85,11.03,0.0
20230808:1911,4.14,3.0,11.92,10.83,0.0
20230808:2011,0.0,0.0,11.82,10.69,0.0
20230808:2111,0.0,0.0,11.94,10.62,0.0
20230808:2211,0.0,0.0,12.0,10.62,0.0
20230808:2311,0.0,0.0,11.98,10.21,0.0
20230809:0011,0.0,0.0,11.9,9.72,0.0
20230809:0111,0.0,0.0,12.1,9.79,0.0
20230809:0211,0.0,0.0,12.08,9.86,0.0
20230809:0311,0.0,0.0,11.88,9.86,0.0
20230809:0411,8.28,2.48,11.94,9.52,0.0
20230809:0511,15.72,9.67,11.75,9.17,0.0
20230809:0611,49.33,17.29,11.8,8.83,0.0
20230809:0711,106.74,24.98,11.8,8.97,0.0
20230809:0811,134.55,32.31,11.87,8.41,0.0
20230809:0911,130.06,38.79,12.0,8.14,0.0
20230809:1011,102.26,43.76,11.7,8.76,0.0
20230809:1111,144.42,46.53,11.89,8.55,0.0
20230809:1211,179.4,46.58,11.77,7.93,0.0
20230809:1311,292.6,43.9,11.81,7.59,0.0
20230809:1411,248.18,39.0,11.73,7.31,0.0
20230809:1511,282.29,32.57,11.73,7.03,0.0
20230809:1611,351.58,25.26,11.54,6.9,0.0
20230809:1711,123.29,17.58,11.8,6.83,0.0
20230809:1811,54.53,9.95,11.71,6.62,0.0
20230809:1911,3.31,2.73,11.49,6.41,0.0
20230809:2011,0.0,0.0,11.38,6.28,0.0
20230809:2111,0.0,0.0,11.29,6.41,0.0
20230809:2211,0.0,0.0,11.58,7.03,0.0
20230809:2311,0.0,0.0,11.65,6.69,0.0
20230810:0011,0.0,0.0,11.63,6.69,0.0
20230810:0111,0.0,0.0,11.54,6.69,0.0
20230810:0211,0.0,0.0,11.62,6.55,0.0
20230810:0311,0.0,0.0,11.65,6.48,0.0
20230810:0411,2.48,2.24,11.33,6.21,0.0
20230810:0511,41.38,9.44,11.32,6.21,0.0
20230810:0611,87.54,17.07,11.72,5.86,0.0
20230810:0711,293.04,24.75,11.91,5.72,0.0
20230810:0811,428.82,32.08,11.97,5.66,0.0
20230810:0911,204.82,38.54,12.21,5.66,0.0
20230810:1011,343.32,43.49,11.95,4.83,0.0
20230810:1111,442.68,46.24,12.18,5.03,0.0
20230810:1211,668.86,46.29,12.29,5.38,0.0
20230810:1311,698.98,43.62,12.34,5.45,0.0
20230810:1411,423.13,38.72,12.5,5.17,0.0
20230810:1511,326.72,32.3,12.49,5.03,0.0
20230810:1611,417.64,25.0,12.56,4.83,0.0
20230810:1711,213.82,17.31,12.6,4.55,0.0
20230810:1811,43.48,9.68,12.52,4.34,0.0
20230810:1911,9.93,2.46,12.27,3.93,0.0
20230810:2011,0.0,0.0,12.1,3.72,0.0
20230810:2111,0.0,0.0,11.72,3.45,0.0
20230810:2211,0.0,0.0,11.6,3.03,0.0
20230810:2311,0.0,0.0,11.18,2.83,0.0
20230811:0011,0.0,0.0,10.99,2.48,0.0
20230811:0111,0.0,0.0,10.83,2.48,0.0
20230811:0211,0.0,0.0,10.63,2.48,0.0
20230811:0311,0.0,0.0,10.37,2.48,0.0
20230811:0411,2.48,2.0,10.3,2.28,0.0
20230811:0511,49.65,9.21,10.4,2.07,0.0
20230811:0611,145.46,16.84,10.95,2.62,0.0
20230811:0711,350.32,24.52,11.93,2.21,0.0
20230811:0811,539.55,31.84,12.9,1.03,0.0
20230811:0911,738.36,38.28,14.07,0.97,0.0
20230811:1011,781.41,43.22,14.78,2.34,0.0
20230811:1111,574.56,45.95,15.09,1.45,0.0
20230811:1211,697.31,45.99,16.04,1.72,0.0
20230811:1311,416.01,43.32,17.1,2.62,0.0
20230811:1411,131.86,38.44,17.44,3.1,0.0
20230811:1511,109.43,32.03,17.51,3.1,0.0
20230811:1611,136.15,24.73,17.25,3.72,0.0
20230811:1711,62.79,17.05,17.11,4.48,0.0
20230811:1811,49.11,9.41,16.97,5.52,0.0
20230811:1911,0.83,2.19,16.85,6.14,0.0
20230811:2011,0.0,0.0,16.42,6.48,0.0
20230811:2111,0.0,0.0,16.07,6.34,0.0
20230811:2211,0.0,0.0,15.74,5.31,0.0
20230811:2311,0.0,0.0,15.34,5.03,0.0
20230812:0011,0.0,0.0,15.28,4.76,0.0
20230812:0111,0.0,0.0,15.16,4.41,0.0
20230812:0211,0.0,0.0,14.88,4.0,0.0
20230812:0311,0.0,0.0,14.3,3.79,0.0
20230812:0411,0.83,1.76,13.78,4.0,0.0
20230812:0511,49.65,8.97,13.86,4.28,0.0
20230812:0611,142.52,16.61,14.51,4.48,0.0
20230812:0711,215.61,24.29,15.51,4.34,0.0
20230812:0811,103.15,31.6,16.38,4.34,0.0
20230812:0911,189.44,38.03,17.23,4.62,0.0
20230812:1011,110.33,42.94,17.73,4.55,0.0
20230812:1111,104.95,45.66,18.08,4.76,0.0
20230812:1211,143.52,45.69,18.21,5.1,0.0
20230812:1311,110.33,43.03,18.18,5.24,0.0
20230812:1411,160.56,38.15,18.13,5.31,0.0
20230812:1511,178.76,31.75,17.31,5.31,0.0
20230812:1611,406.04,24.45,17.34,5.66,0.0
20230812:1711,155.99,16.77,16.71,4.76,0.0
20230812:1811,53.4,9.13,16.13,3.86,0.0
20230812:1911,1.66,1.9,15.95,3.66,0.0
20230812:2011,0.0,0.0,15.64,3.93,0.0
20230812:2111,0.0,0.0,15.43,3.38,0.0
20230812:2211,0.0,0.0,15.09,4.0,0.0
20230812:2311,0.0,0.0,14.91,4.07,0.0
20230813:0011,0.0,0.0,14.79,4.14,0.0
20230813:0111,0.0,0.0,14.67,4.28,0.0
20230813:0211,0.0,0.0,14.6,4.34,0.0
20230813:0311,0.0,0.0,14.36,4.48,0.0
20230813:0411,0.83,1.51,14.22,4.34,0.0
20230813:0511,7.45,8.74,14.35,4.76,0.0
20230813:0611,30.5,16.38,14.93,5.03,0.0
20230813:0711,193.08,24.05,15.64,5.17,0.0
20230813:0811,57.41,31.36,15.54,5.72,0.0
20230813:0911,103.15,37.77,15.57,5.59,0.0
20230813:1011,133.65,42.67,15.23,5.93,0.0
20230813:1111,206.09,45.37,15.7,5.17,0.0
20230813:1211,258.86,45.39,16.1,5.45,0.0
20230813:1311,276.59,42.73,16.27,5.72,0.0
20230813:1411,152.49,37.86,16.13,5.72,0.0
20230813:1511,268.88,31.46,16.0,5.79,0.0
20230813:1611,184.79,24.17,15.71,6.14,0.0
20230813:1711,112.91,16.5,15.58,5.72,0.0
20230813:1811,39.4,8.85,15.34,5.52,0.0
20230813:1911,0.83,1.62,15.21,5.17,0.0
20230813:2011,0.0,0.0,15.27,4.48,0.0
20230813:2111,0.0,0.0,15.19,4.07,0.0
20230813:2211,0.0,0.0,14.93,4.48,0.0
20230813:2311,0.0,0.0,14.9,4.21,0.0
20230814:0011,0.0,0.0,14.83,4.07,0.0
20230814:0111,0.0,0.0,14.82,3.79,0.0
20230814:0211,0.0,0.0,14.73,4.0,0.0
20230814:0311,0.0,0.0,14.77,4.14,0.0
20230814:0411,0.0,0.0,14.72,4.14,0.0
20230814:0511,11.59,8.5,14.47,4.21,0.0
20230814:0611,112.59,16.14,14.71,4.21,0.0
20230814:0711,109.56,23.82,15.03,4.28,0.0
20230814:0811,143.01,31.11,15.2,4.83,0.0
20230814:0911,291.6,37.51,15.73,4.76,0.0
20230814:1011,205.8,42.38,16.0,4.07,0.0
20230814:1111,137.24,45.07,16.45,4.55,0.0
20230814:1211,273.68,45.08,16.31,4.76,0.0
20230814:1311,174.02,42.42,16.03,5.1,0.0
20230814:1411,195.81,37.56,16.17,5.03,0.0
20230814:1511,81.63,31.17,15.72,4.0,0.0
20230814:1611,104.95,23.89,15.75,3.24,0.0
20230814:1711,21.53,16.21,15.74,2.97,0.0
20230814:1811,43.65,8.57,15.68,2.97,0.0
20230814:1911,0.83,1.33,15.33,3.1,0.0
20230814:2011,0.0,0.0,15.14,3.24,0.0
20230814:2111,0.0,0.0,14.93,3.59,0.0
20230814:2211,0.0,0.0,14.86,4.07,0.0
20230814:2311,0.0,0.0,15.12,3.66,0.0
20230815:0011,0.0,0.0,15.21,3.38,0.0
20230815:0111,0.0,0.0,15.28,3.66,0.0
20230815:0211,0.0,0.0,15.37,3.79,0.0
20230815:0311,0.0,0.0,15.35,3.93,0.0
20230815:0411,0.0,0.0,15.27,4.21,0.0
20230815:0511,20.69,8.26,15.28,4.28,0.0
20230815:0611,26.01,15.91,15.42,4.76,0.0
20230815:0711,63.69,23.58,15.73,5.66,0.0
20230815:0811,150.61,30.86,15.96,5.86,0.0
20230815:0911,180.51,37.24,16.23,5.66,0.0
20230815:1011,143.52,42.1,16.35,4.34,0.0
20230815:1111,129.17,44.77,16.51,3.93,0.0
20230815:1211,883.74,44.77,16.68,3.72,0.0
20230815:1311,510.07,42.11,17.12,3.38,0.0
20230815:1411,525.55,37.26,16.95,3.24,0.0
20230815:1511,179.56,30.88,16.98,3.03,0.0
20230815:1611,138.14,23.6,16.91,2.76,0.0
20230815:1711,50.23,15.93,16.49,2.34,0.0
20230815:1811,32.29,8.28,16.03,1.1,0.0
20230815:1911,0.0,0.0,15.66,0.28,0.0
20230815:2011,0.0,0.0,15.2,1.03,0.0
20230815:2111,0.0,0.0,14.97,1.38,0.0
20230815:2211,0.0,0.0,14.75,2.07,0.0
20230815:2311,0.0,0.0,14.92,1.93,0.0
20230816:0011,0.0,0.0,14.51,2.07,0.0
20230816:0111,0.0,0.0,14.6,2.55,0.0
20230816:0211,0.0,0.0,14.37,2.69,0.0
20230816:0311,0.0,0.0,14.07,2.55,0.0
20230816:0411,0.0,0.0,14.07,3.03,0.0
20230816:0511,19.03,8.02,14.33,3.72,0.0
20230816:0611,61.89,15.67,14.35,4.28,0.0
20230816:0711,139.27,23.34,14.47,4.83,0.0
20230816:0811,138.54,30.61,14.52,5.17,0.0
20230816:0911,184.13,36.97,14.67,5.45,0.0
20230816:1011,149.8,41.81,15.44,5.31,0.0
20230816:1111,214.02,44.46,15.18,5.45,0.0
20230816:1211,217.66,44.45,15.25,5.86,0.0
20230816:1311,198.07,41.8,15.28,5.86,0.0
20230816:1411,167.53,36.95,15.33,5.86,0.0
20230816:1511,257.62,30.58,15.17,5.59,0.0
20230816:1611,213.94,23.31,15.22,5.38,0.0
20230816:1711,109.81,15.64,15.1,5.31,0.0
20230816:1811,37.24,7.99,14.87,5.17,0.0
20230816:1911,0.0,0.0,14.56,4.83,0.0
20230816:2011,0.0,0.0,14.29,4.48,0.0
20230816:2111,0.0,0.0,13.79,4.41,0.0
20230816:2211,0.0,0.0,13.54,3.93,0.0
20230816:2311,0.0,0.0,13.22,4.14,0.0
20230817:0011,0.0,0.0,13.06,4.21,0.0
20230817:0111,0.0,0.0,12.72,4.07,0.0
20230817:0211,0.0,0.0,12.83,4.0,0.0
20230817:0311,0.0,0.0,12.89,3.93,0.0
20230817:0411,0.0,0.0,12.74,3.86,0.0
20230817:0511,23.17,7.77,12.67,4.07,0.0
20230817:0611,122.9,15.43,13.01,3.86,0.0
20230817:0711,168.7,23.09,13.58,3.38,0.0
20230817:0811,360.94,30.35,14.57,2.69,0.0
20230817:0911,432.25,36.7,16.07,2.14,0.0
20230817:1011,782.75,41.52,17.39,2.48,0.0
20230817:1111,968.2,44.15,17.51,3.1,0.0
20230817:1211,980.38,44.13,17.93,3.86,0.0
20230817:1311,923.41,41.48,18.29,3.38,0.0
20230817:1411,725.9,36.64,18.31,2.97,0.0
20230817:1511,345.62,30.28,17.84,3.1,0.0
20230817:1611,228.6,23.01,17.6,2.76,0.0
20230817:1711,104.27,15.34,17.23,2.48,0.0
20230817:1811,40.55,7.69,16.84,2.14,0.0
20230817:1911,0.0,0.0,16.18,1.86,0.0
20230817:2011,0.0,0.0,15.62,2.0,0.0
20230817:2111,0.0,0.0,15.18,1.93,0.0
20230817:2211,0.0,0.0,14.52,1.59,0.0
20230817:2311,0.0,0.0,14.42,1.59,0.0
20230818:0011,0.0,0.0,13.97,1.59,0.0
20230818:0111,0.0,0.0,13.97,1.66,0.0
20230818:0211,0.0,0.0,13.63,1.45,0.0
20230818:0311,0.0,0.0,13.48,1.52,0.0
20230818:0411,0.0,0.0,13.51,1.38,0.0
20230818:0511,37.24,7.53,13.81,1.38,0.0
20230818:0611,121.1,15.18,14.7,1.45,0.0
20230818:0711,192.1,22.85,15.89,0.9,0.0
20230818:0811,482.81,30.1,16.77,0.48,0.0
20230818:0911,451.42,36.43,17.94,0.41,0.0
20230818:1011,800.72,41.22,19.04,1.17,0.0
20230818:1111,583.87,43.83,19.67,0.69,0.0
20230818:1211,433.04,43.81,19.69,0.41,0.0
20230818:1311,815.73,41.15,19.89,0.34,0.0
20230818:1411,547.17,36.32,19.98,0.28,0.0
20230818:1511,375.63,29.97,20.07,0.55,0.0
20230818:1611,331.93,22.71,19.94,0.76,0.0
20230818:1711,130.22,15.04,19.66,1.24,0.0
20230818:1811,34.76,7.39,19.24,1.03,0.0
20230818:1911,0.0,0.0,18.4,1.38,0.0
20230818:2011,0.0,0.0,17.96,1.86,0.0
20230818:2111,0.0,0.0,17.66,1.93,0.0
20230818:2211,0.0,0.0,17.17,2.62,0.0
20230818:2311,0.0,0.0,16.95,2.9,0.0
20230819:0011,0.0,0.0,16.85,3.72,0.0
20230819:0111,0.0,0.0,16.64,4.21,0.0
20230819:0211,0.0,0.0,16.79,4.48,0.0
20230819:0311,0.0,0.0,17.13,4.83,0.0
20230819:0411,0.0,0.0,17.73,4.97,0.0
20230819:0511,9.93,7.28,18.07,5.31,0.0
20230819:0611,50.23,14.94,18.49,6.34,0.0
20230819:0711,130.32,22.6,19.01,6.69,0.0
20230819:0811,142.17,29.84,19.51,7.1,0.0
20230819:0911,197.71,36.15,20.01,7.59,0.0
20230819:1011,262.08,40.93,20.23,7.79,0.0
20230819:1111,169.53,43.52,20.17,8.41,0.0
20230819:1211,185.68,43.48,19.88,8.28,0.0
20230819:1311,109.43,40.83,19.49,8.97,0.0
20230819:1411,84.32,36.0,18.76,9.1,0.0
20230819:1511,68.17,29.66,18.03,8.76,0.0
20230819:1611,26.01,22.4,18.15,8.69,0.0
20230819:1711,66.48,14.74,18.27,8.55,0.0
20230819:1811,6.62,7.08,18.43,8.14,0.0
20230819:1911,0.0,0.0,18.56,7.38,0.0
20230819:2011,0.0,0.0,18.45,6.76,0.0
20230819:2111,0.0,0.0,18.48,5.93,0.0
20230819:2211,0.0,0.0,18.57,4.69,0.0
20230819:2311,0.0,0.0,18.16,4.41,0.0
20230820:0011,0.0,0.0,17.71,4.28,0.0
20230820:0111,0.0,0.0,17.25,3.66,0.0
20230820:0211,0.0,0.0,16.93,2.83,0.0
20230820:0311,0.0,0.0,16.68,2.69,0.0
20230820:0411,0.0,0.0,16.44,2.83,0.0
20230820:0511,37.24,7.03,16.18,3.1,0.0
20230820:0611,126.53,14.69,16.09,3.31,0.0
20230820:0711,41.26,22.35,16.28,3.24,0.0
20230820:0811,330.32,29.58,16.87,3.31,0.0
20230820:0911,282.28,35.87,17.56,3.66,0.0
20230820:1011,775.91,40.63,18.07,3.45,0.0
20230820:1111,759.46,43.2,18.53,3.79,0.0
20230820:1211,759.15,43.15,18.59,4.21,0.0
20230820:1311,866.37,40.5,18.32,4.07,0.0
20230820:1411,484.56,35.68,18.44,3.66,0.0
20230820:1511,448.65,29.34,18.13,3.86,0.0
20230820:1611,220.61,22.09,17.79,4.14,0.0
20230820:1711,93.6,14.43,17.21,3.66,0.0
20230820:1811,25.65,6.77,16.84,3.24,0.0
20230820:1911,0.0,0.0,16.38,2.9,0.0
20230820:2011,0.0,0.0,16.07,2.76,0.0
20230820:2111,0.0,0.0,15.68,2.9,0.0
20230820:2211,0.0,0.0,15.75,3.93,0.0
20230820:2311,0.0,0.0,15.39,4.0,0.0
20230821:0011,0.0,0.0,15.51,3.66,0.0
20230821:0111,0.0,0.0,15.22,3.86,0.0
20230821:0211,0.0,0.0,15.12,3.45,0.0
20230821:0311,0.0,0.0,15.13,3.52,0.0
20230821:0411,0.0,0.0,15.09,3.24,0.0
20230821:0511,24.0,6.78,15.17,3.17,0.0
20230821:0611,104.87,14.44,15.46,3.17,0.0
20230821:0711,250.08,22.1,15.8,3.38,0.0
20230821:0811,407.32,29.32,16.31,3.24,0.0
20230821:0911,637.16,35.59,16.81,3.17,0.0
20230821:1011,809.75,40.32,16.86,3.79,0.0
20230821:1111,840.66,42.87,17.27,3.45,0.0
20230821:1211,863.67,42.82,17.37,3.72,0.0
20230821:1311,868.12,40.16,17.53,4.0,0.0
20230821:1411,723.26,35.35,17.66,3.72,0.0
20230821:1511,417.98,29.02,17.61,3.86,0.0
20230821:1611,391.06,21.78,17.64,3.79,0.0
20230821:1711,150.92,14.11,17.25,3.93,0.0
20230821:1811,33.93,6.46,16.74,3.66,0.0
20230821:1911,0.0,0.0,16.05,3.45,0.0
20230821:2011,0.0,0.0,15.62,3.52,0.0
20230821:2111,0.0,0.0,15.26,3.66,0.0
20230821:2211,0.0,0.0,15.02,3.86,0.0
20230821:2311,0.0,0.0,14.87,4.07,0.0
20230822:0011,0.0,0.0,14.5,4.55,0.0
20230822:0111,0.0,0.0,14.4,4.48,0.0
20230822:0211,0.0,0.0,14.37,4.34,0.0
20230822:0311,0.0,0.0,14.42,4.48,0.0
20230822:0411,0.0,0.0,14.54,4.69,0.0
20230822:0511,23.17,6.52,14.6,4.97,0.0
20230822:0611,70.19,14.19,15.03,4.97,0.0
20230822:0711,238.8,21.84,15.31,5.59,0.0
20230822:0811,335.68,29.05,15.77,5.52,0.0
20230822:0911,394.45,35.31,16.42,5.1,0.0
20230822:1011,382.63,40.02,17.11,5.03,0.0
20230822:1111,676.14,42.55,17.37,4.83,0.0
20230822:1211,583.24,42.48,17.67,4.76,0.0
20230822:1311,748.74,39.82,18.0,4.83,0.0
20230822:1411,563.11,35.02,17.73,4.62,0.0
20230822:1511,379.14,28.7,17.57,4.21,0.0
20230822:1611,170.39,21.46,17.31,4.0,0.0
20230822:1711,117.57,13.8,17.06,4.0,0.0
20230822:1811,32.27,6.14,16.6,3.59,0.0
20230822:1911,0.0,0.0,16.18,3.31,0.0
20230822:2011,0.0,0.0,16.19,3.31,0.0
20230822:2111,0.0,0.0,15.93,3.38,0.0
20230822:2211,0.0,0.0,15.88,3.66,0.0
20230822:2311,0.0,0.0,15.73,3.86,0.0
20230823:0011,0.0,0.0,15.65,4.14,0.0
20230823:0111,0.0,0.0,15.5,4.0,0.0
20230823:0211,0.0,0.0,15.44,4.07,0.0
20230823:0311,0.0,0.0,15.31,4.14,0.0
20230823:0411,0.0,0.0,15.29,4.0,0.0
20230823:0511,27.31,6.27,15.39,3.45,0.0
20230823:0611,66.62,13.94,15.28,3.03,0.0
20230823:0711,155.07,21.59,15.11,4.28,0.0
20230823:0811,243.9,28.78,15.04,5.24,0.0
20230823:0911,411.12,35.02,15.06,4.97,0.0
20230823:1011,124.68,39.71,15.03,4.83,0.0
20230823:1111,139.03,42.22,15.18,4.48,0.0
20230823:1211,157.87,42.14,14.76,4.21,0.0
20230823:1311,174.91,39.48,14.91,4.28,0.0
20230823:1411,101.36,34.68,14.95,4.69,0.0
20230823:1511,351.61,28.37,14.8,4.69,0.0
20230823:1611,165.07,21.13,14.9,4.48,0.0
20230823:1711,139.33,13.48,14.73,4.34,0.0
20230823:1811,30.62,5.81,14.6,4.34,0.0
20230823:1911,0.0,0.0,14.39,3.79,0.0
20230823:2011,0.0,0.0,13.75,3.1,0.0
20230823:2111,0.0,0.0,13.42,3.03,0.0
20230823:2211,0.0,0.0,12.93,2.48,0.0
20230823:2311,0.0,0.0,12.62,2.48,0.0
20230824:0011,0.0,0.0,12.62,2.55,0.0
20230824:0111,0.0,0.0,12.31,2.28,0.0
20230824:0211,0.0,0.0,12.22,2.0,0.0
20230824:0311,0.0,0.0,12.19,1.72,0.0
20230824:0411,0.0,0.0,12.12,1.31,0.0
20230824:0511,4.97,6.01,11.86,1.59,0.0
20230824:0611,70.23,13.69,12.05,1.52,0.0
20230824:0711,83.42,21.33,12.63,1.24,0.0
20230824:0811,168.22,28.51,13.24,0.69,0.0
20230824:0911,439.95,34.73,14.06,1.03,0.0
20230824:1011,629.31,39.4,14.62,0.69,0.0
20230824:1111,362.97,41.89,15.08,1.17,0.0
20230824:1211,270.46,41.79,15.06,1.86,0.0
20230824:1311,650.6,39.13,15.24,1.93,0.0
20230824:1411,152.49,34.34,14.84,1.66,0.0
20230824:1511,129.87,28.04,14.07,1.52,0.0
20230824:1611,79.83,20.81,14.39,1.31,0.0
20230824:1711,30.5,13.15,14.62,1.79,0.0
20230824:1811,4.14,5.49,14.76,2.0,0.0
20230824:1911,0.0,0.0,14.69,2.69,0.0
20230824:2011,0.0,0.0,14.14,2.76,0.0
20230824:2111,0.0,0.0,14.32,2.97,0.0
20230824:2211,0.0,0.0,14.15,3.79,0.0
20230824:2311,0.0,0.0,14.24,3.17,0.0
20230825:0011,0.0,0.0,14.15,2.41,0.0
20230825:0111,0.0,0.0,13.96,2.0,0.0
20230825:0211,0.0,0.0,14.0,1.59,0.0
20230825:0311,0.0,0.0,14.02,1.03,0.0
20230825:0411,0.0,0.0,13.96,0.97,0.0
20230825:0511,13.24,5.76,13.82,1.03,0.0
20230825:0611,58.0,13.43,14.03,1.45,0.0
20230825:0711,102.78,21.07,14.45,1.72,0.0
20230825:0811,231.18,28.24,14.87,1.79,0.0
20230825:0911,278.72,34.44,15.14,1.72,0.0
20230825:1011,195.27,39.08,15.19,0.97,0.0
20230825:1111,197.24,41.55,15.4,0.83,0.0
20230825:1211,155.18,41.45,15.48,0.76,0.0
20230825:1311,217.7,38.79,15.51,0.48,0.0
20230825:1411,109.43,34.0,15.49,0.62,0.0
20230825:1511,70.86,27.7,15.72,1.1,0.0
20230825:1611,122.85,20.48,15.48,1.1,0.0
20230825:1711,66.77,12.82,15.31,0.83,0.0
20230825:1811,6.62,5.16,15.04,0.55,0.0
20230825:1911,0.0,0.0,14.78,0.21,0.0
20230825:2011,0.0,0.0,14.7,0.07,0.0
20230825:2111,0.0,0.0,14.57,0.07,0.0
20230825:2211,0.0,0.0,14.21,1.24,0.0
20230825:2311,0.0,0.0,14.07,1.38,0.0
20230826:0011,0.0,0.0,14.04,1.45,0.0
20230826:0111,0.0,0.0,14.04,1.24,0.0
20230826:0211,0.0,0.0,14.14,0.62,0.0
20230826:0311,0.0,0.0,14.01,0.69,0.0
20230826:0411,0.0,0.0,14.09,0.97,0.0
20230826:0511,9.1,5.5,13.96,0.9,0.0
20230826:0611,86.12,13.18,13.94,0.14,0.0
20230826:0711,115.95,20.81,14.07,0.21,0.0
20230826:0811,288.79,27.97,14.43,0.76,0.0
20230826:0911,503.94,34.15,15.03,0.76,0.0
20230826:1011,673.84,38.76,15.45,1.17,0.0
20230826:1111,196.36,41.21,15.34,1.66,0.0
20230826:1211,186.51,41.09,15.19,1.93,0.0
20230826:1311,115.71,38.43,15.31,1.72,0.0
20230826:1411,310.12,33.65,15.73,2.0,0.0
20230826:1511,479.26,27.36,15.83,2.07,0.0
20230826:1611,276.45,20.14,15.53,2.41,0.0
20230826:1711,136.98,12.49,14.95,2.55,0.0
20230826:1811,24.0,4.82,14.65,2.34,0.0
20230826:1911,0.0,0.0,14.44,2.07,0.0
20230826:2011,0.0,0.0,14.37,2.0,0.0
20230826:2111,0.0,0.0,14.12,1.86,0.0
20230826:2211,0.0,0.0,14.06,1.66,0.0
20230826:2311,0.0,0.0,14.26,1.72,0.0
20230827:0011,0.0,0.0,14.07,1.93,0.0
20230827:0111,0.0,0.0,13.87,1.93,0.0
20230827:0211,0.0,0.0,13.72,1.66,0.0
20230827:0311,0.0,0.0,13.7,1.38,0.0
20230827:0411,0.0,0.0,13.44,1.79,0.0
20230827:0511,15.72,5.24,13.48,2.07,0.0
20230827:0611,92.92,12.92,13.69,2.07,0.0
20230827:0711,259.86,20.55,13.68,2.21,0.0
20230827:0811,267.47,27.69,13.93,2.28,0.0
20230827:0911,445.23,33.85,14.44,2.14,0.0
20230827:1011,819.07,38.44,14.79,2.69,0.0
20230827:1111,601.89,40.87,14.99,3.17,0.0
20230827:1211,917.78,40.74,15.21,3.38,0.0
20230827:1311,813.69,38.08,15.27,3.59,0.0
20230827:1411,502.27,33.3,15.3,3.66,0.0
20230827:1511,484.34,27.02,15.21,3.24,0.0
20230827:1611,254.88,19.81,14.84,2.55,0.0
20230827:1711,131.46,12.16,14.69,2.0,0.0
20230827:1811,22.34,4.49,14.37,1.31,0.0
20230827:1911,0.0,0.0,14.04,0.83,0.0
20230827:2011,0.0,0.0,13.66,1.17,0.0
20230827:2111,0.0,0.0,13.16,1.31,0.0
20230827:2211,0.0,0.0,13.33,0.41,0.0
20230827:2311,0.0,0.0,12.95,0.83,0.0
20230828:0011,0.0,0.0,12.53,1.17,0.0
20230828:0111,0.0,0.0,12.5,1.72,0.0
20230828:0211,0.0,0.0,12.53,1.24,0.0
20230828:0311,0.0,0.0,12.38,1.17,0.0
20230828:0411,0.0,0.0,12.2,1.52,0.0
20230828:0511,3.31,4.97,12.36,1.79,0.0
20230828:0611,90.77,12.66,12.51,2.34,0.0
20230828:0711,158.12,20.28,12.84,2.62,0.0
20230828:0811,64.58,27.41,13.32,2.97,0.0
20230828:0911,194.54,33.56,13.85,3.45,0.0
20230828:1011,207.75,38.12,14.2,3.38,0.0
20230828:1111,268.1,40.53,14.9,3.24,0.0
20230828:1211,732.31,40.38,15.05,3.31,0.0
20230828:1311,473.99,37.72,15.07,3.45,0.0
20230828:1411,337.22,32.95,14.91,3.72,0.0
20230828:1511,121.85,26.67,14.75,3.93,0.0
20230828:1611,185.3,19.47,14.52,4.0,0.0
20230828:1711,47.54,11.82,14.14,3.79,0.0
20230828:1811,9.93,4.15,13.7,3.66,0.0
20230828:1911,0.0,0.0,13.58,3.17,0.0
20230828:2011,0.0,0.0,13.31,2.41,0.0
20230828:2111,0.0,0.0,13.18,1.86,0.0
20230828:2211,0.0,0.0,12.82,2.14,0.0
20230828:2311,0.0,0.0,12.62,2.07,0.0
20230829:0011,0.0,0.0,12.53,1.93,0.0
20230829:0111,0.0,0.0,11.97,1.52,0.0
20230829:0211,0.0,0.0,11.96,1.1,0.0
20230829:0311,0.0,0.0,11.81,0.97,0.0
20230829:0411,0.0,0.0,11.77,0.76,0.0
20230829:0511,6.62,4.71,12.1,1.1,0.0
20230829:0611,26.91,12.4,12.38,1.72,0.0
20230829:0711,184.8,20.01,12.9,2.76,0.0
20230829:0811,163.88,27.13,13.45,3.31,0.0
20230829:0911,312.28,33.26,14.3,3.59,0.0
20230829:1011,520.77,37.8,14.65,3.52,0.0
20230829:1111,335.86,40.18,14.99,3.86,0.0
20230829:1211,196.4,40.03,15.36,4.41,0.0
20230829:1311,162.36,37.36,15.2,4.76,0.0
20230829:1411,140.83,32.6,15.18,5.03,0.0
20230829:1511,416.78,26.33,14.92,4.9,0.0
20230829:1611,182.64,19.12,15.06,4.62,0.0
20230829:1711,55.87,11.48,14.99,4.34,0.0
20230829:1811,19.03,3.8,14.51,4.07,0.0
20230829:1911,0.0,0.0,13.96,3.86,0.0
20230829:2011,0.0,0.0,13.65,3.86,0.0
20230829:2111,0.0,0.0,13.36,4.07,0.0
20230829:2211,0.0,0.0,13.09,3.66,0.0
20230829:2311,0.0,0.0,12.85,3.52,0.0
20230830:0011,0.0,0.0,12.89,3.66,0.0
20230830:0111,0.0,0.0,12.78,3.38,0.0
20230830:0211,0.0,0.0,12.81,3.45,0.0
20230830:0311,0.0,0.0,12.92,3.52,0.0
20230830:0411,0.0,0.0,13.09,3.59,0.0
20230830:0511,11.59,4.44,13.24,3.59,0.0
20230830:0611,73.64,12.14,13.37,3.59,0.0
20230830:0711,269.17,19.75,13.93,3.31,0.0
20230830:0811,519.61,26.85,14.64,3.45,0.0
20230830:0911,596.55,32.95,15.45,3.03,0.0
20230830:1011,255.15,37.47,15.75,0.76,0.0
20230830:1111,194.58,39.83,15.87,0.97,0.0
20230830:1211,194.63,39.66,16.15,0.41,0.0
20230830:1311,94.18,36.99,15.96,1.1,0.0
20230830:1411,136.34,32.24,15.32,1.45,0.0
20230830:1511,141.49,25.97,14.86,1.17,0.0
20230830:1611,104.29,18.78,14.77,0.69,0.0
20230830:1711,47.81,11.13,14.87,0.83,0.0
20230830:1811,2.48,3.46,14.99,1.38,0.0
20230830:1911,0.0,0.0,14.34,1.59,0.0
20230830:2011,0.0,0.0,14.21,1.72,0.0
20230830:2111,0.0,0.0,14.33,1.86,0.0
20230830:2211,0.0,0.0,14.21,1.52,0.0
20230830:2311,0.0,0.0,14.1,1.72,0.0
20230831:0011,0.0,0.0,13.78,1.86,0.0
20230831:0111,0.0,0.0,13.6,1.93,0.0
20230831:0211,0.0,0.0,13.63,2.14,0.0
20230831:0311,0.0,0.0,13.22,1.79,0.0
20230831:0411,0.0,0.0,12.79,2.0,0.0
20230831:0511,19.03,4.18,12.57,2.21,0.0
20230831:0611,82.01,11.87,12.86,2.34,0.0
20230831:0711,209.13,19.48,13.58,2.0,0.0
20230831:0811,486.59,26.57,14.67,1.31,0.0
20230831:0911,595.49,32.65,15.88,0.41,0.0
20230831:1011,911.64,37.14,17.1,1.59,0.0
20230831:1111,916.35,39.48,17.42,2.21,0.0
20230831:1211,938.31,39.3,17.37,2.62,0.0
20230831:1311,717.89,36.63,17.53,2.97,0.0
20230831:1411,659.33,31.87,17.46,2.41,0.0
20230831:1511,548.52,25.62,17.3,2.14,0.0
20230831:1611,313.79,18.43,16.88,2.34,0.0
20230831:1711,113.89,10.78,16.38,2.55,0.0
20230831:1811,5.79,3.11,15.89,2.48,0.0
20230831:1911,0.0,0.0,15.01,2.55,0.0
20230831:2011,0.0,0.0,14.62,2.34,0.0
20230831:2111,0.0,0.0,14.42,2.21,0.0
20230831:2211,0.0,0.0,13.64,1.38,0.0
20230831:2311,0.0,0.0,13.13,1.59,0.0
20230901:0011,0.0,0.0,12.95,1.86,0.0
20230901:0111,0.0,0.0,12.45,1.86,0.0
20230901:0211,0.0,0.0,12.05,1.66,0.0
20230901:0311,0.0,0.0,11.65,1.66,0.0
20230901:0411,0.0,0.0,11.25,1.79,0.0
20230901:0511,17.38,3.91,11.14,1.72,0.0
20230901:0611,101.58,11.61,11.21,1.86,0.0
20230901:0711,228.74,19.21,12.24,2.14,0.0
20230901:0811,448.7,26.28,13.47,2.69,0.0
20230901:0911,712.05,32.34,14.83,3.45,0.0
20230901:1011,916.26,36.81,15.98,3.66,0.0
20230901:1111,949.87,39.13,16.7,4.28,0.0
20230901:1211,970.5,38.93,17.3,5.17,0.0
20230901:1311,939.5,36.26,17.59,5.79,0.0
20230901:1411,797.85,31.51,17.63,6.07,0.0
20230901:1511,584.44,25.26,17.32,5.86,0.0
20230901:1611,353.33,18.07,16.89,5.59,0.0
20230901:1711,146.53,10.43,16.25,5.52,0.0
20230901:1811,10.76,2.76,15.24,5.45,0.0
20230901:1911,0.0,0.0,14.44,5.45,0.0
20230901:2011,0.0,0.0,13.49,5.31,0.0
20230901:2111,0.0,0.0,12.93,5.17,0.0
20230901:2211,0.0,0.0,12.57,4.76,0.0
20230901:2311,0.0,0.0,12.54,4.83,0.0
20230902:0011,0.0,0.0,12.27,4.9,0.0
20230902:0111,0.0,0.0,11.93,4.76,0.0
20230902:0211,0.0,0.0,11.78,4.76,0.0
20230902:0311,0.0,0.0,11.74,4.83,0.0
20230902:0411,0.0,0.0,11.65,5.1,0.0
20230902:0511,14.07,3.64,11.64,5.1,0.0
20230902:0611,101.26,11.34,11.77,5.52,0.0
20230902:0711,262.4,18.93,12.44,5.59,0.0
20230902:0811,517.22,26.0,13.05,5.38,0.0
20230902:0911,602.18,32.03,13.64,5.45,0.0
20230902:1011,245.91,36.48,14.24,4.76,0.0
20230902:1111,262.86,38.77,14.42,4.97,0.0
20230902:1211,201.96,38.56,14.46,5.52,0.0
20230902:1311,181.27,35.89,14.5,5.52,0.0
20230902:1411,88.8,31.14,14.34,5.31,0.0
20230902:1511,110.33,24.9,13.95,6.21,0.0
20230902:1611,34.09,17.72,13.61,6.34,0.0
20230902:1711,10.76,10.08,13.48,5.38,0.0
20230902:1811,1.66,2.4,13.43,4.69,0.0
20230902:1911,0.0,0.0,13.3,4.48,0.0
20230902:2011,0.0,0.0,13.16,3.79,0.0
20230902:2111,0.0,0.0,13.03,3.1,0.0
20230902:2211,0.0,0.0,13.09,1.86,0.0
20230902:2311,0.0,0.0,13.17,0.83,0.0
20230903:0011,0.0,0.0,13.13,0.41,0.0
20230903:0111,0.0,0.0,12.83,0.28,0.0
20230903:0211,0.0,0.0,12.77,2.0,0.0
20230903:0311,0.0,0.0,12.64,2.76,0.0
20230903:0411,0.0,0.0,12.57,2.62,0.0
20230903:0511,1.66,3.37,12.46,3.52,0.0
20230903:0611,10.76,11.07,12.53,4.21,0.0
20230903:0711,49.33,18.66,13.08,4.14,0.0
20230903:0811,47.54,25.71,13.65,4.28,0.0
20230903:0911,87.01,31.72,14.49,4.83,0.0
20230903:1011,91.49,36.14,14.66,5.03,0.0
20230903:1111,142.62,38.41,15.02,4.97,0.0
20230903:1211,119.3,38.19,15.32,5.1,0.0
20230903:1311,110.33,35.51,15.43,4.97,0.0
20230903:1411,73.55,30.77,15.66,4.0,0.0
20230903:1511,98.67,24.54,15.83,3.38,0.0
20230903:1611,36.78,17.36,15.78,3.31,0.0
20230903:1711,10.76,9.72,15.8,3.31,0.0
20230903:1811,4.14,2.04,15.83,3.17,0.0
20230903:1911,0.0,0.0,15.87,3.1,0.0
20230903:2011,0.0,0.0,15.9,2.76,0.0
20230903:2111,0.0,0.0,15.86,2.28,0.0
20230903:2211,0.0,0.0,15.89,1.38,0.0
20230903:2311,0.0,0.0,15.81,1.59,0.0
20230904:0011,0.0,0.0,15.73,2.0,0.0
20230904:0111,0.0,0.0,15.55,2.34,0.0
20230904:0211,0.0,0.0,15.45,2.48,0.0
20230904:0311,0.0,0.0,15.34,2.34,0.0
20230904:0411,0.0,0.0,15.26,2.55,0.0
20230904:0511,13.24,3.1,14.9,2.55,0.0
20230904:0611,52.6,10.8,14.99,2.55,0.0
20230904:0711,289.42,18.38,15.44,2.9,0.0
20230904:0811,514.15,25.42,15.96,3.38,0.0
20230904:0911,691.1,31.41,16.7,3.86,0.0
20230904:1011,879.44,35.8,17.76,3.86,0.0
20230904:1111,799.58,38.05,18.18,4.76,0.0
20230904:1211,895.27,37.82,18.23,5.17,0.0
20230904:1311,857.75,35.13,18.05,5.31,0.0
20230904:1411,747.87,30.4,17.83,5.52,0.0
20230904:1511,501.61,24.17,17.28,5.1,0.0
20230904:1611,79.7,17.0,17.02,4.55,0.0
20230904:1711,55.51,9.37,16.74,3.93,0.0
20230904:1811,0.83,1.69,16.41,3.45,0.0
20230904:1911,0.0,0.0,15.96,3.17,0.0
20230904:2011,0.0,0.0,15.73,2.9,0.0
20230904:2111,0.0,0.0,15.65,2.62,0.0
20230904:2211,0.0,0.0,15.46,2.97,0.0
20230904:2311,0.0,0.0,15.4,3.17,0.0
20230905:0011,0.0,0.0,15.34,2.55,0.0
20230905:0111,0.0,0.0,15.27,2.55,0.0
20230905:0211,0.0,0.0,15.15,2.83,0.0
20230905:0311,0.0,0.0,15.08,2.55,0.0
20230905:0411,0.0,0.0,15.06,2.14,0.0
20230905:0511,5.79,2.83,14.95,2.14,0.0
20230905:0611,44.71,10.53,14.85,2.21,0.0
20230905:0711,103.22,18.1,15.11,2.07,0.0
20230905:0811,201.09,25.12,15.43,2.14,0.0
20230905:0911,157.72,31.1,16.05,2.34,0.0
20230905:1011,220.12,35.46,16.1,2.55,0.0
20230905:1111,196.62,37.69,16.16,3.03,0.0
20230905:1211,102.26,37.44,16.22,3.1,0.0
20230905:1311,128.27,34.75,16.16,3.17,0.0
20230905:1411,98.67,30.02,16.46,3.1,0.0
20230905:1511,198.52,23.8,16.47,3.31,0.0
20230905:1611,170.28,16.64,16.34,3.45,0.0
20230905:1711,87.13,9.0,16.13,3.72,0.0
20230905:1811,0.83,1.32,15.56,3.86,0.0
20230905:1911,0.0,0.0,14.61,3.79,0.0
20230905:2011,0.0,0.0,13.74,3.86,0.0
20230905:2111,0.0,0.0,12.72,3.86,0.0
20230905:2211,0.0,0.0,12.49,3.31,0.0
20230905:2311,0.0,0.0,12.26,3.38,0.0
20230906:0011,0.0,0.0,11.88,2.97,0.0
20230906:0111,0.0,0.0,11.16,2.48,0.0
20230906:0211,0.0,0.0,10.9,2.07,0.0
20230906:0311,0.0,0.0,10.69,2.21,0.0
20230906:0411,0.0,0.0,10.8,2.41,0.0
20230906:0511,1.66,2.55,10.67,1.93,0.0
20230906:0611,61.19,10.26,11.07,1.45,0.0
20230906:0711,215.41,17.83,12.06,1.03,0.0
20230906:0811,509.69,24.83,13.5,0.76,0.0
20230906:0911,715.39,30.78,15.18,0.97,0.0
20230906:1011,863.55,35.12,17.49,0.69,0.0
20230906:1111,919.1,37.33,18.52,1.03,0.0
20230906:1211,908.85,37.06,19.08,1.66,0.0
20230906:1311,820.68,34.37,19.35,2.48,0.0
20230906:1411,650.14,29.65,19.12,2.83,0.0
20230906:1511,548.23,23.43,18.62,2.21,0.0
20230906:1611,336.06,16.27,18.16,1.1,0.0
20230906:1711,120.63,8.64,17.61,0.83,0.0
20230906:1811,0.0,0.0,16.72,1.17,0.0
20230906:1911,0.0,0.0,15.94,1.59,0.0
20230906:2011,0.0,0.0,15.58,2.21,0.0
20230906:2111,0.0,0.0,15.41,2.76,0.0
20230906:2211,0.0,0.0,15.19,3.17,0.0
20230906:2311,0.0,0.0,14.85,3.59,0.0
20230907:0011,0.0,0.0,14.82,3.93,0.0
20230907:0111,0.0,0.0,14.93,4.21,0.0
20230907:0211,0.0,0.0,15.18,4.41,0.0
20230907:0311,0.0,0.0,15.32,4.62,0.0
20230907:0411,0.0,0.0,15.47,4.62,0.0
20230907:0511,4.97,2.28,15.66,4.76,0.0
20230907:0611,68.85,9.99,16.16,4.83,0.0
20230907:0711,247.92,17.55,16.69,4.76,0.0
20230907:0811,396.87,24.53,17.66,4.55,0.0
20230907:0911,569.9,30.46,18.59,4.28,0.0
20230907:1011,676.77,34.78,19.62,3.45,0.0
20230907:1111,744.06,36.96,20.23,3.79,0.0
20230907:1211,731.57,36.68,20.56,4.14,0.0
20230907:1311,549.73,33.99,20.53,4.0,0.0
20230907:1411,452.97,29.27,20.37,3.72,0.0
20230907:1511,400.81,23.06,20.12,3.52,0.0
20230907:1611,180.39,15.9,19.91,3.31,0.0
20230907:1711,72.39,8.28,19.54,3.03,0.0
20230907:1811,0.0,0.0,18.52,3.03,0.0
20230907:1911,0.0,0.0,18.29,3.38,0.0
20230907:2011,0.0,0.0,18.04,3.72,0.0
20230907:2111,0.0,0.0,17.25,3.79,0.0
20230907:2211,0.0,0.0,17.26,3.86,0.0
20230907:2311,0.0,0.0,17.15,4.14,0.0
20230908:0011,0.0,0.0,17.09,4.21,0.0
20230908:0111,0.0,0.0,16.88,4.21,0.0
20230908:0211,0.0,0.0,16.58,4.14,0.0
20230908:0311,0.0,0.0,16.38,4.07,0.0
20230908:0411,0.0,0.0,16.18,3.86,0.0
20230908:0511,0.83,2.0,16.05,3.66,0.0
20230908:0611,20.63,9.71,16.26,3.72,0.0
20230908:0711,144.76,17.26,16.76,4.07,0.0
20230908:0811,292.64,24.24,17.51,4.34,0.0
20230908:0911,385.58,30.14,18.89,4.21,0.0
20230908:1011,809.63,34.43,20.66,3.45,0.0
20230908:1111,896.96,36.59,21.27,3.79,0.0
20230908:1211,870.59,36.3,21.62,3.72,0.0
20230908:1311,790.17,33.6,21.66,3.59,0.0
20230908:1411,713.72,28.89,21.55,3.38,0.0
20230908:1511,511.27,22.68,21.06,2.97,0.0
20230908:1611,308.5,15.53,20.42,2.48,0.0
20230908:1711,50.4,7.91,19.67,2.14,0.0
20230908:1811,0.0,0.0,18.38,2.0,0.0
20230908:1911,0.0,0.0,18.26,1.66,0.0
20230908:2011,0.0,0.0,17.51,1.66,0.0
20230908:2111,0.0,0.0,16.7,1.86,0.0
20230908:2211,0.0,0.0,17.06,2.14,0.0
20230908:2311,0.0,0.0,16.88,2.69,0.0
20230909:0011,0.0,0.0,16.78,3.17,0.0
20230909:0111,0.0,0.0,16.66,3.59,0.0
20230909:0211,0.0,0.0,16.61,3.86,0.0
20230909:0311,0.0,0.0,16.55,4.21,0.0
20230909:0411,0.0,0.0,16.43,4.21,0.0
20230909:0511,0.83,1.73,16.42,4.21,0.0
20230909:0611,95.09,9.44,16.65,4.28,0.0
20230909:0711,233.76,16.98,17.25,4.48,0.0
20230909:0811,388.65,23.94,18.38,4.62,0.0
20230909:0911,582.99,29.82,19.38,4.97,0.0
20230909:1011,672.27,34.09,20.32,4.69,0.0
20230909:1111,435.24,36.22,20.5,5.24,0.0
20230909:1211,711.16,35.92,20.55,5.45,0.0
20230909:1311,797.33,33.22,20.59,5.66,0.0
20230909:1411,670.44,28.5,20.28,5.52,0.0
20230909:1511,313.44,22.31,19.97,5.45,0.0
20230909:1611,270.58,15.16,19.39,5.1,0.0
20230909:1711,55.25,7.54,18.45,4.62,0.0
20230909:1811,0.0,0.0,17.63,3.93,0.0
20230909:1911,0.0,0.0,17.16,3.31,0.0
20230909:2011,0.0,0.0,16.99,2.76,0.0
20230909:2111,0.0,0.0,16.77,2.62,0.0
20230909:2211,0.0,0.0,16.74,2.21,0.0
20230909:2311,0.0,0.0,16.69,2.41,0.0
20230910:0011,0.0,0.0,16.57,2.83,0.0
20230910:0111,0.0,0.0,16.55,3.1,0.0
20230910:0211,0.0,0.0,16.46,3.03,0.0
20230910:0311,0.0,0.0,16.4,2.9,0.0
20230910:0411,0.0,0.0,16.39,2.76,0.0
20230910:0511,0.83,1.45,16.26,2.48,0.0
20230910:0611,51.95,9.16,16.46,2.48,0.0
20230910:0711,78.6,16.7,16.74,2.69,0.0
20230910:0811,54.72,23.64,17.03,2.76,0.0
20230910:0911,121.09,29.5,17.52,2.9,0.0
20230910:1011,63.69,33.74,17.96,2.76,0.0
20230910:1111,78.94,35.85,18.15,2.41,0.0
20230910:1211,279.47,35.53,18.35,2.34,0.0
20230910:1311,218.75,32.83,18.43,2.62,0.0
20230910:1411,498.23,28.12,18.37,2.62,0.0
20230910:1511,207.53,21.93,18.27,2.83,0.0
20230910:1611,132.37,14.79,18.07,3.52,0.0
20230910:1711,79.09,7.17,17.76,3.52,0.0
20230910:1811,0.0,0.0,17.36,3.86,0.0
20230910:1911,0.0,0.0,17.36,3.93,0.0
20230910:2011,0.0,0.0,17.18,4.0,0.0
20230910:2111,0.0,0.0,17.0,4.14,0.0
20230910:2211,0.0,0.0,17.08,4.07,0.0
20230910:2311,0.0,0.0,17.04,4.55,0.0
20230911:0011,0.0,0.0,17.14,4.83,0.0
20230911:0111,0.0,0.0,17.35,4.62,0.0
20230911:0211,0.0,0.0,17.49,5.03,0.0
20230911:0311,0.0,0.0,17.41,6.48,0.0
20230911:0411,0.0,0.0,17.44,7.66,0.0
20230911:0511,0.0,0.0,17.54,8.41,0.0
20230911:0611,58.41,8.88,17.64,8.48,0.0
20230911:0711,42.16,16.41,17.63,7.79,0.0
20230911:0811,66.38,23.34,17.62,7.31,0.0
20230911:0911,79.83,29.17,17.67,6.69,0.0
20230911:1011,70.86,33.39,18.1,6.55,0.0
20230911:1111,139.03,35.48,18.19,6.14,0.0
20230911:1211,135.45,35.14,18.28,7.1,0.0
20230911:1311,119.3,32.44,17.86,7.1,0.0
20230911:1411,51.13,27.73,17.73,6.76,0.0
20230911:1511,78.94,21.55,17.64,5.45,0.0
20230911:1611,35.88,14.41,17.15,4.76,0.0
20230911:1711,25.12,6.8,16.4,3.79,0.0
20230911:1811,0.0,0.0,16.03,3.72,0.0
20230911:1911,0.0,0.0,15.47,4.55,0.0
20230911:2011,0.0,0.0,15.05,5.1,0.0
20230911:2111,0.0,0.0,14.79,4.76,0.0
20230911:2211,0.0,0.0,14.72,4.62,0.0
20230911:2311,0.0,0.0,14.44,3.86,0.0
20230912:0011,0.0,0.0,14.09,3.03,0.0
20230912:0111,0.0,0.0,13.84,3.17,0.0
20230912:0211,0.0,0.0,13.53,2.69,0.0
20230912:0311,0.0,0.0,13.19,2.69,0.0
20230912:0411,0.0,0.0,13.03,2.48,0.0
20230912:0511,0.0,0.0,12.63,2.62,0.0
20230912:0611,56.86,8.6,12.76,2.9,0.0
20230912:0711,305.44,16.12,12.96,3.24,0.0
20230912:0811,458.69,23.03,13.29,3.79,0.0
20230912:0911,594.67,28.85,13.59,4.41,0.0
20230912:1011,740.24,33.04,14.21,4.14,0.0
20230912:1111,699.24,35.1,14.48,4.48,0.0
20230912:1211,768.5,34.76,14.69,4.69,0.0
20230912:1311,582.0,32.05,14.93,5.24,0.0
20230912:1411,555.61,27.34,14.76,5.45,0.0
20230912:1511,501.0,21.17,14.43,5.38,0.0
20230912:1611,291.95,14.04,14.15,5.03,0.0
20230912:1711,100.75,6.42,13.79,4.76,0.0
20230912:1811,0.0,0.0,13.07,4.69,0.0
20230912:1911,0.0,0.0,12.41,4.83,0.0
20230912:2011,0.0,0.0,11.92,5.03,0.0
20230912:2111,0.0,0.0,11.59,5.03,0.0
20230912:2211,0.0,0.0,11.74,5.24,0.0
20230912:2311,0.0,0.0,11.22,5.31,0.0
20230913:0011,0.0,0.0,10.81,4.97,0.0
20230913:0111,0.0,0.0,10.45,5.03,0.0
20230913:0211,0.0,0.0,9.88,5.1,0.0
20230913:0311,0.0,0.0,9.61,4.76,0.0
20230913:0411,0.0,0.0,9.46,4.83,0.0
20230913:0511,0.0,0.0,9.08,4.76,0.0
20230913:0611,98.02,8.32,9.22,4.76,0.0
20230913:0711,308.9,15.84,9.95,4.83,0.0
20230913:0811,523.83,22.73,10.7,5.17,0.0
20230913:0911,704.56,28.52,11.64,5.45,0.0
20230913:1011,858.44,32.68,12.46,5.52,0.0
20230913:1111,927.42,34.73,12.9,5.86,0.0
20230913:1211,897.05,34.37,13.22,6.28,0.0
20230913:1311,877.63,31.65,13.35,6.14,0.0
20230913:1411,740.64,26.95,13.48,6.07,0.0
20230913:1511,552.34,20.78,13.36,5.86,0.0
20230913:1611,316.91,13.66,13.07,5.52,0.0
20230913:1711,77.54,6.05,12.51,5.17,0.0
20230913:1811,0.0,0.0,11.26,4.48,0.0
20230913:1911,0.0,0.0,10.27,3.93,0.0
20230913:2011,0.0,0.0,9.58,3.52,0.0
20230913:2111,0.0,0.0,10.1,3.24,0.0
20230913:2211,0.0,0.0,9.73,1.59,0.0
20230913:2311,0.0,0.0,10.14,0.9,0.0
20230914:0011,0.0,0.0,10.15,0.76,0.0
20230914:0111,0.0,0.0,9.75,0.41,0.0
20230914:0211,0.0,0.0,9.43,0.55,0.0
20230914:0311,0.0,0.0,9.71,1.03,0.0
20230914:0411,0.0,0.0,9.91,1.38,0.0
20230914:0511,0.0,0.0,10.25,2.41,0.0
20230914:0611,46.18,8.04,10.6,3.45,0.0
20230914:0711,182.95,15.55,11.12,4.55,0.0
20230914:0811,72.66,22.42,11.57,5.45,0.0
20230914:0911,399.2,28.19,12.38,6.69,0.0
20230914:1011,78.04,32.33,13.44,6.83,0.0
20230914:1111,69.97,34.35,13.77,7.45,0.0
20230914:1211,94.18,33.98,13.82,7.93,0.0
20230914:1311,65.48,31.26,13.75,8.14,0.0
20230914:1411,269.56,26.56,13.45,8.07,0.0
20230914:1511,246.32,20.4,13.8,7.24,0.0
20230914:1611,28.7,13.28,14.09,6.28,0.0
20230914:1711,5.38,5.67,13.93,5.03,0.0
20230914:1811,0.0,0.0,13.89,4.07,0.0
20230914:1911,0.0,0.0,13.63,3.45,0.0
20230914:2011,0.0,0.0,13.62,3.31,0.0
20230914:2111,0.0,0.0,13.44,3.66,0.0
20230914:2211,0.0,0.0,13.4,3.86,0.0
20230914:2311,0.0,0.0,13.57,4.28,0.0
20230915:0011,0.0,0.0,13.77,4.9,0.0
20230915:0111,0.0,0.0,13.83,5.24,0.0
20230915:0211,0.0,0.0,13.64,5.31,0.0
20230915:0311,0.0,0.0,13.7,5.17,0.0
20230915:0411,0.0,0.0,13.82,4.69,0.0
20230915:0511,0.0,0.0,13.95,4.0,0.0
20230915:0611,31.52,7.76,14.02,3.45,0.0
20230915:0711,169.15,15.26,14.33,3.52,0.0
20230915:0811,295.68,22.11,14.67,4.0,0.0
20230915:0911,256.82,27.86,15.12,4.34,0.0
20230915:1011,166.29,31.97,15.12,3.24,0.0
20230915:1111,130.96,33.97,15.03,3.93,0.0
20230915:1211,87.01,33.58,14.75,3.1,0.0
20230915:1311,81.63,30.86,14.48,2.62,0.0
20230915:1411,64.58,26.17,14.07,1.59,0.0
20230915:1511,51.13,20.01,13.56,0.55,0.0
20230915:1611,31.39,12.9,13.38,0.9,0.0
20230915:1711,8.97,5.29,13.17,1.24,0.0
20230915:1811,0.0,0.0,13.03,1.31,0.0
20230915:1911,0.0,0.0,12.78,1.59,0.0
20230915:2011,0.0,0.0,12.57,2.76,0.0
20230915:2111,0.0,0.0,12.53,3.31,0.0
20230915:2211,0.0,0.0,12.95,3.86,0.0
20230915:2311,0.0,0.0,12.96,3.52,0.0
20230916:0011,0.0,0.0,12.97,3.03,0.0
20230916:0111,0.0,0.0,12.92,2.69,0.0
20230916:0211,0.0,0.0,12.82,2.76,0.0
20230916:0311,0.0,0.0,12.6,3.86,0.0
20230916:0411,0.0,0.0,12.41,4.97,0.0
20230916:0511,0.0,0.0,12.33,5.38,0.0
20230916:0611,8.07,7.48,12.23,5.1,0.0
20230916:0711,37.67,14.96,12.11,4.48,0.0
20230916:0811,80.73,21.81,12.04,3.72,0.0
20230916:0911,34.09,27.53,12.5,3.59,0.0
20230916:1011,80.73,31.62,12.58,3.17,0.0
20230916:1111,86.11,33.59,12.79,4.07,0.0
20230916:1211,118.4,33.19,13.06,4.62,0.0
20230916:1311,120.2,30.47,13.14,4.97,0.0
20230916:1411,278.28,25.78,13.16,4.83,0.0
20230916:1511,103.76,19.63,13.24,4.9,0.0
20230916:1611,72.69,12.52,13.25,4.97,0.0
20230916:1711,16.15,4.92,13.04,4.83,0.0
20230916:1811,0.0,0.0,12.54,4.69,0.0
20230916:1911,0.0,0.0,11.78,4.62,0.0
20230916:2011,0.0,0.0,11.3,4.69,0.0
20230916:2111,0.0,0.0,10.98,4.48,0.0
20230916:2211,0.0,0.0,10.12,3.24,0.0
20230916:2311,0.0,0.0,9.9,3.1,0.0
20230917:0011,0.0,0.0,9.65,3.24,0.0
20230917:0111,0.0,0.0,9.07,2.97,0.0
20230917:0211,0.0,0.0,8.68,2.48,0.0
20230917:0311,0.0,0.0,8.4,2.07,0.0
20230917:0411,0.0,0.0,7.99,1.86,0.0
20230917:0511,0.0,0.0,7.79,1.93,0.0
20230917:0611,81.67,7.19,8.12,2.14,0.0
20230917:0711,285.8,14.67,9.53,2.14,0.0
20230917:0811,477.73,21.5,11.58,1.86,0.0
20230917:0911,663.32,27.2,13.35,1.59,0.0
20230917:1011,812.41,31.26,14.68,1.45,0.0
20230917:1111,900.35,33.21,15.48,1.24,0.0
20230917:1211,913.8,32.8,16.19,0.9,0.0
20230917:1311,839.3,30.07,16.6,0.41,0.0
20230917:1411,673.81,25.39,16.91,0.14,0.0
20230917:1511,446.63,19.24,16.81,0.28,0.0
20230917:1611,234.14,12.14,16.12,0.97,0.0
20230917:1711,47.21,4.54,15.2,1.03,0.0
20230917:1811,0.0,0.0,14.1,1.59,0.0
20230917:1911,0.0,0.0,14.42,2.48,0.0
20230917:2011,0.0,0.0,14.33,3.86,0.0
20230917:2111,0.0,0.0,14.31,5.1,0.0
20230917:2211,0.0,0.0,14.75,5.1,0.0
20230917:2311,0.0,0.0,15.1,5.86,0.0
20230918:0011,0.0,0.0,14.97,6.83,0.0
20230918:0111,0.0,0.0,14.73,7.72,0.0
20230918:0211,0.0,0.0,14.88,7.93,0.0
20230918:0311,0.0,0.0,15.08,7.66,0.0
20230918:0411,0.0,0.0,15.19,7.31,0.0
20230918:0511,0.0,0.0,15.43,7.52,0.0
20230918:0611,29.86,6.91,15.98,9.45,0.0
20230918:0711,34.09,14.38,16.37,9.72,0.0
20230918:0811,78.94,21.19,16.63,9.03,0.0
20230918:0911,77.14,26.86,17.13,8.83,0.0
20230918:1011,89.7,30.9,17.5,7.31,0.0
20230918:1111,78.94,32.83,17.84,7.79,0.0
20230918:1211,60.1,32.4,17.88,8.62,0.0
20230918:1311,57.41,29.67,17.5,8.83,0.0
20230918:1411,50.23,24.99,16.78,9.1,0.0
20230918:1511,38.57,18.85,16.31,8.97,0.0
20230918:1611,17.94,11.76,16.16,8.55,0.0
20230918:1711,5.38,4.16,16.3,8.07,0.0
20230918:1811,0.0,0.0,16.35,7.72,0.0
20230918:1911,0.0,0.0,16.49,7.59,0.0
20230918:2011,0.0,0.0,16.32,7.38,0.0
20230918:2111,0.0,0.0,15.92,7.72,0.0
20230918:2211,0.0,0.0,15.42,6.48,0.0
20230918:2311,0.0,0.0,15.15,5.17,0.0
20230919:0011,0.0,0.0,14.67,4.62,0.0
20230919:0111,0.0,0.0,14.12,5.24,0.0
20230919:0211,0.0,0.0,13.64,6.55,0.0
20230919:0311,0.0,0.0,12.98,5.03,0.0
20230919:0411,0.0,0.0,12.25,3.17,0.0
20230919:0511,0.0,0.0,12.06,3.59,0.0
20230919:0611,44.49,6.62,12.09,4.83,0.0
20230919:0711,17.04,14.08,12.06,5.38,0.0
20230919:0811,334.55,20.87,12.09,4.76,0.0
20230919:0911,332.59,26.53,12.43,4.62,0.0
20230919:1011,695.42,30.54,12.44,5.31,0.0
20230919:1111,213.25,32.45,12.68,5.24,0.0
20230919:1211,296.6,32.01,12.65,5.1,0.0
20230919:1311,184.79,29.28,12.78,5.38,0.0
20230919:1411,44.85,24.6,12.79,5.31,0.0
20230919:1511,100.38,18.46,12.33,5.24,0.0
20230919:1611,17.94,11.37,11.89,4.28,0.0
20230919:1711,4.48,3.78,11.51,3.59,0.0
20230919:1811,0.0,0.0,11.35,3.31,0.0
20230919:1911,0.0,0.0,11.55,3.03,0.0
20230919:2011,0.0,0.0,11.83,2.9,0.0
20230919:2111,0.0,0.0,11.93,2.9,0.0
20230919:2211,0.0,0.0,11.42,1.93,0.0
20230919:2311,0.0,0.0,11.64,3.1,0.0
20230920:0011,0.0,0.0,11.59,3.45,0.0
20230920:0111,0.0,0.0,11.51,4.0,0.0
20230920:0211,0.0,0.0,11.7,5.03,0.0
20230920:0311,0.0,0.0,11.67,5.17,0.0
20230920:0411,0.0,0.0,11.58,5.79,0.0
20230920:0511,0.0,0.0,11.64,6.62,0.0
20230920:0611,20.63,6.34,12.46,7.31,0.0
20230920:0711,28.7,13.79,14.09,7.72,0.0
20230920:0811,70.86,20.56,15.12,8.41,0.0
20230920:0911,38.57,26.19,15.6,8.28,0.0
20230920:1011,62.79,30.18,15.69,9.03,0.0
20230920:1111,63.69,32.07,15.88,9.1,0.0
20230920:1211,82.52,31.61,15.9,8.62,0.0
20230920:1311,118.4,28.88,15.97,9.52,0.0
20230920:1411,29.6,24.2,15.92,10.07,0.0
20230920:1511,40.36,18.08,15.9,9.72,0.0
20230920:1611,20.63,10.99,15.92,9.72,0.0
20230920:1711,5.38,3.4,16.02,9.52,0.0
20230920:1811,0.0,0.0,16.13,8.97,0.0
20230920:1911,0.0,0.0,16.26,8.97,0.0
20230920:2011,0.0,0.0,16.08,9.31,0.0
20230920:2111,0.0,0.0,16.11,9.66,0.0
20230920:2211,0.0,0.0,16.22,9.72,0.0
20230920:2311,0.0,0.0,16.24,8.69,0.0
20230921:0011,0.0,0.0,16.26,7.79,0.0
20230921:0111,0.0,0.0,16.02,7.17,0.0
20230921:0211,0.0,0.0,15.94,6.48,0.0
20230921:0311,0.0,0.0,15.68,5.24,0.0
20230921:0411,0.0,0.0,15.42,3.93,0.0
20230921:0511,0.0,0.0,15.28,3.1,0.0
20230921:0611,37.2,6.05,14.84,2.9,0.0
20230921:0711,46.64,13.49,14.73,4.0,0.0
20230921:0811,130.54,20.25,13.82,4.76,0.0
20230921:0911,91.49,25.85,13.37,4.14,0.0
20230921:1011,201.97,29.81,14.75,4.9,0.0
20230921:1111,264.52,31.68,15.28,5.66,0.0
20230921:1211,269.08,31.22,15.52,6.0,0.0
20230921:1311,111.23,28.48,15.47,5.72,0.0
20230921:1411,87.01,23.81,15.62,5.86,0.0
20230921:1511,288.83,17.69,15.73,6.14,0.0
20230921:1611,74.57,10.61,15.5,5.66,0.0
20230921:1711,18.63,3.01,15.12,5.17,0.0
20230921:1811,0.0,0.0,14.49,4.9,0.0
20230921:1911,0.0,0.0,14.15,5.03,0.0
20230921:2011,0.0,0.0,13.91,4.69,0.0
20230921:2111,0.0,0.0,13.79,4.21,0.0
20230921:2211,0.0,0.0,13.64,3.66,0.0
20230921:2311,0.0,0.0,13.49,3.24,0.0
20230922:0011,0.0,0.0,13.35,3.59,0.0
20230922:0111,0.0,0.0,13.28,3.38,0.0
20230922:0211,0.0,0.0,13.0,3.45,0.0
20230922:0311,0.0,0.0,12.82,3.38,0.0
20230922:0411,0.0,0.0,12.71,3.24,0.0
20230922:0511,0.0,0.0,12.48,3.38,0.0
20230922:0611,59.74,5.76,12.38,3.45,0.0
20230922:0711,234.8,13.19,12.61,3.79,0.0
20230922:0811,470.25,19.93,13.38,4.07,0.0
20230922:0911,609.9,25.51,14.16,4.07,0.0
20230922:1011,525.6,29.45,14.99,3.93,0.0
20230922:1111,296.42,31.3,15.17,4.48,0.0
20230922:1211,699.74,30.82,15.14,4.83,0.0
20230922:1311,312.45,28.08,15.09,4.9,0.0
20230922:1411,343.79,23.41,15.06,4.9,0.0
20230922:1511,51.13,17.3,14.47,4.9,0.0
20230922:1611,47.25,10.22,13.99,5.03,0.0
20230922:1711,1.79,2.63,13.69,4.55,0.0
20230922:1811,0.0,0.0,13.52,4.14,0.0
20230922:1911,0.0,0.0,13.56,3.86,0.0
20230922:2011,0.0,0.0,13.28,3.72,0.0
20230922:2111,0.0,0.0,12.66,3.66,0.0
20230922:2211,0.0,0.0,12.79,3.86,0.0
20230922:2311,0.0,0.0,12.62,4.14,0.0
20230923:0011,0.0,0.0,12.44,4.07,0.0
20230923:0111,0.0,0.0,12.17,4.55,0.0
20230923:0211,0.0,0.0,11.7,4.21,0.0
20230923:0311,0.0,0.0,11.41,3.66,0.0
20230923:0411,0.0,0.0,11.38,3.31,0.0
20230923:0511,0.0,0.0,11.3,3.1,0.0
20230923:0611,52.54,5.47,11.25,3.1,0.0
20230923:0711,117.74,12.89,11.06,3.17,0.0
20230923:0811,151.95,19.61,11.19,3.1,0.0
20230923:0911,398.21,25.18,11.89,3.17,0.0
20230923:1011,491.29,29.09,12.56,4.21,0.0
20230923:1111,405.63,30.91,12.32,4.34,0.0
20230923:1211,482.58,30.42,12.25,4.76,0.0
20230923:1311,295.99,27.68,11.9,4.55,0.0
20230923:1411,236.54,23.02,12.17,4.69,0.0
20230923:1511,311.45,16.91,12.12,5.24,0.0
20230923:1611,112.35,9.84,11.77,4.76,0.0
20230923:1711,1.79,2.25,11.34,4.97,0.0
20230923:1811,0.0,0.0,11.34,4.34,0.0
20230923:1911,0.0,0.0,10.98,4.83,0.0
20230923:2011,0.0,0.0,10.66,4.07,0.0
20230923:2111,0.0,0.0,11.45,3.38,0.0
20230923:2211,0.0,0.0,10.75,3.24,0.0
20230923:2311,0.0,0.0,10.32,2.76,0.0
20230924:0011,0.0,0.0,10.57,2.83,0.0
20230924:0111,0.0,0.0,10.23,2.69,0.0
20230924:0211,0.0,0.0,10.75,2.55,0.0
20230924:0311,0.0,0.0,10.71,2.14,0.0
20230924:0411,0.0,0.0,10.78,1.86,0.0
20230924:0511,0.0,0.0,10.84,2.07,0.0
20230924:0611,9.87,5.18,10.73,2.62,0.0
20230924:0711,98.09,12.59,11.07,3.31,0.0
20230924:0811,81.63,19.3,11.76,4.34,0.0
20230924:0911,397.08,24.84,12.54,5.38,0.0
20230924:1011,126.48,28.72,13.4,6.41,0.0
20230924:1111,122.89,30.53,14.04,7.17,0.0
20230924:1211,158.73,30.02,14.53,7.31,0.0
20230924:1311,68.17,27.28,14.65,7.59,0.0
20230924:1411,50.23,22.62,14.54,8.07,0.0
20230924:1511,34.09,16.52,14.66,8.62,0.0
20230924:1611,28.7,9.46,14.54,8.28,0.0
20230924:1711,2.69,1.87,14.68,7.93,0.0
20230924:1811,0.0,0.0,14.89,7.66,0.0
20230924:1911,0.0,0.0,15.11,7.52,0.0
20230924:2011,0.0,0.0,15.21,8.07,0.0
20230924:2111,0.0,0.0,15.27,8.28,0.0
20230924:2211,0.0,0.0,15.39,9.24,0.0
20230924:2311,0.0,0.0,15.51,9.93,0.0
20230925:0011,0.0,0.0,15.64,10.48,0.0
20230925:0111,0.0,0.0,15.72,10.76,0.0
20230925:0211,0.0,0.0,15.59,10.83,0.0
20230925:0311,0.0,0.0,15.19,10.55,0.0
20230925:0411,0.0,0.0,15.09,10.76,0.0
20230925:0511,0.0,0.0,15.01,11.24,0.0
20230925:0611,3.59,4.89,15.02,11.31,0.0
20230925:0711,41.26,12.29,15.03,10.14,0.0
20230925:0811,319.25,18.98,15.25,8.97,0.0
20230925:0911,93.29,24.49,15.56,8.07,0.0
20230925:1011,142.45,28.36,15.92,7.72,0.0
20230925:1111,395.23,30.14,16.17,6.97,0.0
20230925:1211,390.95,29.63,16.35,7.17,0.0
20230925:1311,40.36,26.88,15.91,7.52,0.0
20230925:1411,230.36,22.22,16.07,6.97,0.0
20230925:1511,77.75,16.13,16.1,7.17,0.0
20230925:1611,50.2,9.07,15.75,7.17,0.0
20230925:1711,0.9,1.49,15.22,7.1,0.0
20230925:1811,0.0,0.0,14.77,6.83,0.0
20230925:1911,0.0,0.0,14.8,6.76,0.0
20230925:2011,0.0,0.0,14.83,6.48,0.0
20230925:2111,0.0,0.0,14.6,5.86,0.0
20230925:2211,0.0,0.0,14.71,5.86,0.0
20230925:2311,0.0,0.0,14.6,5.52,0.0
20230926:0011,0.0,0.0,14.61,5.1,0.0
20230926:0111,0.0,0.0,14.43,4.76,0.0
20230926:0211,0.0,0.0,14.17,4.62,0.0
20230926:0311,0.0,0.0,13.96,4.76,0.0
20230926:0411,0.0,0.0,13.92,4.97,0.0
20230926:0511,0.0,0.0,13.94,5.1,0.0
20230926:0611,14.35,4.6,13.82,5.24,0.0
20230926:0711,164.34,11.99,14.3,5.52,0.0
20230926:0811,255.32,18.66,14.97,5.59,0.0
20230926:0911,416.21,24.15,15.62,6.28,0.0
20230926:1011,559.6,27.99,16.41,6.55,0.0
20230926:1111,471.67,29.76,16.95,7.03,0.0
20230926:1211,618.16,29.23,17.17,6.83,0.0
20230926:1311,339.6,26.48,17.19,6.83,0.0
20230926:1411,241.67,21.83,17.13,6.48,0.0
20230926:1511,244.7,15.74,16.95,7.03,0.0
20230926:1611,28.7,8.69,16.58,7.17,0.0
20230926:1711,0.0,0.0,16.32,7.45,0.0
20230926:1811,0.0,0.0,16.15,7.52,0.0
20230926:1911,0.0,0.0,16.18,8.21,0.0
20230926:2011,0.0,0.0,16.13,8.62,0.0
20230926:2111,0.0,0.0,16.07,8.76,0.0
20230926:2211,0.0,0.0,15.69,9.79,0.0
20230926:2311,0.0,0.0,15.32,9.72,0.0
20230927:0011,0.0,0.0,15.31,8.41,0.0
20230927:0111,0.0,0.0,15.3,7.1,0.0
20230927:0211,0.0,0.0,15.19,6.34,0.0
20230927:0311,0.0,0.0,14.79,5.66,0.0
20230927:0411,0.0,0.0,14.57,5.79,0.0
20230927:0511,0.0,0.0,14.28,5.52,0.0
20230927:0611,7.18,4.31,13.94,5.93,0.0
20230927:0711,211.9,11.69,14.14,4.9,0.0
20230927:0811,282.57,18.34,14.57,4.55,0.0
20230927:0911,34.98,23.81,15.05,4.76,0.0
20230927:1011,380.25,27.62,14.98,4.48,0.0
20230927:1111,575.84,29.37,15.1,3.79,0.0
20230927:1211,657.87,28.83,15.45,3.24,0.0
20230927:1311,640.83,26.08,15.64,3.17,0.0
20230927:1411,226.72,21.43,15.43,3.1,0.0
20230927:1511,203.63,15.35,15.35,3.38,0.0
20230927:1611,85.82,8.31,15.08,3.03,0.0
20230927:1711,0.0,0.0,14.56,2.69,0.0
20230927:1811,0.0,0.0,14.12,3.24,0.0
20230927:1911,0.0,0.0,14.05,4.0,0.0
20230927:2011,0.0,0.0,13.97,4.62,0.0
20230927:2111,0.0,0.0,14.04,4.9,0.0
20230927:2211,0.0,0.0,14.28,4.62,0.0
20230927:2311,0.0,0.0,14.54,5.31,0.0
20230928:0011,0.0,0.0,15.1,6.76,0.0
20230928:0111,0.0,0.0,15.92,8.07,0.0
20230928:0211,0.0,0.0,16.48,9.03,0.0
20230928:0311,0.0,0.0,16.97,9.72,0.0
20230928:0411,0.0,0.0,17.53,10.41,0.0
20230928:0511,0.0,0.0,17.69,10.41,0.0
20230928:0611,14.35,4.02,17.7,10.83,0.0
20230928:0711,58.06,11.39,17.39,10.9,0.0
20230928:0811,211.97,18.02,16.7,10.34,0.0
20230928:0911,61.89,23.47,16.31,10.07,0.0
20230928:1011,85.21,27.26,15.97,10.07,0.0
20230928:1111,113.92,28.99,16.45,9.24,0.0
20230928:1211,128.27,28.44,16.22,9.38,0.0
20230928:1311,135.68,25.68,15.94,8.48,0.0
20230928:1411,123.75,21.04,15.83,7.52,0.0
20230928:1511,68.01,14.96,15.48,7.66,0.0
20230928:1611,10.76,7.93,15.16,7.59,0.0
20230928:1711,0.0,0.0,14.93,7.1,0.0
20230928:1811,0.0,0.0,14.72,6.69,0.0
20230928:1911,0.0,0.0,14.66,6.34,0.0
20230928:2011,0.0,0.0,14.52,6.76,0.0
20230928:2111,0.0,0.0,14.42,6.14,0.0
20230928:2211,0.0,0.0,14.28,4.9,0.0
20230928:2311,0.0,0.0,14.21,4.62,0.0
20230929:0011,0.0,0.0,14.1,4.62,0.0
20230929:0111,0.0,0.0,14.06,6.07,0.0
20230929:0211,0.0,0.0,14.04,6.34,0.0
20230929:0311,0.0,0.0,13.45,6.28,0.0
20230929:0411,0.0,0.0,13.27,6.34,0.0
20230929:0511,0.0,0.0,13.35,6.14,0.0
20230929:0611,10.76,3.73,13.56,6.62,0.0
20230929:0711,39.47,11.08,13.91,6.83,0.0
20230929:0811,43.06,17.7,14.09,6.9,0.0
20230929:0911,64.58,23.13,13.96,6.76,0.0
20230929:1011,67.27,26.89,14.06,6.69,0.0
20230929:1111,55.61,28.6,14.34,6.0,0.0
20230929:1211,233.05,28.04,14.65,5.86,0.0
20230929:1311,539.09,25.28,14.75,5.86,0.0
20230929:1411,85.21,20.64,14.56,6.28,0.0
20230929:1511,88.66,14.58,14.1,6.14,0.0
20230929:1611,26.91,7.54,13.9,6.41,0.0
20230929:1711,0.0,0.0,13.59,5.79,0.0
20230929:1811,0.0,0.0,13.59,5.86,0.0
20230929:1911,0.0,0.0,13.68,6.41,0.0
20230929:2011,0.0,0.0,13.74,6.9,0.0
20230929:2111,0.0,0.0,13.74,7.59,0.0
20230929:2211,0.0,0.0,13.44,8.69,0.0
20230929:2311,0.0,0.0,13.27,8.69,0.0
20230930:0011,0.0,0.0,12.81,9.52,0.0
20230930:0111,0.0,0.0,12.61,9.66,0.0
20230930:0211,0.0,0.0,12.7,8.9,0.0
20230930:0311,0.0,0.0,12.53,8.07,0.0
20230930:0411,0.0,0.0,12.42,7.79,0.0
20230930:0511,0.0,0.0,12.6,7.59,0.0
20230930:0611,10.76,3.43,12.58,7.03,0.0
20230930:0711,96.49,10.78,12.56,6.69,0.0
20230930:0811,135.47,17.38,12.43,6.48,0.0
20230930:0911,157.25,22.78,12.55,6.83,0.0
20230930:1011,160.53,26.53,12.71,7.38,0.0
20230930:1111,165.48,28.21,12.57,6.48,0.0
20230930:1211,259.16,27.64,12.6,6.97,0.0
20230930:1311,360.77,24.88,12.53,7.1,0.0
20230930:1411,210.78,20.25,12.32,6.41,0.0
20230930:1511,122.18,14.19,12.42,5.72,0.0
20230930:1611,33.68,7.16,12.21,5.1,0.0
20230930:1711,0.0,0.0,12.17,5.24,0.0
20230930:1811,0.0,0.0,12.06,5.17,0.0
20230930:1911,0.0,0.0,11.8,5.45,0.0
20230930:2011,0.0,0.0,11.73,5.24,0.0
20230930:2111,0.0,0.0,11.58,4.83,0.0
20230930:2211,0.0,0.0,11.19,2.55,0.0
20230930:2311,0.0,0.0,10.98,1.93,0.0
20231001:0011,0.0,0.0,10.73,2.0,0.0
20231001:0111,0.0,0.0,10.45,1.52,0.0
20231001:0211,0.0,0.0,10.47,1.03,0.0
20231001:0311,0.0,0.0,10.42,0.97,0.0
20231001:0411,0.0,0.0,10.07,1.03,0.0
20231001:0511,0.0,0.0,10.12,1.52,0.0
20231001:0611,17.93,3.14,9.56,2.0,0.0
20231001:0711,111.83,10.48,9.67,2.14,0.0
20231001:0811,134.16,17.06,10.16,2.55,0.0
20231001:0911,56.51,22.44,11.01,3.1,0.0
20231001:1011,108.54,26.16,11.95,4.28,0.0
20231001:1111,129.17,27.83,12.62,4.48,0.0
20231001:1211,96.88,27.25,13.38,5.03,0.0
20231001:1311,69.07,24.49,13.95,5.52,0.0
20231001:1411,63.69,19.86,14.1,5.72,0.0
20231001:1511,58.3,13.81,13.99,6.14,0.0
20231001:1611,14.35,6.79,13.95,6.69,0.0
20231001:1711,0.0,0.0,13.95,6.21,0.0
20231001:1811,0.0,0.0,14.08,5.31,0.0
20231001:1911,0.0,0.0,13.89,4.21,0.0
20231001:2011,0.0,0.0,13.87,3.72,0.0
20231001:2111,0.0,0.0,13.77,3.31,0.0
20231001:2211,0.0,0.0,13.6,2.83,0.0
20231001:2311,0.0,0.0,13.62,2.21,0.0
20231002:0011,0.0,0.0,13.48,2.21,0.0
20231002:0111,0.0,0.0,13.32,2.48,0.0
20231002:0211,0.0,0.0,12.97,2.21,0.0
20231002:0311,0.0,0.0,12.7,1.31,0.0
20231002:0411,0.0,0.0,12.43,0.9,0.0
20231002:0511,0.0,0.0,12.32,1.03,0.0
20231002:0611,15.01,2.85,12.27,1.59,0.0
20231002:0711,144.72,10.17,12.27,2.41,0.0
20231002:0811,186.08,16.73,12.55,2.83,0.0
20231002:0911,155.16,22.09,13.12,2.83,0.0
20231002:1011,129.71,25.79,13.7,3.93,0.0
20231002:1111,343.39,27.44,14.19,4.48,0.0
20231002:1211,287.56,26.85,14.49,5.17,0.0
20231002:1311,261.59,24.09,14.46,5.52,0.0
20231002:1411,138.75,19.47,14.24,4.97,0.0
20231002:1511,140.69,13.42,13.98,4.9,0.0
20231002:1611,53.11,6.41,13.7,5.1,0.0
20231002:1711,0.0,0.0,13.18,4.55,0.0
20231002:1811,0.0,0.0,12.9,4.14,0.0
20231002:1911,0.0,0.0,12.66,4.21,0.0
20231002:2011,0.0,0.0,12.53,3.79,0.0
20231002:2111,0.0,0.0,12.25,3.31,0.0
20231002:2211,0.0,0.0,12.1,4.0,0.0
20231002:2311,0.0,0.0,12.15,3.59,0.0
20231003:0011,0.0,0.0,12.16,3.52,0.0
20231003:0111,0.0,0.0,12.02,3.52,0.0
20231003:0211,0.0,0.0,12.06,3.45,0.0
20231003:0311,0.0,0.0,11.77,3.31,0.0
20231003:0411,0.0,0.0,11.61,3.17,0.0
20231003:0511,0.0,0.0,11.48,3.1,0.0
20231003:0611,17.11,2.55,11.22,3.1,0.0
20231003:0711,183.59,9.87,11.44,3.24,0.0
20231003:0811,403.56,16.41,11.7,3.17,0.0
20231003:0911,59.2,21.75,12.33,3.17,0.0
20231003:1011,235.81,25.43,12.33,4.55,0.0
20231003:1111,134.24,27.06,12.64,4.48,0.0
20231003:1211,177.89,26.46,12.87,4.55,0.0
20231003:1311,421.65,23.7,13.0,5.1,0.0
20231003:1411,219.25,19.08,12.81,5.45,0.0
20231003:1511,34.98,13.04,12.43,4.83,0.0
20231003:1611,70.76,6.03,11.98,5.38,0.0
20231003:1711,0.0,0.0,11.93,5.38,0.0
20231003:1811,0.0,0.0,12.04,5.24,0.0
20231003:1911,0.0,0.0,11.95,5.66,0.0
20231003:2011,0.0,0.0,11.67,5.72,0.0
20231003:2111,0.0,0.0,11.47,6.48,0.0
20231003:2211,0.0,0.0,11.34,8.07,0.0
20231003:2311,0.0,0.0,11.25,7.93,0.0
20231004:0011,0.0,0.0,11.16,8.34,0.0
20231004:0111,0.0,0.0,11.05,8.76,0.0
20231004:0211,0.0,0.0,11.14,8.62,0.0
20231004:0311,0.0,0.0,11.1,8.55,0.0
20231004:0411,0.0,0.0,11.22,8.62,0.0
20231004:0511,0.0,0.0,11.26,8.41,0.0
20231004:0611,8.97,2.26,11.53,7.38,0.0
20231004:0711,117.49,9.56,11.52,6.83,0.0
20231004:0811,181.75,16.09,11.61,5.45,0.0
20231004:0911,326.3,21.4,12.1,4.76,0.0
20231004:1011,430.28,25.06,11.84,4.76,0.0
20231004:1111,579.36,26.68,12.11,3.72,0.0
20231004:1211,284.5,26.07,12.46,2.97,0.0
20231004:1311,134.18,23.3,12.36,3.1,0.0
20231004:1411,44.85,18.69,12.02,3.03,0.0
20231004:1511,25.12,12.66,11.77,3.66,0.0
20231004:1611,5.38,5.66,11.65,3.38,0.0
20231004:1711,0.0,0.0,11.7,2.55,0.0
20231004:1811,0.0,0.0,11.4,2.69,0.0
20231004:1911,0.0,0.0,11.15,3.66,0.0
20231004:2011,0.0,0.0,10.98,4.69,0.0
20231004:2111,0.0,0.0,10.79,5.52,0.0
20231004:2211,0.0,0.0,11.17,6.97,0.0
20231004:2311,0.0,0.0,11.25,6.69,0.0
20231005:0011,0.0,0.0,10.97,6.48,0.0
20231005:0111,0.0,0.0,10.62,6.14,0.0
20231005:0211,0.0,0.0,10.36,5.31,0.0
20231005:0311,0.0,0.0,10.12,4.69,0.0
20231005:0411,0.0,0.0,9.84,4.34,0.0
20231005:0511,0.0,0.0,10.23,4.0,0.0
20231005:0611,7.18,1.96,9.72,3.72,0.0
20231005:0711,190.7,9.25,9.98,3.52,0.0
20231005:0811,436.69,15.77,10.39,3.38,0.0
20231005:0911,605.22,21.06,11.29,3.17,0.0
20231005:1011,716.04,24.69,11.64,1.45,0.0
20231005:1111,725.07,26.29,12.21,0.9,0.0
20231005:1211,669.46,25.67,12.61,1.72,0.0
20231005:1311,130.67,22.91,12.65,2.34,0.0
20231005:1411,399.17,18.3,12.74,2.07,0.0
20231005:1511,119.81,12.28,12.36,1.1,0.0
20231005:1611,11.66,5.28,11.87,1.24,0.0
20231005:1711,0.0,0.0,11.27,2.14,0.0
20231005:1811,0.0,0.0,11.16,1.93,0.0
20231005:1911,0.0,0.0,11.26,2.62,0.0
20231005:2011,0.0,0.0,11.34,3.31,0.0
20231005:2111,0.0,0.0,11.48,3.86,0.0
20231005:2211,0.0,0.0,11.51,5.03,0.0
20231005:2311,0.0,0.0,11.44,6.0,0.0
20231006:0011,0.0,0.0,11.38,6.69,0.0
20231006:0111,0.0,0.0,11.33,8.14,0.0
20231006:0211,0.0,0.0,11.64,8.0,0.0
20231006:0311,0.0,0.0,12.41,8.0,0.0
20231006:0411,0.0,0.0,12.84,7.24,0.0
20231006:0511,0.0,0.0,13.01,6.14,0.0
20231006:0611,0.9,1.67,13.01,6.34,0.0
20231006:0711,15.25,8.95,13.26,7.24,0.0
20231006:0811,56.51,15.44,13.74,8.07,0.0
20231006:0911,44.85,20.71,13.86,7.66,0.0
20231006:1011,52.03,24.33,13.94,8.0,0.0
20231006:1111,64.58,25.91,13.85,9.03,0.0
20231006:1211,75.35,25.28,13.97,10.28,0.0
20231006:1311,54.72,22.52,13.83,11.86,0.0
20231006:1411,37.67,17.92,13.65,10.55,0.0
20231006:1511,18.84,11.9,13.34,10.55,0.0
20231006:1611,11.66,4.91,12.99,9.24,0.0
20231006:1711,0.0,0.0,12.78,7.93,0.0
20231006:1811,0.0,0.0,11.96,9.45,0.0
20231006:1911,0.0,0.0,11.6,10.14,0.0
20231006:2011,0.0,0.0,11.5,10.14,0.0
20231006:2111,0.0,0.0,11.14,9.79,0.0
20231006:2211,0.0,0.0,10.77,9.31,0.0
20231006:2311,0.0,0.0,10.48,9.31,0.0
20231007:0011,0.0,0.0,10.03,9.1,0.0
20231007:0111,0.0,0.0,9.49,9.52,0.0
20231007:0211,0.0,0.0,9.15,9.31,0.0
20231007:0311,0.0,0.0,8.82,8.21,0.0
20231007:0411,0.0,0.0,8.59,7.72,0.0
20231007:0511,0.0,0.0,8.37,6.9,0.0
20231007:0611,0.83,1.37,8.33,6.34,0.0
20231007:0711,48.6,8.64,8.47,5.66,0.0
20231007:0811,226.29,15.12,8.89,4.97,0.0
20231007:0911,371.7,20.37,9.35,5.24,0.0
20231007:1011,327.63,23.96,9.72,4.9,0.0
20231007:1111,260.49,25.53,9.96,5.72,0.0
20231007:1211,171.73,24.89,10.14,5.86,0.0
20231007:1311,137.25,22.13,10.11,6.9,0.0
20231007:1411,98.94,17.53,10.02,7.17,0.0
20231007:1511,371.23,11.53,9.62,7.24,0.0
20231007:1611,46.88,4.54,9.23,7.17,0.0
20231007:1711,0.0,0.0,8.78,7.1,0.0
20231007:1811,0.0,0.0,8.14,7.03,0.0
20231007:1911,0.0,0.0,7.8,6.62,0.0
20231007:2011,0.0,0.0,7.52,6.34,0.0
20231007:2111,0.0,0.0,7.16,6.07,0.0
20231007:2211,0.0,0.0,6.76,5.17,0.0
20231007:2311,0.0,0.0,6.4,4.83,0.0
20231008:0011,0.0,0.0,6.05,4.76,0.0
20231008:0111,0.0,0.0,5.92,4.76,0.0
20231008:0211,0.0,0.0,5.74,4.69,0.0
20231008:0311,0.0,0.0,5.44,4.83,0.0
20231008:0411,0.0,0.0,5.44,4.62,0.0
20231008:0511,0.0,0.0,5.3,3.72,0.0
20231008:0611,0.0,0.0,5.2,3.45,0.0
20231008:0711,176.17,8.33,5.14,3.52,0.0
20231008:0811,234.12,14.79,5.69,3.24,0.0
20231008:0911,569.89,20.03,7.09,3.03,0.0
20231008:1011,698.9,23.6,8.01,2.76,0.0
20231008:1111,533.42,25.15,8.67,2.69,0.0
20231008:1211,291.0,24.51,9.23,2.69,0.0
20231008:1311,208.04,21.74,9.26,2.69,0.0
20231008:1411,61.89,17.15,9.3,2.41,0.0
20231008:1511,39.47,11.15,9.04,2.21,0.0
20231008:1611,15.25,4.17,8.83,2.21,0.0
20231008:1711,0.0,0.0,8.31,2.41,0.0
20231008:1811,0.0,0.0,8.14,2.48,0.0
20231008:1911,0.0,0.0,7.92,2.41,0.0
20231008:2011,0.0,0.0,7.69,2.41,0.0
20231008:2111,0.0,0.0,7.15,1.86,0.0
20231008:2211,0.0,0.0,6.82,2.48,0.0
20231008:2311,0.0,0.0,6.15,2.48,0.0
20231009:0011,0.0,0.0,5.92,2.07,0.0
20231009:0111,0.0,0.0,5.44,2.97,0.0
20231009:0211,0.0,0.0,5.69,2.48,0.0
20231009:0311,0.0,0.0,4.87,2.48,0.0
20231009:0411,0.0,0.0,5.13,2.21,0.0
20231009:0511,0.0,0.0,4.95,2.55,0.0
20231009:0611,0.0,0.0,4.93,2.62,0.0
20231009:0711,145.11,8.03,5.54,2.83,0.0
20231009:0811,379.94,14.47,6.07,3.24,0.0
20231009:0911,574.55,19.68,6.95,2.83,0.0
20231009:1011,730.01,23.23,7.41,3.03,0.0
20231009:1111,287.18,24.77,8.08,3.31,0.0
20231009:1211,572.53,24.12,8.68,4.14,0.0
20231009:1311,597.54,21.36,8.99,4.41,0.0
20231009:1411,462.84,16.77,9.37,4.21,0.0
20231009:1511,285.08,10.78,9.38,3.72,0.0
20231009:1611,51.95,3.81,9.22,2.97,0.0
20231009:1711,0.0,0.0,8.09,2.83,0.0
20231009:1811,0.0,0.0,8.31,2.07,0.0
20231009:1911,0.0,0.0,7.26,1.52,0.0
20231009:2011,0.0,0.0,7.15,1.66,0.0
20231009:2111,0.0,0.0,6.77,1.72,0.0
20231009:2211,0.0,0.0,6.88,2.62,0.0
20231009:2311,0.0,0.0,6.91,2.69,0.0
20231010:0011,0.0,0.0,7.52,2.83,0.0
20231010:0111,0.0,0.0,7.97,3.31,0.0
20231010:0211,0.0,0.0,8.42,3.79,0.0
20231010:0311,0.0,0.0,8.83,4.48,0.0
20231010:0411,0.0,0.0,8.69,4.62,0.0
20231010:0511,0.0,0.0,9.22,5.03,0.0
20231010:0611,0.0,0.0,9.82,5.59,0.0
20231010:0711,42.9,7.72,10.23,6.0,0.0
20231010:0811,33.19,14.15,10.77,6.62,0.0
20231010:0911,52.03,19.34,11.26,7.59,0.0
20231010:1011,64.58,22.87,10.91,7.79,0.0
20231010:1111,56.51,24.39,11.24,8.34,0.0
20231010:1211,45.75,23.73,12.01,7.66,0.0
20231010:1311,43.06,20.97,12.42,7.17,0.0
20231010:1411,19.73,16.39,12.69,7.45,0.0
20231010:1511,12.56,10.41,13.34,8.28,0.0
20231010:1611,2.69,3.45,14.05,9.1,0.0
20231010:1711,0.0,0.0,14.25,8.48,0.0
20231010:1811,0.0,0.0,14.57,8.0,0.0
20231010:1911,0.0,0.0,14.47,7.79,0.0
20231010:2011,0.0,0.0,14.41,7.38,0.0
20231010:2111,0.0,0.0,14.35,6.55,0.0
20231010:2211,0.0,0.0,14.19,6.69,0.0
20231010:2311,0.0,0.0,13.93,6.14,0.0
20231011:0011,0.0,0.0,13.2,6.0,0.0
20231011:0111,0.0,0.0,11.87,5.24,0.0
20231011:0211,0.0,0.0,11.37,5.52,0.0
20231011:0311,0.0,0.0,11.13,4.76,0.0
20231011:0411,0.0,0.0,10.99,4.55,0.0
20231011:0511,0.0,0.0,10.65,5.45,0.0
20231011:0611,0.0,0.0,10.08,7.45,0.0
20231011:0711,13.45,7.41,9.53,9.31,0.0
20231011:0811,46.64,13.82,9.73,10.14,0.0
20231011:0911,32.29,18.99,9.7,10.34,0.0
20231011:1011,44.85,22.51,9.89,10.9,0.0
20231011:1111,92.39,24.01,9.91,10.9,0.0
20231011:1211,43.95,23.35,10.2,11.03,0.0
20231011:1311,101.44,20.59,9.99,12.21,0.0
20231011:1411,26.91,16.02,10.16,12.07,0.0
20231011:1511,18.84,10.04,10.29,12.9,0.0
20231011:1611,3.59,3.09,10.44,14.48,0.0
20231011:1711,0.0,0.0,10.59,13.38,0.0
20231011:1811,0.0,0.0,9.85,13.17,0.0
20231011:1911,0.0,0.0,9.69,12.34,0.0
20231011:2011,0.0,0.0,9.86,11.52,0.0
20231011:2111,0.0,0.0,9.93,11.38,0.0
20231011:2211,0.0,0.0,9.74,10.07,0.0
20231011:2311,0.0,0.0,9.68,9.59,0.0
20231012:0011,0.0,0.0,9.34,10.28,0.0
20231012:0111,0.0,0.0,9.12,10.0,0.0
20231012:0211,0.0,0.0,9.17,9.38,0.0
20231012:0311,0.0,0.0,9.22,8.69,0.0
20231012:0411,0.0,0.0,9.26,8.83,0.0
20231012:0511,0.0,0.0,9.02,9.17,0.0
20231012:0611,0.0,0.0,8.94,9.03,0.0
20231012:0711,37.4,7.11,8.98,8.97,0.0
20231012:0811,303.75,13.5,9.28,8.76,0.0
20231012:0911,62.79,18.65,9.54,8.69,0.0
20231012:1011,521.2,22.15,9.53,8.34,0.0
20231012:1111,258.79,23.64,9.92,8.21,0.0
20231012:1211,236.14,22.97,10.03,7.31,0.0
20231012:1311,110.65,20.21,10.13,6.28,0.0
20231012:1411,172.66,15.64,10.28,5.1,0.0
20231012:1511,52.12,9.68,10.01,3.93,0.0
20231012:1611,6.28,2.73,9.76,2.83,0.0
20231012:1711,0.0,0.0,9.38,2.41,0.0
20231012:1811,0.0,0.0,9.4,2.48,0.0
20231012:1911,0.0,0.0,9.41,2.9,0.0
20231012:2011,0.0,0.0,9.28,3.59,0.0
20231012:2111,0.0,0.0,9.34,4.48,0.0
20231012:2211,0.0,0.0,9.83,6.21,0.0
20231012:2311,0.0,0.0,9.85,7.17,0.0
20231013:0011,0.0,0.0,10.03,7.79,0.0
20231013:0111,0.0,0.0,9.99,7.86,0.0
20231013:0211,0.0,0.0,10.17,7.66,0.0
20231013:0311,0.0,0.0,10.28,8.28,0.0
20231013:0411,0.0,0.0,10.25,8.41,0.0
20231013:0511,0.0,0.0,10.25,8.0,0.0
20231013:0611,0.0,0.0,10.48,7.52,0.0
20231013:0711,14.35,6.8,10.61,7.1,0.0
20231013:0811,53.82,13.18,10.84,6.83,0.0
20231013:0911,97.85,18.31,11.09,6.34,0.0
20231013:1011,51.13,21.79,11.34,6.69,0.0
20231013:1111,47.54,23.27,11.41,6.0,0.0
20231013:1211,43.06,22.59,11.37,5.86,0.0
20231013:1311,38.57,19.83,11.26,5.72,0.0
20231013:1411,29.6,15.27,11.13,6.07,0.0
20231013:1511,20.63,9.31,10.7,6.07,0.0
20231013:1611,2.69,2.37,10.06,6.83,0.0
20231013:1711,0.0,0.0,9.85,7.31,0.0
20231013:1811,0.0,0.0,10.51,7.38,0.0
20231013:1911,0.0,0.0,10.03,8.28,0.0
20231013:2011,0.0,0.0,10.17,8.97,0.0
20231013:2111,0.0,0.0,9.9,9.45,0.0
20231013:2211,0.0,0.0,9.85,9.45,0.0
20231013:2311,0.0,0.0,9.61,8.76,0.0
20231014:0011,0.0,0.0,9.26,8.34,0.0
20231014:0111,0.0,0.0,8.85,8.07,0.0
20231014:0211,0.0,0.0,8.81,8.9,0.0
20231014:0311,0.0,0.0,8.68,9.72,0.0
20231014:0411,0.0,0.0,8.57,10.34,0.0
20231014:0511,0.0,0.0,8.49,10.55,0.0
20231014:0611,0.0,0.0,8.28,10.28,0.0
20231014:0711,27.81,6.49,8.05,9.1,0.0
20231014:0811,17.94,12.85,8.48,8.83,0.0
20231014:0911,87.96,17.97,8.63,9.59,0.0
20231014:1011,194.83,21.43,8.56,9.86,0.0
20231014:1111,246.15,22.89,8.8,10.21,0.0
20231014:1211,84.32,22.21,8.94,10.34,0.0
20231014:1311,29.6,19.46,8.83,10.69,0.0
20231014:1411,26.91,14.9,8.72,11.86,0.0
20231014:1511,9.87,8.95,8.7,12.34,0.0
20231014:1611,1.79,2.02,8.48,13.45,0.0
20231014:1711,0.0,0.0,8.25,13.86,0.0
20231014:1811,0.0,0.0,8.14,13.45,0.0
20231014:1911,0.0,0.0,7.99,13.24,0.0
20231014:2011,0.0,0.0,7.92,12.83,0.0
20231014:2111,0.0,0.0,7.9,12.41,0.0
20231014:2211,0.0,0.0,7.76,11.93,0.0
20231014:2311,0.0,0.0,7.71,10.9,0.0
20231015:0011,0.0,0.0,7.7,10.83,0.0
20231015:0111,0.0,0.0,7.67,10.9,0.0
20231015:0211,0.0,0.0,7.75,10.76,0.0
20231015:0311,0.0,0.0,7.78,10.34,0.0
20231015:0411,0.0,0.0,7.77,9.93,0.0
20231015:0511,0.0,0.0,7.67,9.31,0.0
20231015:0611,0.0,0.0,7.64,9.03,0.0
20231015:0711,13.45,6.19,7.47,8.62,0.0
20231015:0811,23.32,12.53,7.57,8.48,0.0
20231015:0911,199.22,17.63,7.67,8.69,0.0
20231015:1011,60.1,21.07,7.49,8.34,0.0
20231015:1111,93.29,22.52,7.05,8.55,0.0
20231015:1211,282.15,21.84,7.21,8.34,0.0
20231015:1311,53.82,19.08,7.02,8.48,0.0
20231015:1411,101.93,14.54,7.14,8.0,0.0
20231015:1511,16.15,8.6,6.61,7.59,0.0
20231015:1611,2.69,1.67,6.49,7.38,0.0
20231015:1711,0.0,0.0,6.25,6.83,0.0
20231015:1811,0.0,0.0,6.03,6.48,0.0
20231015:1911,0.0,0.0,6.07,6.34,0.0
20231015:2011,0.0,0.0,5.92,6.0,0.0
20231015:2111,0.0,0.0,5.81,5.72,0.0
20231015:2211,0.0,0.0,5.11,5.38,0.0
20231015:2311,0.0,0.0,5.11,5.52,0.0
20231016:0011,0.0,0.0,5.12,5.03,0.0
20231016:0111,0.0,0.0,4.66,5.03,0.0
20231016:0211,0.0,0.0,4.65,4.97,0.0
20231016:0311,0.0,0.0,4.62,5.24,0.0
20231016:0411,0.0,0.0,4.65,5.03,0.0
20231016:0511,0.0,0.0,4.41,4.41,0.0
20231016:0611,0.0,0.0,4.24,3.24,0.0
20231016:0711,173.6,5.88,4.33,2.41,0.0
20231016:0811,351.89,12.21,4.92,1.86,0.0
20231016:0911,433.68,17.29,5.87,1.59,0.0
20231016:1011,429.06,20.71,6.58,1.45,0.0
20231016:1111,641.68,22.15,7.27,1.1,0.0
20231016:1211,477.18,21.46,7.78,1.03,0.0
20231016:1311,45.75,18.71,8.4,1.86,0.0
20231016:1411,33.19,14.18,8.75,2.34,0.0
20231016:1511,14.35,8.24,9.03,2.48,0.0
20231016:1611,0.9,1.32,8.98,3.03,0.0
20231016:1711,0.0,0.0,9.33,3.79,0.0
20231016:1811,0.0,0.0,9.59,3.93,0.0
20231016:1911,0.0,0.0,9.44,3.72,0.0
20231016:2011,0.0,0.0,9.72,3.72,0.0
20231016:2111,0.0,0.0,9.67,3.86,0.0
20231016:2211,0.0,0.0,9.4,4.55,0.0
20231016:2311,0.0,0.0,9.33,4.41,0.0
20231017:0011,0.0,0.0,9.32,4.34,0.0
20231017:0111,0.0,0.0,9.42,4.21,0.0
20231017:0211,0.0,0.0,9.43,4.28,0.0
20231017:0311,0.0,0.0,9.61,4.62,0.0
20231017:0411,0.0,0.0,9.51,5.17,0.0
20231017:0511,0.0,0.0,9.8,5.66,0.0
20231017:0611,0.0,0.0,9.89,5.66,0.0
20231017:0711,104.41,5.58,10.28,6.07,0.0
20231017:0811,72.34,11.89,10.47,6.34,0.0
20231017:0911,53.82,16.95,10.67,7.38,0.0
20231017:1011,66.38,20.36,10.59,7.45,0.0
20231017:1111,78.04,21.79,10.75,7.79,0.0
20231017:1211,96.88,21.09,10.88,8.0,0.0
20231017:1311,25.12,18.34,10.77,7.66,0.0
20231017:1411,62.79,13.82,10.64,6.62,0.0
20231017:1511,11.66,7.89,10.56,5.93,0.0
20231017:1611,0.0,0.0,10.37,4.9,0.0
20231017:1711,0.0,0.0,10.01,4.41,0.0
20231017:1811,0.0,0.0,9.63,3.93,0.0
20231017:1911,0.0,0.0,9.32,3.31,0.0
20231017:2011,0.0,0.0,8.5,2.83,0.0
20231017:2111,0.0,0.0,8.39,2.83,0.0
20231017:2211,0.0,0.0,8.36,2.0,0.0
20231017:2311,0.0,0.0,8.04,2.21,0.0
20231018:0011,0.0,0.0,7.97,3.1,0.0
20231018:0111,0.0,0.0,7.81,3.1,0.0
20231018:0211,0.0,0.0,7.24,3.31,0.0
20231018:0311,0.0,0.0,6.38,2.9,0.0
20231018:0411,0.0,0.0,6.14,2.9,0.0
20231018:0511,0.0,0.0,5.78,2.83,0.0
20231018:0611,0.0,0.0,5.37,2.34,0.0
20231018:0711,97.52,5.27,5.3,2.21,0.0
20231018:0811,168.79,11.57,5.49,2.55,0.0
20231018:0911,178.44,16.61,7.03,2.83,0.0
20231018:1011,336.73,20.0,8.88,2.9,0.0
20231018:1111,585.97,21.42,10.2,3.17,0.0
20231018:1211,784.1,20.72,11.09,3.45,0.0
20231018:1311,558.26,17.98,11.51,3.52,0.0
20231018:1411,249.02,13.46,11.57,3.38,0.0
20231018:1511,103.61,7.54,11.03,3.45,0.0
20231018:1611,0.0,0.0,10.37,3.52,0.0
20231018:1711,0.0,0.0,9.59,3.59,0.0
20231018:1811,0.0,0.0,8.98,4.0,0.0
20231018:1911,0.0,0.0,8.57,4.69,0.0
20231018:2011,0.0,0.0,8.27,5.45,0.0
20231018:2111,0.0,0.0,8.08,6.21,0.0
20231018:2211,0.0,0.0,8.07,6.28,0.0
20231018:2311,0.0,0.0,7.94,6.97,0.0
20231019:0011,0.0,0.0,7.91,7.38,0.0
20231019:0111,0.0,0.0,7.67,7.66,0.0
20231019:0211,0.0,0.0,7.56,7.86,0.0
20231019:0311,0.0,0.0,7.27,8.0,0.0
20231019:0411,0.0,0.0,7.24,8.0,0.0
20231019:0511,0.0,0.0,7.31,8.34,0.0
20231019:0611,0.0,0.0,7.37,8.69,0.0
20231019:0711,54.53,4.97,7.13,8.97,0.0
20231019:0811,320.38,11.25,6.91,9.59,0.0
20231019:0911,614.88,16.28,6.74,8.9,0.0
20231019:1011,770.49,19.65,6.84,8.07,0.0
20231019:1111,851.44,21.06,6.83,8.55,0.0
20231019:1211,854.84,20.36,6.66,8.97,0.0
20231019:1311,722.81,17.62,6.34,9.52,0.0
20231019:1411,536.34,13.1,5.99,9.38,0.0
20231019:1511,298.57,7.2,5.57,9.1,0.0
20231019:1611,0.0,0.0,5.15,9.24,0.0
20231019:1711,0.0,0.0,4.95,9.17,0.0
20231019:1811,0.0,0.0,5.0,9.31,0.0
20231019:1911,0.0,0.0,5.05,9.45,0.0
20231019:2011,0.0,0.0,5.13,9.45,0.0
20231019:2111,0.0,0.0,5.04,9.52,0.0
20231019:2211,0.0,0.0,4.73,9.1,0.0
20231019:2311,0.0,0.0,4.37,9.1,0.0
20231020:0011,0.0,0.0,4.22,8.9,0.0
20231020:0111,0.0,0.0,4.17,8.62,0.0
20231020:0211,0.0,0.0,4.15,8.07,0.0
20231020:0311,0.0,0.0,4.15,7.66,0.0
20231020:0411,0.0,0.0,4.17,7.72,0.0
20231020:0511,0.0,0.0,4.24,7.72,0.0
20231020:0611,0.0,0.0,4.5,7.59,0.0
20231020:0711,96.34,4.66,4.7,7.17,0.0
20231020:0811,208.27,10.93,4.88,7.52,0.0
20231020:0911,479.1,15.94,5.25,6.62,0.0
20231020:1011,663.8,19.3,5.58,6.48,0.0
20231020:1111,755.6,20.7,6.0,7.17,0.0
20231020:1211,701.04,20.0,6.24,7.79,0.0
20231020:1311,412.61,17.26,6.2,8.21,0.0
20231020:1411,189.0,12.75,6.1,8.62,0.0
20231020:1511,160.92,6.86,6.01,9.1,0.0
20231020:1611,0.0,0.0,5.9,8.55,0.0
20231020:1711,0.0,0.0,5.88,7.79,0.0
20231020:1811,0.0,0.0,5.84,7.31,0.0
20231020:1911,0.0,0.0,5.88,7.52,0.0
20231020:2011,0.0,0.0,5.76,7.72,0.0
20231020:2111,0.0,0.0,5.83,8.62,0.0
20231020:2211,0.0,0.0,5.6,7.93,0.0
20231020:2311,0.0,0.0,5.44,9.1,0.0
20231021:0011,0.0,0.0,5.29,8.48,0.0
20231021:0111,0.0,0.0,5.36,8.41,0.0
20231021:0211,0.0,0.0,5.4,9.52,0.0
20231021:0311,0.0,0.0,5.28,10.69,0.0
20231021:0411,0.0,0.0,5.38,11.45,0.0
20231021:0511,0.0,0.0,5.53,11.52,0.0
20231021:0611,0.0,0.0,5.68,11.79,0.0
20231021:0711,9.87,4.36,5.77,12.0,0.0
20231021:0811,21.53,10.62,5.92,12.14,0.0
20231021:0911,18.84,15.61,6.22,11.72,0.0
20231021:1011,55.61,18.95,6.49,9.86,0.0
20231021:1111,26.01,20.34,6.55,10.55,0.0
20231021:1211,25.12,19.64,6.73,10.69,0.0
20231021:1311,20.63,16.9,7.02,10.83,0.0
20231021:1411,38.57,12.41,6.84,12.41,0.0
20231021:1511,63.37,6.52,7.04,12.41,0.0
20231021:1611,0.0,0.0,7.13,12.28,0.0
20231021:1711,0.0,0.0,7.14,12.21,0.0
20231021:1811,0.0,0.0,7.24,12.0,0.0
20231021:1911,0.0,0.0,7.52,11.72,0.0
20231021:2011,0.0,0.0,7.63,11.17,0.0
20231021:2111,0.0,0.0,7.67,10.48,0.0
20231021:2211,0.0,0.0,7.7,10.41,0.0
20231021:2311,0.0,0.0,7.73,10.21,0.0
20231022:0011,0.0,0.0,7.66,10.07,0.0
20231022:0111,0.0,0.0,7.73,10.0,0.0
20231022:0211,0.0,0.0,7.71,9.86,0.0
20231022:0311,0.0,0.0,7.67,9.66,0.0
20231022:0411,0.0,0.0,7.84,9.38,0.0
20231022:0511,0.0,0.0,7.94,9.24,0.0
20231022:0611,0.0,0.0,8.12,9.38,0.0
20231022:0711,51.9,4.06,8.27,9.59,0.0
20231022:0811,91.47,10.3,8.77,9.24,0.0
20231022:0911,31.39,15.28,9.47,8.69,0.0
20231022:1011,65.48,18.61,9.91,7.31,0.0
20231022:1111,41.26,19.99,10.4,7.17,0.0
20231022:1211,33.19,19.28,10.34,7.1,0.0
20231022:1311,44.85,16.55,10.27,6.97,0.0
20231022:1411,38.57,12.06,10.34,6.69,0.0
20231022:1511,11.66,6.19,10.25,6.48,0.0
20231022:1611,0.0,0.0,10.19,5.79,0.0
20231022:1711,0.0,0.0,10.09,5.24,0.0
20231022:1811,0.0,0.0,10.07,5.1,0.0
20231022:1911,0.0,0.0,10.03,4.83,0.0
20231022:2011,0.0,0.0,9.97,4.21,0.0
20231022:2111,0.0,0.0,9.97,3.38,0.0
20231022:2211,0.0,0.0,9.6,2.48,0.0
20231022:2311,0.0,0.0,9.42,1.59,0.0
20231023:0011,0.0,0.0,9.26,1.17,0.0
20231023:0111,0.0,0.0,9.16,0.76,0.0
20231023:0211,0.0,0.0,9.09,0.62,0.0
20231023:0311,0.0,0.0,9.03,1.24,0.0
20231023:0411,0.0,0.0,9.03,2.28,0.0
20231023:0511,0.0,0.0,9.1,3.17,0.0
20231023:0611,0.0,0.0,9.22,3.45,0.0
20231023:0711,28.06,3.76,9.35,3.38,0.0
20231023:0811,57.61,9.99,9.63,2.97,0.0
20231023:0911,52.03,14.95,9.89,2.62,0.0
20231023:1011,65.48,18.27,10.02,2.41,0.0
20231023:1111,109.36,19.64,10.29,1.86,0.0
20231023:1211,40.36,18.92,10.47,1.24,0.0
20231023:1311,45.75,16.2,10.4,0.48,0.0
20231023:1411,29.6,11.72,10.5,0.41,0.0
20231023:1511,18.84,5.86,10.31,1.24,0.0
20231023:1611,0.0,0.0,9.95,2.07,0.0
20231023:1711,0.0,0.0,9.62,2.21,0.0
20231023:1811,0.0,0.0,9.32,2.28,0.0
20231023:1911,0.0,0.0,9.04,1.86,0.0
20231023:2011,0.0,0.0,8.12,1.38,0.0
20231023:2111,0.0,0.0,7.09,1.31,0.0
20231023:2211,0.0,0.0,7.24,1.66,0.0
20231023:2311,0.0,0.0,7.01,2.07,0.0
20231024:0011,0.0,0.0,7.11,2.55,0.0
20231024:0111,0.0,0.0,7.09,2.69,0.0
20231024:0211,0.0,0.0,7.21,2.55,0.0
20231024:0311,0.0,0.0,7.19,2.41,0.0
20231024:0411,0.0,0.0,7.36,2.55,0.0
20231024:0511,0.0,0.0,7.44,2.62,0.0
20231024:0611,0.0,0.0,7.65,3.03,0.0
20231024:0711,59.81,3.46,7.87,3.1,0.0
20231024:0811,172.65,9.67,8.48,3.31,0.0
20231024:0911,414.86,14.62,9.47,3.52,0.0
20231024:1011,539.8,17.92,10.43,1.72,0.0
20231024:1111,373.59,19.29,10.93,2.55,0.0
20231024:1211,212.16,18.57,11.32,3.38,0.0
20231024:1311,280.57,15.85,11.37,4.14,0.0
20231024:1411,297.92,11.39,11.16,4.97,0.0
20231024:1511,98.2,5.53,10.7,5.17,0.0
20231024:1611,0.0,0.0,10.2,4.9,0.0
20231024:1711,0.0,0.0,9.85,4.48,0.0
20231024:1811,0.0,0.0,9.5,4.21,0.0
20231024:1911,0.0,0.0,9.33,4.14,0.0
20231024:2011,0.0,0.0,9.28,4.41,0.0
20231024:2111,0.0,0.0,9.24,4.21,0.0
20231024:2211,0.0,0.0,9.1,2.69,0.0
20231024:2311,0.0,0.0,8.77,3.93,0.0
20231025:0011,0.0,0.0,8.36,4.97,0.0
20231025:0111,0.0,0.0,8.08,5.17,0.0
20231025:0211,0.0,0.0,7.86,5.17,0.0
20231025:0311,0.0,0.0,7.54,4.9,0.0
20231025:0411,0.0,0.0,7.32,5.1,0.0
20231025:0511,0.0,0.0,7.03,5.31,0.0
20231025:0611,0.0,0.0,6.96,4.97,0.0
20231025:0711,12.56,3.16,7.02,4.76,0.0
20231025:0811,57.21,9.36,7.29,5.17,0.0
20231025:0911,43.95,14.29,7.94,5.93,0.0
20231025:1011,37.67,17.58,8.35,4.62,0.0
20231025:1111,23.32,18.94,8.68,5.45,0.0
20231025:1211,26.01,18.23,8.67,6.28,0.0
20231025:1311,37.67,15.51,8.66,6.76,0.0
20231025:1411,39.47,11.05,8.53,7.59,0.0
20231025:1511,18.84,5.21,8.37,8.21,0.0
20231025:1611,0.0,0.0,8.27,8.0,0.0
20231025:1711,0.0,0.0,8.06,7.72,0.0
20231025:1811,0.0,0.0,7.87,7.52,0.0
20231025:1911,0.0,0.0,7.49,7.66,0.0
20231025:2011,0.0,0.0,7.09,7.59,0.0
20231025:2111,0.0,0.0,6.95,7.66,0.0
20231025:2211,0.0,0.0,6.98,7.24,0.0
20231025:2311,0.0,0.0,6.84,6.9,0.0
20231026:0011,0.0,0.0,6.84,7.17,0.0
20231026:0111,0.0,0.0,6.88,7.24,0.0
20231026:0211,0.0,0.0,6.83,7.03,0.0
20231026:0311,0.0,0.0,6.76,6.9,0.0
20231026:0411,0.0,0.0,6.66,6.62,0.0
20231026:0511,0.0,0.0,6.7,6.48,0.0
20231026:0611,0.0,0.0,6.54,6.21,0.0
20231026:0711,6.28,2.86,6.54,5.93,0.0
20231026:0811,53.81,9.05,6.42,5.38,0.0
20231026:0911,141.72,13.97,6.81,4.83,0.0
20231026:1011,576.46,17.25,6.88,3.72,0.0
20231026:1111,102.45,18.6,7.32,3.17,0.0
20231026:1211,116.71,17.88,7.67,2.9,0.0
20231026:1311,148.2,15.17,7.84,2.55,0.0
20231026:1411,338.07,10.73,7.67,2.28,0.0
20231026:1511,99.99,4.89,7.28,2.14,0.0
20231026:1611,0.0,0.0,6.45,2.83,0.0
20231026:1711,0.0,0.0,6.2,3.03,0.0
20231026:1811,0.0,0.0,5.81,3.03,0.0
20231026:1911,0.0,0.0,5.53,3.03,0.0
20231026:2011,0.0,0.0,5.28,3.03,0.0
20231026:2111,0.0,0.0,4.83,3.03,0.0
20231026:2211,0.0,0.0,4.52,2.97,0.0
20231026:2311,0.0,0.0,4.35,2.69,0.0
20231027:0011,0.0,0.0,4.16,2.83,0.0
20231027:0111,0.0,0.0,4.12,2.83,0.0
20231027:0211,0.0,0.0,3.96,2.76,0.0
20231027:0311,0.0,0.0,3.93,2.76,0.0
20231027:0411,0.0,0.0,3.78,2.55,0.0
20231027:0511,0.0,0.0,3.77,2.41,0.0
20231027:0611,0.0,0.0,3.83,2.48,0.0
20231027:0711,8.97,2.57,3.84,2.62,0.0
20231027:0811,47.2,8.74,4.6,2.48,0.0
20231027:0911,35.88,13.65,5.5,2.9,0.0
20231027:1011,60.1,16.91,6.09,2.48,0.0
20231027:1111,70.86,18.26,6.59,2.34,0.0
20231027:1211,52.92,17.54,6.91,2.21,0.0
20231027:1311,40.36,14.84,7.19,2.21,0.0
20231027:1411,19.73,10.4,7.18,2.21,0.0
20231027:1511,9.87,4.58,6.98,2.28,0.0
20231027:1611,0.0,0.0,7.08,2.55,0.0
20231027:1711,0.0,0.0,7.03,3.17,0.0
20231027:1811,0.0,0.0,6.17,3.31,0.0
20231027:1911,0.0,0.0,6.01,3.79,0.0
20231027:2011,0.0,0.0,5.79,4.0,0.0
20231027:2111,0.0,0.0,5.58,4.41,0.0
20231027:2211,0.0,0.0,5.49,3.86,0.0
20231027:2311,0.0,0.0,5.38,3.93,0.0
20231028:0011,0.0,0.0,5.07,3.79,0.0
20231028:0111,0.0,0.0,4.74,3.93,0.0
20231028:0211,0.0,0.0,4.53,4.14,0.0
20231028:0311,0.0,0.0,4.36,4.28,0.0
20231028:0411,0.0,0.0,4.17,4.41,0.0
20231028:0511,0.0,0.0,4.14,4.83,0.0
20231028:0611,0.0,0.0,4.2,5.17,0.0
20231028:0711,2.69,2.27,4.28,5.1,0.0
20231028:0811,46.44,8.43,4.51,4.9,0.0
20231028:0911,35.88,13.33,5.01,4.83,0.0
20231028:1011,64.58,16.58,5.7,5.03,0.0
20231028:1111,80.73,17.92,6.33,5.03,0.0
20231028:1211,72.66,17.2,6.65,5.17,0.0
20231028:1311,45.75,14.51,6.75,5.03,0.0
20231028:1411,26.91,10.08,6.52,5.31,0.0
20231028:1511,11.66,4.27,6.2,5.72,0.0
20231028:1611,0.0,0.0,6.02,6.0,0.0
20231028:1711,0.0,0.0,5.81,6.07,0.0
20231028:1811,0.0,0.0,5.66,6.0,0.0
20231028:1911,0.0,0.0,5.47,6.21,0.0
20231028:2011,0.0,0.0,5.39,6.62,0.0
20231028:2111,0.0,0.0,5.33,6.9,0.0
20231028:2211,0.0,0.0,5.11,6.55,0.0
20231028:2311,0.0,0.0,4.94,6.76,0.0
20231029:0011,0.0,0.0,4.91,6.83,0.0
20231029:0111,0.0,0.0,4.83,6.69,0.0
20231029:0211,0.0,0.0,4.86,6.69,0.0
20231029:0311,0.0,0.0,4.98,6.83,0.0
20231029:0411,0.0,0.0,5.15,6.69,0.0
20231029:0511,0.0,0.0,5.31,6.55,0.0
20231029:0611,0.0,0.0,5.53,6.34,0.0
20231029:0711,2.69,1.98,5.42,6.07,0.0
20231029:0811,109.96,8.13,5.91,6.28,0.0
20231029:0911,30.5,13.01,6.45,6.55,0.0
20231029:1011,41.26,16.25,6.72,5.86,0.0
20231029:1111,48.44,17.58,7.21,5.79,0.0
20231029:1211,41.26,16.87,7.53,6.0,0.0
20231029:1311,26.91,14.18,7.7,6.07,0.0
20231029:1411,14.35,9.76,7.89,6.28,0.0
20231029:1511,5.38,3.96,7.8,5.86,0.0
20231029:1611,0.0,0.0,7.58,5.66,0.0
20231029:1711,0.0,0.0,7.46,5.72,0.0
20231029:1811,0.0,0.0,7.29,5.45,0.0
20231029:1911,0.0,0.0,7.3,5.1,0.0
20231029:2011,0.0,0.0,6.93,5.03,0.0
20231029:2111,0.0,0.0,6.82,5.03,0.0
20231029:2211,0.0,0.0,7.07,4.14,0.0
20231029:2311,0.0,0.0,6.97,4.48,0.0
20231030:0011,0.0,0.0,6.85,4.41,0.0
20231030:0111,0.0,0.0,6.59,4.14,0.0
20231030:0211,0.0,0.0,6.43,4.07,0.0
20231030:0311,0.0,0.0,6.35,4.21,0.0
20231030:0411,0.0,0.0,6.27,4.28,0.0
20231030:0511,0.0,0.0,6.2,4.41,0.0
20231030:0611,0.0,0.0,6.12,4.55,0.0
20231030:0711,1.79,1.69,6.0,4.41,0.0
20231030:0811,124.53,7.82,5.9,4.21,0.0
20231030:0911,131.08,12.69,6.05,4.07,0.0
20231030:1011,323.91,15.93,6.51,2.69,0.0
20231030:1111,180.45,17.25,6.69,2.9,0.0
20231030:1211,265.45,16.54,6.95,2.62,0.0
20231030:1311,327.17,13.86,6.98,2.41,0.0
20231030:1411,354.4,9.45,6.85,2.21,0.0
20231030:1511,68.04,3.66,6.44,2.0,0.0
20231030:1611,0.0,0.0,5.58,1.79,0.0
20231030:1711,0.0,0.0,5.12,2.07,0.0
20231030:1811,0.0,0.0,4.63,2.14,0.0
20231030:1911,0.0,0.0,4.28,2.28,0.0
20231030:2011,0.0,0.0,4.03,2.34,0.0
20231030:2111,0.0,0.0,3.5,2.69,0.0
20231030:2211,0.0,0.0,4.49,2.62,0.0
20231030:2311,0.0,0.0,4.27,1.79,0.0
20231031:0011,0.0,0.0,4.11,1.31,0.0
20231031:0111,0.0,0.0,3.96,1.03,0.0
20231031:0211,0.0,0.0,3.7,1.17,0.0
20231031:0311,0.0,0.0,3.57,1.17,0.0
20231031:0411,0.0,0.0,3.5,1.03,0.0
20231031:0511,0.0,0.0,3.11,1.03,0.0
20231031:0611,0.0,0.0,2.77,1.52,0.0
20231031:0711,2.69,1.4,2.8,1.59,0.0
20231031:0811,262.85,7.52,3.26,1.72,0.0
20231031:0911,488.54,12.38,4.11,1.38,0.0
20231031:1011,645.75,15.61,4.84,1.79,0.0
20231031:1111,725.43,16.93,5.34,1.31,0.0
20231031:1211,714.77,16.22,5.71,0.9,0.0
20231031:1311,566.74,13.54,5.79,0.97,0.0
20231031:1411,404.96,9.15,5.63,1.24,0.0
20231031:1511,52.21,3.37,5.05,1.38,0.0
20231031:1611,0.0,0.0,5.47,1.1,0.0
20231031:1711,0.0,0.0,5.36,0.62,0.0
20231031:1811,0.0,0.0,4.93,0.62,0.0
20231031:1911,0.0,0.0,4.47,1.31,0.0
20231031:2011,0.0,0.0,4.16,2.0,0.0
20231031:2111,0.0,0.0,3.88,2.41,0.0
20231031:2211,0.0,0.0,4.49,4.48,0.0
20231031:2311,0.0,0.0,4.23,5.72,0.0
20231101:0011,0.0,0.0,4.09,6.21,0.0
20231101:0111,0.0,0.0,3.68,6.21,0.0
20231101:0211,0.0,0.0,3.12,6.21,0.0
20231101:0311,0.0,0.0,2.9,6.28,0.0
20231101:0411,0.0,0.0,3.03,6.41,0.0
20231101:0511,0.0,0.0,3.08,6.41,0.0
20231101:0611,0.0,0.0,2.95,6.34,0.0
20231101:0711,0.0,0.0,2.95,6.55,0.0
20231101:0811,38.96,7.22,3.34,6.97,0.0
20231101:0911,23.32,12.07,3.64,7.31,0.0
20231101:1011,18.84,15.29,3.11,7.24,0.0
20231101:1111,33.19,16.6,3.35,7.59,0.0
20231101:1211,24.22,15.9,3.72,8.28,0.0
20231101:1311,25.12,13.23,3.68,9.24,0.0
20231101:1411,10.76,8.84,3.81,9.66,0.0
20231101:1511,8.07,3.07,3.95,10.14,0.0
20231101:1611,0.0,0.0,4.13,10.83,0.0
20231101:1711,0.0,0.0,4.07,11.45,0.0
20231101:1811,0.0,0.0,3.99,12.07,0.0
20231101:1911,0.0,0.0,3.84,12.9,0.0
20231101:2011,0.0,0.0,4.0,13.31,0.0
20231101:2111,0.0,0.0,4.44,13.24,0.0
20231101:2211,0.0,0.0,5.03,12.48,0.0
20231101:2311,0.0,0.0,4.9,12.48,0.0
20231102:0011,0.0,0.0,5.21,12.14,0.0
20231102:0111,0.0,0.0,5.66,11.59,0.0
20231102:0211,0.0,0.0,5.89,11.31,0.0
20231102:0311,0.0,0.0,5.9,11.17,0.0
20231102:0411,0.0,0.0,6.13,10.9,0.0
20231102:0511,0.0,0.0,6.49,10.41,0.0
20231102:0611,0.0,0.0,6.82,9.79,0.0
20231102:0711,0.0,0.0,7.13,9.1,0.0
20231102:0811,43.34,6.93,7.52,8.62,0.0
20231102:0911,49.33,11.76,8.04,8.48,0.0
20231102:1011,55.61,14.97,8.7,8.07,0.0
20231102:1111,64.58,16.28,8.85,7.66,0.0
20231102:1211,44.85,15.58,8.85,7.38,0.0
20231102:1311,15.25,12.92,9.16,7.86,0.0
20231102:1411,15.25,8.55,9.28,7.93,0.0
20231102:1511,2.69,2.79,9.22,7.59,0.0
20231102:1611,0.0,0.0,8.97,7.17,0.0
20231102:1711,0.0,0.0,8.52,7.38,0.0
20231102:1811,0.0,0.0,8.23,7.52,0.0
20231102:1911,0.0,0.0,8.28,7.31,0.0
20231102:2011,0.0,0.0,8.36,7.86,0.0
20231102:2111,0.0,0.0,8.64,8.62,0.0
20231102:2211,0.0,0.0,8.38,8.76,0.0
20231102:2311,0.0,0.0,8.84,8.83,0.0
20231103:0011,0.0,0.0,8.77,9.31,0.0
20231103:0111,0.0,0.0,8.75,8.83,0.0
20231103:0211,0.0,0.0,9.3,8.28,0.0
20231103:0311,0.0,0.0,9.63,7.52,0.0
20231103:0411,0.0,0.0,10.02,6.76,0.0
20231103:0511,0.0,0.0,10.27,6.14,0.0
20231103:0611,0.0,0.0,10.47,5.86,0.0
20231103:0711,0.0,0.0,10.5,5.79,0.0
20231103:0811,12.56,6.63,10.4,6.07,0.0
20231103:0911,26.01,11.46,10.19,6.41,0.0
20231103:1011,23.32,14.66,8.79,5.03,0.0
20231103:1111,38.57,15.97,8.7,5.31,0.0
20231103:1211,322.96,15.27,8.96,5.86,0.0
20231103:1311,23.32,12.62,9.65,5.93,0.0
20231103:1411,17.04,8.25,9.85,6.0,0.0
20231103:1511,2.69,2.51,9.6,5.79,0.0
20231103:1611,0.0,0.0,8.89,6.0,0.0
20231103:1711,0.0,0.0,8.72,6.83,0.0
20231103:1811,0.0,0.0,9.07,7.45,0.0
20231103:1911,0.0,0.0,9.52,8.07,0.0
20231103:2011,0.0,0.0,9.63,8.28,0.0
20231103:2111,0.0,0.0,9.83,8.14,0.0
20231103:2211,0.0,0.0,10.25,8.97,0.0
20231103:2311,0.0,0.0,10.31,8.69,0.0
20231104:0011,0.0,0.0,10.27,8.76,0.0
20231104:0111,0.0,0.0,10.11,9.03,0.0
20231104:0211,0.0,0.0,10.33,8.83,0.0
20231104:0311,0.0,0.0,10.62,8.28,0.0
20231104:0411,0.0,0.0,10.62,8.28,0.0
20231104:0511,0.0,0.0,10.73,8.07,0.0
20231104:0611,0.0,0.0,10.69,8.34,0.0
20231104:0711,0.0,0.0,10.55,8.0,0.0
20231104:0811,34.16,6.34,10.53,7.79,0.0
20231104:0911,13.45,11.15,10.87,7.86,0.0
20231104:1011,279.78,14.35,10.96,7.66,0.0
20231104:1111,272.03,15.66,11.09,7.31,0.0
20231104:1211,37.67,14.96,11.08,6.97,0.0
20231104:1311,53.82,12.32,11.03,6.28,0.0
20231104:1411,12.56,7.96,10.79,5.38,0.0
20231104:1511,1.79,2.23,10.54,5.24,0.0
20231104:1611,0.0,0.0,10.1,5.24,0.0
20231104:1711,0.0,0.0,9.99,5.17,0.0
20231104:1811,0.0,0.0,9.82,5.1,0.0
20231104:1911,0.0,0.0,9.59,5.38,0.0
20231104:2011,0.0,0.0,9.48,5.66,0.0
20231104:2111,0.0,0.0,9.42,5.79,0.0
20231104:2211,0.0,0.0,9.19,4.69,0.0
20231104:2311,0.0,0.0,9.18,4.62,0.0
20231105:0011,0.0,0.0,9.08,4.55,0.0
20231105:0111,0.0,0.0,8.98,4.62,0.0
20231105:0211,0.0,0.0,8.92,4.62,0.0
20231105:0311,0.0,0.0,8.93,4.55,0.0
20231105:0411,0.0,0.0,8.69,4.55,0.0
20231105:0511,0.0,0.0,8.46,4.48,0.0
20231105:0611,0.0,0.0,8.25,4.14,0.0
20231105:0711,0.0,0.0,8.08,3.93,0.0
20231105:0811,24.22,6.05,8.32,3.66,0.0
20231105:0911,146.55,10.85,8.85,3.66,0.0
20231105:1011,33.19,14.04,9.46,3.79,0.0
20231105:1111,54.72,15.35,9.61,3.66,0.0
20231105:1211,37.67,14.65,9.67,3.38,0.0
20231105:1311,20.63,12.02,9.5,3.31,0.0
20231105:1411,8.97,7.68,9.04,3.03,0.0
20231105:1511,0.9,1.96,8.85,2.97,0.0
20231105:1611,0.0,0.0,8.41,2.97,0.0
20231105:1711,0.0,0.0,8.08,3.1,0.0
20231105:1811,0.0,0.0,7.79,3.03,0.0
20231105:1911,0.0,0.0,7.68,2.62,0.0
20231105:2011,0.0,0.0,7.62,2.21,0.0
20231105:2111,0.0,0.0,7.65,1.86,0.0
20231105:2211,0.0,0.0,7.57,2.97,0.0
20231105:2311,0.0,0.0,7.49,3.1,0.0
20231106:0011,0.0,0.0,7.78,2.76,0.0
20231106:0111,0.0,0.0,7.73,2.55,0.0
20231106:0211,0.0,0.0,7.77,2.28,0.0
20231106:0311,0.0,0.0,7.67,1.93,0.0
20231106:0411,0.0,0.0,7.39,1.59,0.0
20231106:0511,0.0,0.0,7.0,1.66,0.0
20231106:0611,0.0,0.0,6.84,1.72,0.0
20231106:0711,0.0,0.0,6.43,1.72,0.0
20231106:0811,81.54,5.77,6.71,1.38,0.0
20231106:0911,13.45,10.56,7.43,0.97,0.0
20231106:1011,69.36,13.74,8.48,1.1,0.0
20231106:1111,157.8,15.05,8.68,1.59,0.0
20231106:1211,89.19,14.36,8.77,1.45,0.0
20231106:1311,185.49,11.73,8.87,1.45,0.0
20231106:1411,20.63,7.4,8.76,1.79,0.0
20231106:1511,1.79,1.7,8.44,2.21,0.0
20231106:1611,0.0,0.0,8.09,2.0,0.0
20231106:1711,0.0,0.0,7.57,1.72,0.0
20231106:1811,0.0,0.0,6.87,1.38,0.0
20231106:1911,0.0,0.0,6.59,1.52,0.0
20231106:2011,0.0,0.0,6.51,1.86,0.0
20231106:2111,0.0,0.0,6.32,1.86,0.0
20231106:2211,0.0,0.0,6.01,1.86,0.0
20231106:2311,0.0,0.0,5.92,1.93,0.0
20231107:0011,0.0,0.0,5.94,2.28,0.0
20231107:0111,0.0,0.0,5.98,2.62,0.0
20231107:0211,0.0,0.0,5.84,2.76,0.0
20231107:0311,0.0,0.0,5.64,2.9,0.0
20231107:0411,0.0,0.0,5.5,2.69,0.0
20231107:0511,0.0,0.0,5.17,2.55,0.0
20231107:0611,0.0,0.0,5.18,2.41,0.0
20231107:0711,0.0,0.0,5.08,2.34,0.0
20231107:0811,154.69,5.48,5.15,2.34,0.0
20231107:0911,320.84,10.27,5.62,2.28,0.0
20231107:1011,376.69,13.44,6.02,2.0,0.0
20231107:1111,399.62,14.75,6.73,1.31,0.0
20231107:1211,479.38,14.06,7.14,0.9,0.0
20231107:1311,334.32,11.45,7.44,0.97,0.0
20231107:1411,157.35,7.13,7.44,1.03,0.0
20231107:1511,1.79,1.44,7.24,1.31,0.0
20231107:1611,0.0,0.0,7.05,1.45,0.0
20231107:1711,0.0,0.0,6.15,1.66,0.0
20231107:1811,0.0,0.0,5.25,1.52,0.0
20231107:1911,0.0,0.0,4.97,1.66,0.0
20231107:2011,0.0,0.0,4.57,1.59,0.0
20231107:2111,0.0,0.0,3.89,1.59,0.0
20231107:2211,0.0,0.0,3.27,2.34,0.0
20231107:2311,0.0,0.0,2.95,2.28,0.0
20231108:0011,0.0,0.0,2.89,1.86,0.0
20231108:0111,0.0,0.0,2.74,1.72,0.0
20231108:0211,0.0,0.0,2.59,1.86,0.0
20231108:0311,0.0,0.0,2.52,2.0,0.0
20231108:0411,0.0,0.0,2.87,2.28,0.0
20231108:0511,0.0,0.0,3.1,2.28,0.0
20231108:0611,0.0,0.0,3.2,2.48,0.0
20231108:0711,0.0,0.0,3.33,2.76,0.0
20231108:0811,126.89,5.2,3.7,3.03,0.0
20231108:0911,348.41,9.98,4.58,3.52,0.0
20231108:1011,529.6,13.15,4.79,3.86,0.0
20231108:1111,556.66,14.45,5.78,4.34,0.0
20231108:1211,513.24,13.77,6.69,4.76,0.0
20231108:1311,358.99,11.17,7.04,5.45,0.0
20231108:1411,23.32,6.86,6.98,6.0,0.0
20231108:1511,0.0,0.0,6.61,6.55,0.0
20231108:1611,0.0,0.0,6.46,7.17,0.0
20231108:1711,0.0,0.0,6.6,7.59,0.0
20231108:1811,0.0,0.0,7.09,8.07,0.0
20231108:1911,0.0,0.0,7.32,8.55,0.0
20231108:2011,0.0,0.0,7.24,8.97,0.0
20231108:2111,0.0,0.0,7.02,8.97,0.0
20231108:2211,0.0,0.0,6.53,8.0,0.0
20231108:2311,0.0,0.0,6.3,7.86,0.0
20231109:0011,0.0,0.0,6.19,6.07,0.0
20231109:0111,0.0,0.0,6.21,3.79,0.0
20231109:0211,0.0,0.0,6.0,2.41,0.0
20231109:0311,0.0,0.0,5.84,1.93,0.0
20231109:0411,0.0,0.0,5.9,2.0,0.0
20231109:0511,0.0,0.0,5.56,2.62,0.0
20231109:0611,0.0,0.0,5.32,3.31,0.0
20231109:0711,0.0,0.0,5.02,3.59,0.0
20231109:0811,103.39,4.92,5.23,3.79,0.0
20231109:0911,224.59,9.69,5.56,4.14,0.0
20231109:1011,200.43,12.86,6.13,4.76,0.0
20231109:1111,288.15,14.16,7.06,4.69,0.0
20231109:1211,465.9,13.49,7.51,4.69,0.0
20231109:1311,176.24,10.89,7.68,5.1,0.0
20231109:1411,113.42,6.6,7.68,5.38,0.0
20231109:1511,0.0,0.0,7.4,5.31,0.0
20231109:1611,0.0,0.0,7.16,5.31,0.0
20231109:1711,0.0,0.0,6.98,5.66,0.0
20231109:1811,0.0,0.0,6.83,6.0,0.0
20231109:1911,0.0,0.0,6.74,6.0,0.0
20231109:2011,0.0,0.0,6.68,5.93,0.0
20231109:2111,0.0,0.0,6.73,5.79,0.0
20231109:2211,0.0,0.0,6.42,5.1,0.0
20231109:2311,0.0,0.0,6.51,5.45,0.0
20231110:0011,0.0,0.0,6.44,5.24,0.0
20231110:0111,0.0,0.0,6.11,4.97,0.0
20231110:0211,0.0,0.0,6.01,4.9,0.0
20231110:0311,0.0,0.0,5.98,4.62,0.0
20231110:0411,0.0,0.0,5.77,4.41,0.0
20231110:0511,0.0,0.0,5.79,4.69,0.0
20231110:0611,0.0,0.0,5.7,5.31,0.0
20231110:0711,0.0,0.0,5.83,5.86,0.0
20231110:0811,10.76,4.65,5.73,5.93,0.0
20231110:0911,33.19,9.41,6.17,5.66,0.0
20231110:1011,31.39,12.57,6.59,4.07,0.0
20231110:1111,21.53,13.88,6.93,3.93,0.0
20231110:1211,15.25,13.21,7.08,3.66,0.0
20231110:1311,11.66,10.63,7.27,3.45,0.0
20231110:1411,10.76,6.35,7.18,2.41,0.0
20231110:1511,0.0,0.0,6.98,1.59,0.0
20231110:1611,0.0,0.0,6.69,1.59,0.0
20231110:1711,0.0,0.0,6.42,2.07,0.0
20231110:1811,0.0,0.0,6.3,2.41,0.0
20231110:1911,0.0,0.0,6.24,2.62,0.0
20231110:2011,0.0,0.0,5.87,2.41,0.0
20231110:2111,0.0,0.0,5.4,1.86,0.0
20231110:2211,0.0,0.0,5.44,1.72,0.0
20231110:2311,0.0,0.0,5.26,1.52,0.0
20231111:0011,0.0,0.0,5.2,1.79,0.0
20231111:0111,0.0,0.0,5.47,1.38,0.0
20231111:0211,0.0,0.0,5.72,1.03,0.0
20231111:0311,0.0,0.0,5.36,1.03,0.0
20231111:0411,0.0,0.0,5.02,0.9,0.0
20231111:0511,0.0,0.0,5.08,0.9,0.0
20231111:0611,0.0,0.0,5.33,0.76,0.0
20231111:0711,0.0,0.0,4.95,0.48,0.0
20231111:0811,36.1,4.38,4.93,0.55,0.0
20231111:0911,151.0,9.13,5.67,0.55,0.0
20231111:1011,158.39,12.29,5.85,0.9,0.0
20231111:1111,123.17,13.6,5.93,0.97,0.0
20231111:1211,163.61,12.93,6.16,0.83,0.0
20231111:1311,150.24,10.36,6.13,0.69,0.0
20231111:1411,187.45,6.1,6.12,0.97,0.0
20231111:1511,0.0,0.0,6.35,1.03,0.0
20231111:1611,0.0,0.0,6.0,0.76,0.0
20231111:1711,0.0,0.0,5.94,0.62,0.0
20231111:1811,0.0,0.0,6.01,0.69,0.0
20231111:1911,0.0,0.0,5.8,0.97,0.0
20231111:2011,0.0,0.0,5.18,1.1,0.0
20231111:2111,0.0,0.0,3.9,1.24,0.0
20231111:2211,0.0,0.0,3.71,1.86,0.0
20231111:2311,0.0,0.0,3.69,2.07,0.0
20231112:0011,0.0,0.0,3.31,2.0,0.0
20231112:0111,0.0,0.0,3.08,1.79,0.0
20231112:0211,0.0,0.0,3.07,1.79,0.0
20231112:0311,0.0,0.0,2.97,2.0,0.0
20231112:0411,0.0,0.0,2.91,2.21,0.0
20231112:0511,0.0,0.0,2.83,2.21,0.0
20231112:0611,0.0,0.0,2.67,1.93,0.0
20231112:0711,0.0,0.0,2.71,1.52,0.0
20231112:0811,114.16,4.11,2.98,1.38,0.0
20231112:0911,379.38,8.86,4.07,1.38,0.0
20231112:1011,488.0,12.01,4.8,1.17,0.0
20231112:1111,471.41,13.32,5.35,0.83,0.0
20231112:1211,463.19,12.66,5.67,0.62,0.0
20231112:1311,110.11,10.1,5.85,0.55,0.0
20231112:1411,34.09,5.85,5.81,0.69,0.0
20231112:1511,0.0,0.0,5.56,1.1,0.0
20231112:1611,0.0,0.0,5.46,1.17,0.0
20231112:1711,0.0,0.0,5.47,1.1,0.0
20231112:1811,0.0,0.0,5.65,0.76,0.0
20231112:1911,0.0,0.0,5.7,0.62,0.0
20231112:2011,0.0,0.0,5.22,1.17,0.0
20231112:2111,0.0,0.0,4.91,1.72,0.0
20231112:2211,0.0,0.0,4.49,2.0,0.0
20231112:2311,0.0,0.0,4.74,2.14,0.0
20231113:0011,0.0,0.0,4.8,2.34,0.0
20231113:0111,0.0,0.0,4.71,2.55,0.0
20231113:0211,0.0,0.0,4.9,2.76,0.0
20231113:0311,0.0,0.0,4.9,2.97,0.0
20231113:0411,0.0,0.0,5.08,3.45,0.0
20231113:0511,0.0,0.0,4.95,3.86,0.0
20231113:0611,0.0,0.0,5.05,4.34,0.0
20231113:0711,0.0,0.0,4.97,4.55,0.0
20231113:0811,6.28,3.85,5.04,5.24,0.0
20231113:0911,44.6,8.59,5.44,5.86,0.0
20231113:1011,379.42,11.74,5.85,6.48,0.0
20231113:1111,484.14,13.05,6.3,6.55,0.0
20231113:1211,546.53,12.4,6.54,6.62,0.0
20231113:1311,322.52,9.85,6.56,7.17,0.0
20231113:1411,116.67,5.61,6.24,7.17,0.0
20231113:1511,0.0,0.0,5.92,7.24,0.0
20231113:1611,0.0,0.0,5.73,7.24,0.0
20231113:1711,0.0,0.0,5.66,7.31,0.0
20231113:1811,0.0,0.0,5.48,7.24,0.0
20231113:1911,0.0,0.0,5.18,7.1,0.0
20231113:2011,0.0,0.0,5.09,6.9,0.0
20231113:2111,0.0,0.0,4.95,6.83,0.0
20231113:2211,0.0,0.0,5.02,5.59,0.0
20231113:2311,0.0,0.0,5.03,5.86,0.0
20231114:0011,0.0,0.0,4.91,5.86,0.0
20231114:0111,0.0,0.0,4.79,5.59,0.0
20231114:0211,0.0,0.0,4.7,5.31,0.0
20231114:0311,0.0,0.0,4.63,5.1,0.0
20231114:0411,0.0,0.0,4.4,4.76,0.0
20231114:0511,0.0,0.0,4.3,4.14,0.0
20231114:0611,0.0,0.0,4.0,3.52,0.0
20231114:0711,0.0,0.0,3.93,3.31,0.0
20231114:0811,34.14,3.58,3.68,3.1,0.0
20231114:0911,349.23,8.32,3.98,2.97,0.0
20231114:1011,505.85,11.47,5.14,1.79,0.0
20231114:1111,489.19,12.79,5.7,1.31,0.0
20231114:1211,237.13,12.14,6.05,0.28,0.0
20231114:1311,120.68,9.6,6.12,0.21,0.0
20231114:1411,10.76,5.38,5.9,0.69,0.0
20231114:1511,0.0,0.0,5.22,1.24,0.0
20231114:1611,0.0,0.0,4.76,1.45,0.0
20231114:1711,0.0,0.0,4.49,1.72,0.0
20231114:1811,0.0,0.0,4.41,2.0,0.0
20231114:1911,0.0,0.0,4.11,2.14,0.0
20231114:2011,0.0,0.0,3.91,2.07,0.0
20231114:2111,0.0,0.0,3.57,2.07,0.0
20231114:2211,0.0,0.0,4.43,2.55,0.0
20231114:2311,0.0,0.0,4.56,2.62,0.0
20231115:0011,0.0,0.0,3.68,2.97,0.0
20231115:0111,0.0,0.0,3.09,3.03,0.0
20231115:0211,0.0,0.0,2.82,2.97,0.0
20231115:0311,0.0,0.0,3.15,2.76,0.0
20231115:0411,0.0,0.0,3.38,2.9,0.0
20231115:0511,0.0,0.0,3.2,3.31,0.0
20231115:0611,0.0,0.0,3.29,3.66,0.0
20231115:0711,0.0,0.0,3.27,3.93,0.0
20231115:0811,71.99,3.33,3.52,3.86,0.0
20231115:0911,171.58,8.06,3.67,3.72,0.0
20231115:1011,100.79,11.21,4.0,3.31,0.0
20231115:1111,37.67,12.53,4.32,3.45,0.0
20231115:1211,25.12,11.89,4.7,3.59,0.0
20231115:1311,31.39,9.36,4.78,3.79,0.0
20231115:1411,17.94,5.15,4.57,3.93,0.0
20231115:1511,0.0,0.0,3.9,4.07,0.0
20231115:1611,0.0,0.0,3.45,4.14,0.0
20231115:1711,0.0,0.0,3.15,4.14,0.0
20231115:1811,0.0,0.0,2.94,4.21,0.0
20231115:1911,0.0,0.0,2.51,4.28,0.0
20231115:2011,0.0,0.0,2.41,4.48,0.0
20231115:2111,0.0,0.0,2.62,4.62,0.0
20231115:2211,0.0,0.0,2.67,5.03,0.0
20231115:2311,0.0,0.0,2.54,5.03,0.0
20231116:0011,0.0,0.0,2.53,5.1,0.0
20231116:0111,0.0,0.0,2.57,5.31,0.0
20231116:0211,0.0,0.0,2.55,5.59,0.0
20231116:0311,0.0,0.0,2.43,5.86,0.0
20231116:0411,0.0,0.0,2.3,6.0,0.0
20231116:0511,0.0,0.0,2.4,6.0,0.0
20231116:0611,0.0,0.0,2.52,5.93,0.0
20231116:0711,0.0,0.0,2.57,6.0,0.0
20231116:0811,32.77,3.08,2.7,5.93,0.0
20231116:0911,26.91,7.81,2.85,5.93,0.0
20231116:1011,40.36,10.95,2.57,5.79,0.0
20231116:1111,34.98,12.27,2.65,5.79,0.0
20231116:1211,27.81,11.64,2.73,6.0,0.0
20231116:1311,21.53,9.13,2.73,5.93,0.0
20231116:1411,8.97,4.93,2.66,5.86,0.0
20231116:1511,0.0,0.0,2.5,5.59,0.0
20231116:1611,0.0,0.0,2.47,5.45,0.0
20231116:1711,0.0,0.0,2.22,5.38,0.0
20231116:1811,0.0,0.0,2.01,4.97,0.0
20231116:1911,0.0,0.0,1.62,4.76,0.0
20231116:2011,0.0,0.0,1.33,4.69,0.0
20231116:2111,0.0,0.0,0.92,4.9,0.0
20231116:2211,0.0,0.0,1.46,4.48,0.0
20231116:2311,0.0,0.0,1.38,4.55,0.0
20231117:0011,0.0,0.0,1.38,4.55,0.0
20231117:0111,0.0,0.0,1.32,4.34,0.0
20231117:0211,0.0,0.0,1.03,4.34,0.0
20231117:0311,0.0,0.0,0.74,4.21,0.0
20231117:0411,0.0,0.0,0.53,3.93,0.0
20231117:0511,0.0,0.0,0.5,3.66,0.0
20231117:0611,0.0,0.0,0.47,3.52,0.0
20231117:0711,0.0,0.0,0.29,3.72,0.0
20231117:0811,22.96,2.83,0.47,3.66,0.0
20231117:0911,21.53,7.55,0.91,3.72,0.0
20231117:1011,59.56,10.7,1.26,3.31,0.0
20231117:1111,118.54,12.02,2.04,3.45,0.0
20231117:1211,303.57,11.4,2.44,3.03,0.0
20231117:1311,371.95,8.9,2.62,3.1,0.0
20231117:1411,50.81,4.72,1.82,3.38,0.0
20231117:1511,0.0,0.0,0.89,3.66,0.0
20231117:1611,0.0,0.0,0.72,3.66,0.0
20231117:1711,0.0,0.0,0.46,3.72,0.0
20231117:1811,0.0,0.0,0.34,3.59,0.0
20231117:1911,0.0,0.0,0.38,3.66,0.0
20231117:2011,0.0,0.0,-0.14,4.07,0.0
20231117:2111,0.0,0.0,-0.36,4.41,0.0
20231117:2211,0.0,0.0,0.23,5.52,0.0
20231117:2311,0.0,0.0,0.52,6.07,0.0
20231118:0011,0.0,0.0,0.56,6.34,0.0
20231118:0111,0.0,0.0,0.7,6.76,0.0
20231118:0211,0.0,0.0,1.21,6.83,0.0
20231118:0311,0.0,0.0,1.6,6.83,0.0
20231118:0411,0.0,0.0,2.14,6.97,0.0
20231118:0511,0.0,0.0,2.51,7.17,0.0
20231118:0611,0.0,0.0,2.9,7.45,0.0
20231118:0711,0.0,0.0,3.19,7.93,0.0
20231118:0811,2.69,2.58,3.38,8.28,0.0
20231118:0911,26.01,7.31,3.71,8.62,0.0
20231118:1011,21.53,10.45,3.54,8.41,0.0
20231118:1111,52.92,11.78,3.88,8.55,0.0
20231118:1211,42.16,11.17,4.19,8.83,0.0
20231118:1311,14.35,8.68,4.33,9.38,0.0
20231118:1411,3.59,4.51,4.29,9.86,0.0
20231118:1511,0.0,0.0,4.29,9.86,0.0
20231118:1611,0.0,0.0,4.35,10.14,0.0
20231118:1711,0.0,0.0,4.49,10.48,0.0
20231118:1811,0.0,0.0,4.65,10.55,0.0
20231118:1911,0.0,0.0,4.62,10.69,0.0
20231118:2011,0.0,0.0,4.72,11.1,0.0
20231118:2111,0.0,0.0,4.79,11.1,0.0
20231118:2211,0.0,0.0,4.8,10.55,0.0
20231118:2311,0.0,0.0,4.82,10.97,0.0
20231119:0011,0.0,0.0,4.93,10.83,0.0
20231119:0111,0.0,0.0,4.91,10.83,0.0
20231119:0211,0.0,0.0,4.93,11.03,0.0
20231119:0311,0.0,0.0,4.86,10.9,0.0
20231119:0411,0.0,0.0,4.63,10.34,0.0
20231119:0511,0.0,0.0,4.55,9.93,0.0
20231119:0611,0.0,0.0,4.38,9.93,0.0
20231119:0711,0.0,0.0,4.08,9.86,0.0
20231119:0811,2.69,2.34,4.02,9.66,0.0
20231119:0911,71.97,7.06,4.13,9.66,0.0
20231119:1011,62.11,10.21,4.48,8.41,0.0
20231119:1111,26.01,11.54,4.83,7.86,0.0
20231119:1211,12.56,10.94,5.02,7.72,0.0
20231119:1311,11.66,8.46,5.26,7.66,0.0
20231119:1411,3.59,4.3,5.42,7.72,0.0
20231119:1511,0.0,0.0,5.29,7.66,0.0
20231119:1611,0.0,0.0,5.3,7.38,0.0
20231119:1711,0.0,0.0,5.35,7.38,0.0
20231119:1811,0.0,0.0,5.38,7.31,0.0
20231119:1911,0.0,0.0,5.3,7.03,0.0
20231119:2011,0.0,0.0,5.15,6.48,0.0
20231119:2111,0.0,0.0,5.0,6.21,0.0
20231119:2211,0.0,0.0,5.16,4.9,0.0
20231119:2311,0.0,0.0,5.23,5.17,0.0
20231120:0011,0.0,0.0,5.2,5.03,0.0
20231120:0111,0.0,0.0,5.19,4.76,0.0
20231120:0211,0.0,0.0,5.2,4.83,0.0
20231120:0311,0.0,0.0,5.06,5.24,0.0
20231120:0411,0.0,0.0,5.0,5.1,0.0
20231120:0511,0.0,0.0,4.71,4.76,0.0
20231120:0611,0.0,0.0,4.58,4.55,0.0
20231120:0711,0.0,0.0,4.58,4.0,0.0
20231120:0811,2.69,2.1,4.57,3.59,0.0
20231120:0911,20.63,6.82,4.72,3.45,0.0
20231120:1011,177.35,9.97,4.89,2.34,0.0
20231120:1111,239.1,11.31,5.28,2.34,0.0
20231120:1211,64.01,10.72,5.53,2.48,0.0
20231120:1311,114.17,8.25,5.66,2.07,0.0
20231120:1411,28.26,4.11,5.4,1.86,0.0
20231120:1511,0.0,0.0,4.51,1.72,0.0
20231120:1611,0.0,0.0,4.19,1.79,0.0
20231120:1711,0.0,0.0,4.41,2.0,0.0
20231120:1811,0.0,0.0,4.22,1.93,0.0
20231120:1911,0.0,0.0,4.3,1.66,0.0
20231120:2011,0.0,0.0,4.38,1.1,0.0
20231120:2111,0.0,0.0,4.53,0.69,0.0
20231120:2211,0.0,0.0,4.91,0.14,0.0
20231120:2311,0.0,0.0,4.98,0.55,0.0
20231121:0011,0.0,0.0,4.83,0.9,0.0
20231121:0111,0.0,0.0,4.7,1.66,0.0
20231121:0211,0.0,0.0,4.68,2.14,0.0
20231121:0311,0.0,0.0,4.68,2.48,0.0
20231121:0411,0.0,0.0,4.66,2.83,0.0
20231121:0511,0.0,0.0,4.52,3.03,0.0
20231121:0611,0.0,0.0,4.44,3.03,0.0
20231121:0711,0.0,0.0,4.36,3.38,0.0
20231121:0811,0.9,1.87,4.32,3.79,0.0
20231121:0911,13.45,6.59,4.34,4.14,0.0
20231121:1011,26.91,9.74,5.15,4.14,0.0
20231121:1111,38.57,11.08,5.41,4.21,0.0
20231121:1211,26.91,10.5,5.47,4.14,0.0
20231121:1311,25.12,8.05,5.25,4.07,0.0
20231121:1411,5.38,3.92,5.01,4.14,0.0
20231121:1511,0.0,0.0,4.52,4.69,0.0
20231121:1611,0.0,0.0,4.3,4.9,0.0
20231121:1711,0.0,0.0,4.19,5.03,0.0
20231121:1811,0.0,0.0,3.98,5.24,0.0
20231121:1911,0.0,0.0,3.89,5.59,0.0
20231121:2011,0.0,0.0,3.85,6.21,0.0
20231121:2111,0.0,0.0,3.81,6.41,0.0
20231121:2211,0.0,0.0,3.35,7.17,0.0
20231121:2311,0.0,0.0,3.8,7.66,0.0
20231122:0011,0.0,0.0,4.36,7.66,0.0
20231122:0111,0.0,0.0,4.86,7.59,0.0
20231122:0211,0.0,0.0,5.18,7.66,0.0
20231122:0311,0.0,0.0,5.15,7.24,0.0
20231122:0411,0.0,0.0,5.22,8.21,0.0
20231122:0511,0.0,0.0,5.43,8.21,0.0
20231122:0611,0.0,0.0,5.51,8.9,0.0
20231122:0711,0.0,0.0,5.75,9.24,0.0
20231122:0811,0.9,1.65,6.33,9.31,0.0
20231122:0911,8.97,6.36,7.44,10.07,0.0
20231122:1011,13.45,9.51,8.34,10.48,0.0
20231122:1111,14.35,10.86,8.76,9.72,0.0
20231122:1211,14.35,10.29,9.23,9.38,0.0
20231122:1311,8.97,7.85,9.7,8.83,0.0
20231122:1411,2.69,3.74,9.46,7.79,0.0
20231122:1511,0.0,0.0,9.03,6.97,0.0
20231122:1611,0.0,0.0,8.72,6.69,0.0
20231122:1711,0.0,0.0,8.55,6.83,0.0
20231122:1811,0.0,0.0,8.5,7.24,0.0
20231122:1911,0.0,0.0,8.4,7.66,0.0
20231122:2011,0.0,0.0,8.41,8.14,0.0
20231122:2111,0.0,0.0,8.41,8.34,0.0
20231122:2211,0.0,0.0,8.58,8.55,0.0
20231122:2311,0.0,0.0,8.45,9.66,0.0
20231123:0011,0.0,0.0,8.37,9.93,0.0
20231123:0111,0.0,0.0,8.45,9.79,0.0
20231123:0211,0.0,0.0,7.97,10.48,0.0
20231123:0311,0.0,0.0,7.87,9.86,0.0
20231123:0411,0.0,0.0,7.52,10.48,0.0
20231123:0511,0.0,0.0,7.37,10.41,0.0
20231123:0611,0.0,0.0,7.21,10.34,0.0
20231123:0711,0.0,0.0,6.84,10.97,0.0
20231123:0811,0.9,1.42,6.26,11.17,0.0
20231123:0911,6.28,6.14,5.91,11.1,0.0
20231123:1011,41.26,9.29,5.67,11.31,0.0
20231123:1111,11.66,10.64,5.6,12.34,0.0
20231123:1211,178.05,10.08,5.15,13.03,0.0
20231123:1311,83.85,7.66,5.26,12.07,0.0
20231123:1411,50.21,3.56,5.12,11.66,0.0
20231123:1511,0.0,0.0,4.7,11.59,0.0
20231123:1611,0.0,0.0,3.95,11.79,0.0
20231123:1711,0.0,0.0,3.88,11.24,0.0
20231123:1811,0.0,0.0,3.61,11.59,0.0
20231123:1911,0.0,0.0,2.86,11.79,0.0
20231123:2011,0.0,0.0,2.81,11.45,0.0
20231123:2111,0.0,0.0,2.68,10.97,0.0
20231123:2211,0.0,0.0,2.25,9.45,0.0
20231123:2311,0.0,0.0,2.84,9.59,0.0
20231124:0011,0.0,0.0,3.27,10.76,0.0
20231124:0111,0.0,0.0,3.22,10.97,0.0
20231124:0211,0.0,0.0,2.87,10.69,0.0
20231124:0311,0.0,0.0,2.85,9.86,0.0
20231124:0411,0.0,0.0,2.85,9.86,0.0
20231124:0511,0.0,0.0,2.95,9.86,0.0
20231124:0611,0.0,0.0,2.72,10.07,0.0
20231124:0711,0.0,0.0,3.13,9.31,0.0
20231124:0811,0.0,0.0,3.38,9.59,0.0
20231124:0911,125.59,5.92,3.98,10.83,0.0
20231124:1011,320.47,9.08,4.66,10.9,0.0
20231124:1111,473.87,10.44,4.81,9.45,0.0
20231124:1211,450.45,9.89,5.02,8.14,0.0
20231124:1311,284.78,7.47,5.0,7.93,0.0
20231124:1411,49.62,3.39,4.82,8.21,0.0
20231124:1511,0.0,0.0,4.35,8.14,0.0
20231124:1611,0.0,0.0,4.05,7.79,0.0
20231124:1711,0.0,0.0,4.43,6.9,0.0
20231124:1811,0.0,0.0,4.58,6.9,0.0
20231124:1911,0.0,0.0,4.35,6.69,0.0
20231124:2011,0.0,0.0,3.87,6.28,0.0
20231124:2111,0.0,0.0,4.15,6.55,0.0
20231124:2211,0.0,0.0,4.24,8.69,0.0
20231124:2311,0.0,0.0,4.67,8.55,0.0
20231125:0011,0.0,0.0,4.91,8.76,0.0
20231125:0111,0.0,0.0,4.7,8.14,0.0
20231125:0211,0.0,0.0,4.24,6.97,0.0
20231125:0311,0.0,0.0,3.62,5.66,0.0
20231125:0411,0.0,0.0,3.03,4.83,0.0
20231125:0511,0.0,0.0,2.75,4.28,0.0
20231125:0611,0.0,0.0,2.15,3.79,0.0
20231125:0711,0.0,0.0,1.67,3.03,0.0
20231125:0811,0.0,0.0,1.59,2.62,0.0
20231125:0911,203.45,5.71,1.71,2.41,0.0
20231125:1011,362.83,8.87,2.0,2.21,0.0
20231125:1111,455.69,10.23,3.15,2.41,0.0
20231125:1211,411.94,9.69,3.6,3.17,0.0
20231125:1311,254.39,7.3,3.77,3.52,0.0
20231125:1411,25.93,3.23,3.33,4.07,0.0
20231125:1511,0.0,0.0,2.44,3.86,0.0
20231125:1611,0.0,0.0,2.18,3.1,0.0
20231125:1711,0.0,0.0,1.76,2.55,0.0
20231125:1811,0.0,0.0,1.58,2.21,0.0
20231125:1911,0.0,0.0,1.45,2.14,0.0
20231125:2011,0.0,0.0,1.09,2.0,0.0
20231125:2111,0.0,0.0,0.85,1.86,0.0
20231125:2211,0.0,0.0,0.82,1.66,0.0
20231125:2311,0.0,0.0,0.86,1.59,0.0
20231126:0011,0.0,0.0,0.85,1.38,0.0
20231126:0111,0.0,0.0,1.07,1.17,0.0
20231126:0211,0.0,0.0,1.29,1.17,0.0
20231126:0311,0.0,0.0,1.53,1.1,0.0
20231126:0411,0.0,0.0,1.63,1.03,0.0
20231126:0511,0.0,0.0,1.72,1.17,0.0
20231126:0611,0.0,0.0,2.17,1.1,0.0
20231126:0711,0.0,0.0,2.23,0.97,0.0
20231126:0811,0.0,0.0,2.18,0.97,0.0
20231126:0911,13.45,5.5,2.61,1.1,0.0
20231126:1011,33.19,8.66,2.55,1.17,0.0
20231126:1111,30.5,10.04,2.97,1.52,0.0
20231126:1211,26.91,9.51,3.43,1.72,0.0
20231126:1311,23.32,7.12,3.59,1.79,0.0
20231126:1411,4.48,3.07,3.77,2.34,0.0
20231126:1511,0.0,0.0,3.79,3.03,0.0
20231126:1611,0.0,0.0,3.88,3.72,0.0
20231126:1711,0.0,0.0,4.02,4.69,0.0
20231126:1811,0.0,0.0,4.08,6.14,0.0
20231126:1911,0.0,0.0,3.84,7.66,0.0
20231126:2011,0.0,0.0,3.72,8.07,0.0
20231126:2111,0.0,0.0,3.71,8.07,0.0
20231126:2211,0.0,0.0,3.61,8.48,0.0
20231126:2311,0.0,0.0,3.75,8.41,0.0
20231127:0011,0.0,0.0,3.7,8.28,0.0
20231127:0111,0.0,0.0,3.45,8.0,0.0
20231127:0211,0.0,0.0,3.13,7.72,0.0
20231127:0311,0.0,0.0,2.75,6.97,0.0
20231127:0411,0.0,0.0,2.51,6.41,0.0
20231127:0511,0.0,0.0,2.2,6.14,0.0
20231127:0611,0.0,0.0,1.86,5.86,0.0
20231127:0711,0.0,0.0,1.56,5.86,0.0
20231127:0811,0.0,0.0,1.36,5.59,0.0
20231127:0911,59.93,5.3,1.38,5.24,0.0
20231127:1011,301.16,8.47,1.56,4.34,0.0
20231127:1111,431.05,9.85,1.59,4.07,0.0
20231127:1211,389.45,9.33,1.61,3.93,0.0
20231127:1311,232.85,6.96,1.55,3.59,0.0
20231127:1411,10.76,2.92,1.23,3.31,0.0
20231127:1511,0.0,0.0,0.72,3.24,0.0
20231127:1611,0.0,0.0,0.41,3.38,0.0
20231127:1711,0.0,0.0,0.03,3.38,0.0
20231127:1811,0.0,0.0,-0.07,3.45,0.0
20231127:1911,0.0,0.0,-0.2,3.38,0.0
20231127:2011,0.0,0.0,-0.24,3.45,0.0
20231127:2111,0.0,0.0,-0.35,3.31,0.0
20231127:2211,0.0,0.0,-0.33,2.62,0.0
20231127:2311,0.0,0.0,-0.42,2.97,0.0
20231128:0011,0.0,0.0,-0.45,3.86,0.0
20231128:0111,0.0,0.0,-0.57,4.83,0.0
20231128:0211,0.0,0.0,-0.93,5.59,0.0
20231128:0311,0.0,0.0,-1.44,6.07,0.0
20231128:0411,0.0,0.0,-1.93,6.62,0.0
20231128:0511,0.0,0.0,-2.56,6.76,0.0
20231128:0611,0.0,0.0,-2.96,6.76,0.0
20231128:0711,0.0,0.0,-3.14,6.55,0.0
20231128:0811,0.0,0.0,-3.34,6.48,0.0
20231128:0911,15.25,5.1,-3.21,6.07,0.0
20231128:1011,113.63,8.28,-3.27,5.1,0.0
20231128:1111,474.99,9.67,-2.82,4.83,0.0
20231128:1211,388.24,9.16,-2.57,4.21,0.0
20231128:1311,222.78,6.8,-2.39,3.17,0.0
20231128:1411,8.97,2.78,-2.75,2.21,0.0
20231128:1511,0.0,0.0,-3.42,2.34,0.0
20231128:1611,0.0,0.0,-3.36,2.62,0.0
20231128:1711,0.0,0.0,-3.34,2.21,0.0
20231128:1811,0.0,0.0,-3.36,2.0,0.0
20231128:1911,0.0,0.0,-3.2,2.62,0.0
20231128:2011,0.0,0.0,-3.04,2.41,0.0
20231128:2111,0.0,0.0,-2.98,2.28,0.0
20231128:2211,0.0,0.0,-2.9,3.17,0.0
20231128:2311,0.0,0.0,-2.89,2.0,0.0
20231129:0011,0.0,0.0,-2.84,2.0,0.0
20231129:0111,0.0,0.0,-2.9,1.59,0.0
20231129:0211,0.0,0.0,-2.8,1.59,0.0
20231129:0311,0.0,0.0,-2.74,1.93,0.0
20231129:0411,0.0,0.0,-2.9,2.48,0.0
20231129:0511,0.0,0.0,-2.57,2.9,0.0
20231129:0611,0.0,0.0,-2.37,3.24,0.0
20231129:0711,0.0,0.0,-2.03,3.45,0.0
20231129:0811,0.0,0.0,-1.67,3.72,0.0
20231129:0911,19.73,4.91,-0.91,3.45,0.0
20231129:1011,54.52,8.09,-0.3,3.52,0.0
20231129:1111,69.23,9.49,0.44,3.17,0.0
20231129:1211,364.33,9.0,0.85,2.83,0.0
20231129:1311,224.02,6.65,0.97,2.97,0.0
20231129:1411,8.07,2.64,0.89,3.03,0.0
20231129:1511,0.0,0.0,0.39,3.31,0.0
20231129:1611,0.0,0.0,0.09,3.59,0.0
20231129:1711,0.0,0.0,0.12,3.66,0.0
20231129:1811,0.0,0.0,0.15,3.52,0.0
20231129:1911,0.0,0.0,0.19,3.31,0.0
20231129:2011,0.0,0.0,-0.21,3.03,0.0
20231129:2111,0.0,0.0,-0.54,3.17,0.0
20231129:2211,0.0,0.0,0.22,3.86,0.0
20231129:2311,0.0,0.0,0.26,2.97,0.0
20231130:0011,0.0,0.0,0.26,2.55,0.0
20231130:0111,0.0,0.0,0.22,2.41,0.0
20231130:0211,0.0,0.0,0.22,2.41,0.0
20231130:0311,0.0,0.0,0.13,2.83,0.0
20231130:0411,0.0,0.0,0.02,3.17,0.0
20231130:0511,0.0,0.0,-0.2,3.38,0.0
20231130:0611,0.0,0.0,-0.32,3.38,0.0
20231130:0711,0.0,0.0,-0.48,3.1,0.0
20231130:0811,0.0,0.0,-0.75,2.97,0.0
20231130:0911,163.91,4.73,-0.83,2.9,0.0
20231130:1011,323.48,7.91,-0.72,3.17,0.0
20231130:1111,454.39,9.32,-0.05,2.62,0.0
20231130:1211,391.2,8.84,0.19,2.48,0.0
20231130:1311,269.81,6.51,0.11,2.41,0.0
20231130:1411,8.07,2.51,-0.45,2.62,0.0
20231130:1511,0.0,0.0,-1.15,2.69,0.0
20231130:1611,0.0,0.0,-1.4,2.34,0.0
20231130:1711,0.0,0.0,-1.57,2.07,0.0
20231130:1811,0.0,0.0,-1.84,2.0,0.0
20231130:1911,0.0,0.0,-1.84,2.0,0.0
20231130:2011,0.0,0.0,-2.12,2.0,0.0
20231130:2111,0.0,0.0,-2.36,2.07,0.0
20231130:2211,0.0,0.0,-2.01,2.21,0.0
20231130:2311,0.0,0.0,-2.1,2.21,0.0
20231201:0011,0.0,0.0,-2.36,2.28,0.0
20231201:0111,0.0,0.0,-2.54,2.34,0.0
20231201:0211,0.0,0.0,-2.48,2.34,0.0
20231201:0311,0.0,0.0,-2.64,2.14,0.0
20231201:0411,0.0,0.0,-2.81,1.86,0.0
20231201:0511,0.0,0.0,-2.89,1.66,0.0
20231201:0611,0.0,0.0,-3.32,1.38,0.0
20231201:0711,0.0,0.0,-3.28,1.31,0.0
20231201:0811,0.0,0.0,-3.37,1.45,0.0
20231201:0911,131.87,4.55,-3.31,1.66,0.0
20231201:1011,301.82,7.74,-2.5,2.14,0.0
20231201:1111,447.94,9.16,-1.54,1.86,0.0
20231201:1211,355.4,8.69,-1.06,1.52,0.0
20231201:1311,243.73,6.37,-1.16,1.52,0.0
20231201:1411,7.18,2.39,-1.99,1.59,0.0
20231201:1511,0.0,0.0,-2.64,1.52,0.0
20231201:1611,0.0,0.0,-3.02,1.03,0.0
20231201:1711,0.0,0.0,-3.03,1.1,0.0
20231201:1811,0.0,0.0,-3.08,1.52,0.0
20231201:1911,0.0,0.0,-3.27,1.45,0.0
20231201:2011,0.0,0.0,-3.03,1.38,0.0
20231201:2111,0.0,0.0,-3.18,1.45,0.0
20231201:2211,0.0,0.0,-3.44,2.14,0.0
20231201:2311,0.0,0.0,-3.21,1.52,0.0
20231202:0011,0.0,0.0,-3.32,1.72,0.0
20231202:0111,0.0,0.0,-3.31,1.72,0.0
20231202:0211,0.0,0.0,-3.31,1.52,0.0
20231202:0311,0.0,0.0,-3.33,1.38,0.0
20231202:0411,0.0,0.0,-3.13,1.45,0.0
20231202:0511,0.0,0.0,-2.94,1.59,0.0
20231202:0611,0.0,0.0,-2.49,1.59,0.0
20231202:0711,0.0,0.0,-2.26,1.59,0.0
20231202:0811,0.0,0.0,-2.07,1.72,0.0
20231202:0911,8.97,4.38,-1.66,1.79,0.0
20231202:1011,26.01,7.57,0.64,1.72,0.0
20231202:1111,33.19,9.0,1.14,2.07,0.0
20231202:1211,17.94,8.54,1.73,2.55,0.0
20231202:1311,17.04,6.24,1.98,2.28,0.0
20231202:1411,1.79,2.28,2.08,2.0,0.0
20231202:1511,0.0,0.0,1.65,2.0,0.0
20231202:1611,0.0,0.0,1.51,2.0,0.0
20231202:1711,0.0,0.0,1.31,2.07,0.0
20231202:1811,0.0,0.0,1.35,2.41,0.0
20231202:1911,0.0,0.0,1.11,2.83,0.0
20231202:2011,0.0,0.0,1.03,3.38,0.0
20231202:2111,0.0,0.0,1.04,4.21,0.0
20231202:2211,0.0,0.0,1.16,5.79,0.0
20231202:2311,0.0,0.0,0.87,6.41,0.0
20231203:0011,0.0,0.0,0.9,6.21,0.0
20231203:0111,0.0,0.0,0.84,6.21,0.0
20231203:0211,0.0,0.0,0.55,6.48,0.0
20231203:0311,0.0,0.0,0.53,6.62,0.0
20231203:0411,0.0,0.0,0.46,6.69,0.0
20231203:0511,0.0,0.0,0.5,6.48,0.0
20231203:0611,0.0,0.0,0.46,6.28,0.0
20231203:0711,0.0,0.0,0.38,6.07,0.0
20231203:0811,0.0,0.0,0.43,5.79,0.0
20231203:0911,4.48,4.22,0.54,5.59,0.0
20231203:1011,8.07,7.42,0.49,5.17,0.0
20231203:1111,18.84,8.85,0.81,4.97,0.0
20231203:1211,17.04,8.41,0.91,4.97,0.0
20231203:1311,17.04,6.12,1.0,4.9,0.0
20231203:1411,1.79,2.17,0.97,4.76,0.0
20231203:1511,0.0,0.0,0.84,4.83,0.0
20231203:1611,0.0,0.0,0.33,4.62,0.0
20231203:1711,0.0,0.0,0.26,4.41,0.0
20231203:1811,0.0,0.0,0.14,4.21,0.0
20231203:1911,0.0,0.0,-0.44,4.07,0.0
20231203:2011,0.0,0.0,-0.74,4.0,0.0
20231203:2111,0.0,0.0,-0.88,4.41,0.0
20231203:2211,0.0,0.0,-1.66,4.0,0.0
20231203:2311,0.0,0.0,-1.59,4.0,0.0
20231204:0011,0.0,0.0,-1.67,3.79,0.0
20231204:0111,0.0,0.0,-1.11,3.66,0.0
20231204:0211,0.0,0.0,-0.9,3.31,0.0
20231204:0311,0.0,0.0,-0.96,3.52,0.0
20231204:0411,0.0,0.0,-1.23,3.24,0.0
20231204:0511,0.0,0.0,-1.61,3.31,0.0
20231204:0611,0.0,0.0,-1.93,3.17,0.0
20231204:0711,0.0,0.0,-2.0,3.17,0.0
20231204:0811,0.0,0.0,-2.14,3.17,0.0
20231204:0911,70.44,4.06,-2.05,3.17,0.0
20231204:1011,226.87,7.26,-1.71,3.03,0.0
20231204:1111,317.36,8.71,-1.04,3.1,0.0
20231204:1211,270.28,8.28,-0.65,3.17,0.0
20231204:1311,202.09,6.01,-0.44,3.1,0.0
20231204:1411,1.79,2.07,-0.64,3.1,0.0
20231204:1511,0.0,0.0,-1.17,3.03,0.0
20231204:1611,0.0,0.0,-1.52,2.97,0.0
20231204:1711,0.0,0.0,-1.79,2.9,0.0
20231204:1811,0.0,0.0,-1.97,2.76,0.0
20231204:1911,0.0,0.0,-2.1,2.76,0.0
20231204:2011,0.0,0.0,-2.59,2.62,0.0
20231204:2111,0.0,0.0,-2.68,2.48,0.0
20231204:2211,0.0,0.0,-1.84,1.86,0.0
20231204:2311,0.0,0.0,-1.76,2.0,0.0
20231205:0011,0.0,0.0,-1.71,2.34,0.0
20231205:0111,0.0,0.0,-1.64,2.41,0.0
20231205:0211,0.0,0.0,-1.49,2.21,0.0
20231205:0311,0.0,0.0,-1.88,1.93,0.0
20231205:0411,0.0,0.0,-1.69,1.93,0.0
20231205:0511,0.0,0.0,-1.73,2.07,0.0
20231205:0611,0.0,0.0,-1.93,2.07,0.0
20231205:0711,0.0,0.0,-2.06,2.14,0.0
20231205:0811,0.0,0.0,-1.96,2.28,0.0
20231205:0911,79.69,3.9,-1.75,2.48,0.0
20231205:1011,145.03,7.12,-2.43,3.1,0.0
20231205:1111,118.08,8.57,-1.83,3.03,0.0
20231205:1211,97.33,8.16,-1.51,3.03,0.0
20231205:1311,145.87,5.9,-1.32,3.24,0.0
20231205:1411,5.38,1.98,-1.63,3.45,0.0
20231205:1511,0.0,0.0,-2.16,3.52,0.0
20231205:1611,0.0,0.0,-2.6,3.45,0.0
20231205:1711,0.0,0.0,-2.74,3.38,0.0
20231205:1811,0.0,0.0,-3.23,3.38,0.0
20231205:1911,0.0,0.0,-3.44,3.38,0.0
20231205:2011,0.0,0.0,-2.98,3.38,0.0
20231205:2111,0.0,0.0,-2.52,3.45,0.0
20231205:2211,0.0,0.0,-1.94,3.24,0.0
20231205:2311,0.0,0.0,-1.78,3.45,0.0
20231206:0011,0.0,0.0,-1.72,3.24,0.0
20231206:0111,0.0,0.0,-1.73,3.17,0.0
20231206:0211,0.0,0.0,-1.63,3.17,0.0
20231206:0311,0.0,0.0,-1.6,3.1,0.0
20231206:0411,0.0,0.0,-1.54,3.1,0.0
20231206:0511,0.0,0.0,-1.33,3.03,0.0
20231206:0611,0.0,0.0,-1.1,3.1,0.0
20231206:0711,0.0,0.0,-0.86,3.1,0.0
20231206:0811,0.0,0.0,-0.53,2.97,0.0
20231206:0911,12.56,3.76,-0.1,3.03,0.0
20231206:1011,25.12,6.98,-0.09,3.38,0.0
20231206:1111,48.4,8.44,0.06,3.24,0.0
20231206:1211,23.32,8.04,0.41,3.03,0.0
20231206:1311,7.18,5.8,0.63,2.9,0.0
20231206:1411,0.9,1.89,0.27,2.9,0.0
20231206:1511,0.0,0.0,0.0,2.9,0.0
20231206:1611,0.0,0.0,-0.05,3.1,0.0
20231206:1711,0.0,0.0,-0.3,3.45,0.0
20231206:1811,0.0,0.0,-0.29,3.72,0.0
20231206:1911,0.0,0.0,-0.55,3.86,0.0
20231206:2011,0.0,0.0,-0.81,3.86,0.0
20231206:2111,0.0,0.0,-1.26,3.86,0.0
20231206:2211,0.0,0.0,-1.27,3.72,0.0
20231206:2311,0.0,0.0,-1.2,3.79,0.0
20231207:0011,0.0,0.0,-1.22,3.72,0.0
20231207:0111,0.0,0.0,-1.28,3.66,0.0
20231207:0211,0.0,0.0,-1.51,3.72,0.0
20231207:0311,0.0,0.0,-1.63,3.79,0.0
20231207:0411,0.0,0.0,-1.86,4.0,0.0
20231207:0511,0.0,0.0,-1.87,4.14,0.0
20231207:0611,0.0,0.0,-2.04,4.21,0.0
20231207:0711,0.0,0.0,-2.13,4.21,0.0
20231207:0811,0.0,0.0,-2.19,4.07,0.0
20231207:0911,60.61,3.62,-2.02,4.07,0.0
20231207:1011,226.33,6.85,-2.1,4.21,0.0
20231207:1111,323.07,8.32,-1.52,4.34,0.0
20231207:1211,282.52,7.93,-0.9,4.07,0.0
20231207:1311,20.63,5.71,-0.63,4.34,0.0
20231207:1411,0.9,1.81,-0.83,4.9,0.0
20231207:1511,0.0,0.0,-1.1,5.1,0.0
20231207:1611,0.0,0.0,-1.09,5.24,0.0
20231207:1711,0.0,0.0,-0.93,5.59,0.0
20231207:1811,0.0,0.0,-0.83,6.0,0.0
20231207:1911,0.0,0.0,-0.52,6.41,0.0
20231207:2011,0.0,0.0,-0.36,6.97,0.0
20231207:2111,0.0,0.0,-0.13,7.1,0.0
20231207:2211,0.0,0.0,0.15,6.48,0.0
20231207:2311,0.0,0.0,0.13,6.76,0.0
20231208:0011,0.0,0.0,0.34,7.52,0.0
20231208:0111,0.0,0.0,0.38,7.79,0.0
20231208:0211,0.0,0.0,0.55,8.07,0.0
20231208:0311,0.0,0.0,0.77,8.34,0.0
20231208:0411,0.0,0.0,0.87,8.21,0.0
20231208:0511,0.0,0.0,1.04,7.59,0.0
20231208:0611,0.0,0.0,1.15,7.17,0.0
20231208:0711,0.0,0.0,1.23,7.45,0.0
20231208:0811,0.0,0.0,1.23,7.79,0.0
20231208:0911,5.38,3.48,1.39,8.07,0.0
20231208:1011,13.45,6.72,1.44,6.83,0.0
20231208:1111,11.66,8.21,1.71,6.9,0.0
20231208:1211,9.87,7.83,1.94,7.1,0.0
20231208:1311,5.38,5.62,2.03,7.52,0.0
20231208:1411,0.9,1.74,2.02,7.72,0.0
20231208:1511,0.0,0.0,1.94,7.24,0.0
20231208:1611,0.0,0.0,1.99,7.03,0.0
20231208:1711,0.0,0.0,1.9,7.1,0.0
20231208:1811,0.0,0.0,1.84,7.17,0.0
20231208:1911,0.0,0.0,1.81,7.17,0.0
20231208:2011,0.0,0.0,1.89,7.1,0.0
20231208:2111,0.0,0.0,2.21,6.83,0.0
20231208:2211,0.0,0.0,2.54,6.21,0.0
20231208:2311,0.0,0.0,2.74,6.28,0.0
20231209:0011,0.0,0.0,2.84,6.07,0.0
20231209:0111,0.0,0.0,2.94,5.93,0.0
20231209:0211,0.0,0.0,3.08,5.93,0.0
20231209:0311,0.0,0.0,3.14,5.86,0.0
20231209:0411,0.0,0.0,3.12,5.93,0.0
20231209:0511,0.0,0.0,3.18,6.07,0.0
20231209:0611,0.0,0.0,3.25,6.28,0.0
20231209:0711,0.0,0.0,3.35,7.03,0.0
20231209:0811,0.0,0.0,3.56,7.17,0.0
20231209:0911,3.59,3.36,3.67,7.45,0.0
20231209:1011,9.87,6.6,4.21,7.17,0.0
20231209:1111,25.12,8.1,4.4,7.79,0.0
20231209:1211,11.66,7.74,4.59,8.34,0.0
20231209:1311,14.35,5.54,4.86,8.34,0.0
20231209:1411,0.9,1.68,4.81,8.62,0.0
20231209:1511,0.0,0.0,4.92,9.03,0.0
20231209:1611,0.0,0.0,4.87,9.31,0.0
20231209:1711,0.0,0.0,4.98,9.03,0.0
20231209:1811,0.0,0.0,4.93,8.83,0.0
20231209:1911,0.0,0.0,4.79,8.62,0.0
20231209:2011,0.0,0.0,4.67,8.28,0.0
20231209:2111,0.0,0.0,4.7,8.0,0.0
20231209:2211,0.0,0.0,4.89,6.83,0.0
20231209:2311,0.0,0.0,4.92,6.76,0.0
20231210:0011,0.0,0.0,4.92,6.76,0.0
20231210:0111,0.0,0.0,4.95,6.76,0.0
20231210:0211,0.0,0.0,4.95,6.76,0.0
20231210:0311,0.0,0.0,4.77,6.62,0.0
20231210:0411,0.0,0.0,4.72,6.07,0.0
20231210:0511,0.0,0.0,4.66,5.45,0.0
20231210:0611,0.0,0.0,4.67,5.03,0.0
20231210:0711,0.0,0.0,4.73,4.69,0.0
20231210:0811,0.0,0.0,4.75,4.34,0.0
20231210:0911,3.59,3.24,4.81,4.14,0.0
20231210:1011,26.91,6.49,4.72,3.03,0.0
20231210:1111,52.53,8.0,4.82,3.66,0.0
20231210:1211,33.19,7.66,4.75,4.34,0.0
20231210:1311,64.68,5.47,4.65,4.97,0.0
20231210:1411,0.9,1.62,4.43,5.38,0.0
20231210:1511,0.0,0.0,4.12,5.79,0.0
20231210:1611,0.0,0.0,4.11,6.21,0.0
20231210:1711,0.0,0.0,4.0,6.14,0.0
20231210:1811,0.0,0.0,3.9,5.72,0.0
20231210:1911,0.0,0.0,3.81,5.66,0.0
20231210:2011,0.0,0.0,3.66,5.86,0.0
20231210:2111,0.0,0.0,3.68,6.0,0.0
20231210:2211,0.0,0.0,3.91,5.31,0.0
20231210:2311,0.0,0.0,3.93,5.59,0.0
20231211:0011,0.0,0.0,3.86,5.72,0.0
20231211:0111,0.0,0.0,3.8,5.66,0.0
20231211:0211,0.0,0.0,3.8,5.31,0.0
20231211:0311,0.0,0.0,3.62,4.9,0.0
20231211:0411,0.0,0.0,3.53,4.55,0.0
20231211:0511,0.0,0.0,3.44,4.41,0.0
20231211:0611,0.0,0.0,3.33,4.28,0.0
20231211:0711,0.0,0.0,3.39,4.34,0.0
20231211:0811,0.0,0.0,3.57,4.21,0.0
20231211:0911,9.87,3.12,3.44,3.93,0.0
20231211:1011,8.07,6.39,3.71,2.34,0.0
20231211:1111,20.63,7.91,3.88,2.41,0.0
20231211:1211,31.39,7.58,3.84,2.34,0.0
20231211:1311,8.97,5.41,3.8,2.07,0.0
20231211:1411,0.9,1.57,3.39,1.93,0.0
20231211:1511,0.0,0.0,3.15,2.0,0.0
20231211:1611,0.0,0.0,3.05,2.07,0.0
20231211:1711,0.0,0.0,2.99,1.86,0.0
20231211:1811,0.0,0.0,2.81,1.72,0.0
20231211:1911,0.0,0.0,2.73,1.31,0.0
20231211:2011,0.0,0.0,2.91,1.1,0.0
20231211:2111,0.0,0.0,2.96,1.38,0.0
20231211:2211,0.0,0.0,2.85,1.79,0.0
20231211:2311,0.0,0.0,2.86,1.86,0.0
20231212:0011,0.0,0.0,2.76,2.07,0.0
20231212:0111,0.0,0.0,2.72,2.34,0.0
20231212:0211,0.0,0.0,2.63,2.69,0.0
20231212:0311,0.0,0.0,2.66,2.76,0.0
20231212:0411,0.0,0.0,2.59,2.9,0.0
20231212:0511,0.0,0.0,2.51,3.03,0.0
20231212:0611,0.0,0.0,2.29,3.1,0.0
20231212:0711,0.0,0.0,2.17,3.31,0.0
20231212:0811,0.0,0.0,2.22,3.72,0.0
20231212:0911,2.69,3.02,2.12,4.28,0.0
20231212:1011,10.76,6.29,2.86,3.86,0.0
20231212:1111,14.35,7.83,2.91,4.21,0.0
20231212:1211,14.35,7.51,2.94,4.55,0.0
20231212:1311,7.18,5.35,2.84,4.62,0.0
20231212:1411,0.9,1.53,2.49,4.76,0.0
20231212:1511,0.0,0.0,2.09,4.9,0.0
20231212:1611,0.0,0.0,1.97,4.83,0.0
20231212:1711,0.0,0.0,1.83,4.62,0.0
20231212:1811,0.0,0.0,1.51,4.83,0.0
20231212:1911,0.0,0.0,1.35,4.9,0.0
20231212:2011,0.0,0.0,1.16,4.76,0.0
20231212:2111,0.0,0.0,1.01,4.55,0.0
20231212:2211,0.0,0.0,0.57,3.31,0.0
20231212:2311,0.0,0.0,0.39,3.1,0.0
20231213:0011,0.0,0.0,0.36,3.03,0.0
20231213:0111,0.0,0.0,0.37,2.69,0.0
20231213:0211,0.0,0.0,0.09,2.21,0.0
20231213:0311,0.0,0.0,-0.12,2.0,0.0
20231213:0411,0.0,0.0,-0.09,1.79,0.0
20231213:0511,0.0,0.0,0.0,1.79,0.0
20231213:0611,0.0,0.0,0.2,1.52,0.0
20231213:0711,0.0,0.0,0.25,1.45,0.0
20231213:0811,0.0,0.0,0.15,1.31,0.0
20231213:0911,11.66,2.92,0.04,1.17,0.0
20231213:1011,255.94,6.2,0.64,2.0,0.0
20231213:1111,320.95,7.75,0.81,1.93,0.0
20231213:1211,354.19,7.45,0.87,1.52,0.0
20231213:1311,166.7,5.31,0.82,1.52,0.0
20231213:1411,0.9,1.5,0.41,1.59,0.0
20231213:1511,0.0,0.0,-0.1,1.45,0.0
20231213:1611,0.0,0.0,-0.13,1.66,0.0
20231213:1711,0.0,0.0,-0.18,1.86,0.0
20231213:1811,0.0,0.0,-0.31,2.14,0.0
20231213:1911,0.0,0.0,-0.59,2.55,0.0
20231213:2011,0.0,0.0,-0.73,2.48,0.0
20231213:2111,0.0,0.0,-0.56,2.69,0.0
20231213:2211,0.0,0.0,-0.89,3.31,0.0
20231213:2311,0.0,0.0,-1.01,3.59,0.0
20231214:0011,0.0,0.0,-0.95,3.1,0.0
20231214:0111,0.0,0.0,-0.99,3.31,0.0
20231214:0211,0.0,0.0,-1.06,3.86,0.0
20231214:0311,0.0,0.0,-0.92,4.21,0.0
20231214:0411,0.0,0.0,-0.74,4.41,0.0
20231214:0511,0.0,0.0,-0.68,4.83,0.0
20231214:0611,0.0,0.0,-0.65,5.24,0.0
20231214:0711,0.0,0.0,-0.75,5.38,0.0
20231214:0811,0.0,0.0,-0.76,6.07,0.0
20231214:0911,1.79,2.82,-0.19,6.55,0.0
20231214:1011,17.04,6.12,0.66,6.97,0.0
20231214:1111,17.04,7.68,1.06,7.59,0.0
20231214:1211,17.04,7.39,1.21,8.0,0.0
20231214:1311,5.38,5.27,1.3,8.0,0.0
20231214:1411,0.9,1.47,1.52,8.07,0.0
20231214:1511,0.0,0.0,1.96,8.07,0.0
20231214:1611,0.0,0.0,2.49,8.0,0.0
20231214:1711,0.0,0.0,2.87,7.66,0.0
20231214:1811,0.0,0.0,3.0,7.31,0.0
20231214:1911,0.0,0.0,3.25,6.9,0.0
20231214:2011,0.0,0.0,3.72,5.79,0.0
20231214:2111,0.0,0.0,4.21,4.9,0.0
20231214:2211,0.0,0.0,4.24,3.93,0.0
20231214:2311,0.0,0.0,4.34,3.17,0.0
20231215:0011,0.0,0.0,4.79,2.83,0.0
20231215:0111,0.0,0.0,5.35,3.1,0.0
20231215:0211,0.0,0.0,5.68,2.97,0.0
20231215:0311,0.0,0.0,5.91,3.1,0.0
20231215:0411,0.0,0.0,6.05,3.45,0.0
20231215:0511,0.0,0.0,6.5,3.86,0.0
20231215:0611,0.0,0.0,6.6,4.34,0.0
20231215:0711,0.0,0.0,6.52,4.55,0.0
20231215:0811,0.0,0.0,6.54,4.28,0.0
20231215:0911,3.59,2.74,6.65,4.21,0.0
20231215:1011,25.12,6.05,6.42,4.07,0.0
20231215:1111,10.76,7.62,6.76,4.34,0.0
20231215:1211,8.97,7.34,6.82,4.97,0.0
20231215:1311,18.84,5.23,7.09,4.62,0.0
20231215:1411,0.9,1.45,7.11,3.93,0.0
20231215:1511,0.0,0.0,7.13,3.59,0.0
20231215:1611,0.0,0.0,7.09,3.1,0.0
20231215:1711,0.0,0.0,6.94,3.31,0.0
20231215:1811,0.0,0.0,6.97,3.38,0.0
20231215:1911,0.0,0.0,7.0,3.79,0.0
20231215:2011,0.0,0.0,6.87,4.14,0.0
20231215:2111,0.0,0.0,6.7,4.83,0.0
20231215:2211,0.0,0.0,6.97,6.07,0.0
20231215:2311,0.0,0.0,7.19,6.07,0.0
20231216:0011,0.0,0.0,7.43,6.28,0.0
20231216:0111,0.0,0.0,7.8,6.28,0.0
20231216:0211,0.0,0.0,8.08,6.07,0.0
20231216:0311,0.0,0.0,8.22,6.07,0.0
20231216:0411,0.0,0.0,8.29,5.72,0.0
20231216:0511,0.0,0.0,8.33,5.72,0.0
20231216:0611,0.0,0.0,8.36,6.21,0.0
20231216:0711,0.0,0.0,8.26,6.14,0.0
20231216:0811,0.0,0.0,8.21,6.28,0.0
20231216:0911,6.28,2.66,8.25,6.55,0.0
20231216:1011,12.56,5.98,8.5,6.83,0.0
20231216:1111,8.07,7.57,8.58,7.31,0.0
20231216:1211,7.18,7.3,8.77,7.86,0.0
20231216:1311,4.48,5.21,8.86,8.34,0.0
20231216:1411,0.83,1.44,9.08,8.97,0.0
20231216:1511,0.0,0.0,9.52,9.38,0.0
20231216:1611,0.0,0.0,9.72,10.07,0.0
20231216:1711,0.0,0.0,9.95,10.41,0.0
20231216:1811,0.0,0.0,9.79,8.9,0.0
20231216:1911,0.0,0.0,8.98,6.41,0.0
20231216:2011,0.0,0.0,8.45,4.55,0.0
20231216:2111,0.0,0.0,7.61,2.97,0.0
20231216:2211,0.0,0.0,7.27,1.86,0.0
20231216:2311,0.0,0.0,7.13,2.62,0.0
20231217:0011,0.0,0.0,7.15,2.97,0.0
20231217:0111,0.0,0.0,7.18,3.1,0.0
20231217:0211,0.0,0.0,7.23,3.31,0.0
20231217:0311,0.0,0.0,7.26,4.07,0.0
20231217:0411,0.0,0.0,7.64,4.97,0.0
20231217:0511,0.0,0.0,8.11,6.21,0.0
20231217:0611,0.0,0.0,8.41,7.31,0.0
20231217:0711,0.0,0.0,8.43,7.17,0.0
20231217:0811,0.0,0.0,8.31,7.31,0.0
20231217:0911,1.79,2.59,8.4,7.24,0.0
20231217:1011,5.38,5.92,8.34,7.38,0.0
20231217:1111,28.7,7.52,8.28,6.69,0.0
20231217:1211,28.7,7.27,8.36,6.83,0.0
20231217:1311,5.38,5.19,8.6,6.55,0.0
20231217:1411,0.0,0.0,8.68,5.72,0.0
20231217:1511,0.0,0.0,8.75,4.83,0.0
20231217:1611,0.0,0.0,8.8,4.55,0.0
20231217:1711,0.0,0.0,8.71,4.48,0.0
20231217:1811,0.0,0.0,8.49,4.0,0.0
20231217:1911,0.0,0.0,8.45,3.72,0.0
20231217:2011,0.0,0.0,8.35,3.86,0.0
20231217:2111,0.0,0.0,8.27,3.59,0.0
20231217:2211,0.0,0.0,8.09,2.9,0.0
20231217:2311,0.0,0.0,8.04,3.17,0.0
20231218:0011,0.0,0.0,7.96,4.14,0.0
20231218:0111,0.0,0.0,7.94,3.79,0.0
20231218:0211,0.0,0.0,7.66,3.45,0.0
20231218:0311,0.0,0.0,7.22,3.93,0.0
20231218:0411,0.0,0.0,6.65,4.07,0.0
20231218:0511,0.0,0.0,6.48,3.03,0.0
20231218:0611,0.0,0.0,6.4,2.48,0.0
20231218:0711,0.0,0.0,6.35,2.21,0.0
20231218:0811,0.0,0.0,6.27,1.52,0.0
20231218:0911,3.59,2.53,6.1,1.79,0.0
20231218:1011,8.97,5.87,6.5,3.24,0.0
20231218:1111,14.35,7.48,6.77,3.52,0.0
20231218:1211,7.18,7.25,6.83,4.0,0.0
20231218:1311,6.28,5.18,6.86,4.69,0.0
20231218:1411,0.0,0.0,6.8,5.1,0.0
20231218:1511,0.0,0.0,6.88,5.31,0.0
20231218:1611,0.0,0.0,7.27,6.07,0.0
20231218:1711,0.0,0.0,7.56,6.48,0.0
20231218:1811,0.0,0.0,7.86,6.69,0.0
20231218:1911,0.0,0.0,8.18,6.9,0.0
20231218:2011,0.0,0.0,8.1,6.76,0.0
20231218:2111,0.0,0.0,7.81,6.9,0.0
20231218:2211,0.0,0.0,8.01,8.48,0.0
20231218:2311,0.0,0.0,7.49,8.69,0.0
20231219:0011,0.0,0.0,6.91,7.03,0.0
20231219:0111,0.0,0.0,6.51,6.83,0.0
20231219:0211,0.0,0.0,6.28,6.9,0.0
20231219:0311,0.0,0.0,6.26,5.93,0.0
20231219:0411,0.0,0.0,6.18,5.52,0.0
20231219:0511,0.0,0.0,6.27,5.79,0.0
20231219:0611,0.0,0.0,6.1,5.79,0.0
20231219:0711,0.0,0.0,6.0,5.59,0.0
20231219:0811,0.0,0.0,5.91,6.41,0.0
20231219:0911,1.79,2.47,5.64,7.1,0.0
20231219:1011,5.38,5.82,5.25,6.62,0.0
20231219:1111,17.94,7.45,5.42,7.52,0.0
20231219:1211,86.73,7.23,5.33,7.59,0.0
20231219:1311,21.53,5.18,5.51,7.24,0.0
20231219:1411,0.9,1.45,5.56,6.69,0.0
20231219:1511,0.0,0.0,5.48,6.07,0.0
20231219:1611,0.0,0.0,5.29,5.66,0.0
20231219:1711,0.0,0.0,5.47,5.38,0.0
20231219:1811,0.0,0.0,5.68,6.34,0.0
20231219:1911,0.0,0.0,5.93,6.62,0.0
20231219:2011,0.0,0.0,5.73,6.9,0.0
20231219:2111,0.0,0.0,5.54,6.9,0.0
20231219:2211,0.0,0.0,5.36,6.9,0.0
20231219:2311,0.0,0.0,5.39,7.38,0.0
20231220:0011,0.0,0.0,5.69,8.21,0.0
20231220:0111,0.0,0.0,5.24,8.62,0.0
20231220:0211,0.0,0.0,4.92,7.93,0.0
20231220:0311,0.0,0.0,4.26,7.59,0.0
20231220:0411,0.0,0.0,3.92,7.17,0.0
20231220:0511,0.0,0.0,3.54,6.07,0.0
20231220:0611,0.0,0.0,3.24,5.79,0.0
20231220:0711,0.0,0.0,3.03,5.59,0.0
20231220:0811,0.0,0.0,3.02,6.14,0.0
20231220:0911,7.18,2.42,3.24,6.62,0.0
20231220:1011,5.38,5.78,3.98,4.76,0.0
20231220:1111,7.18,7.43,4.35,6.62,0.0
20231220:1211,126.44,7.22,4.4,6.97,0.0
20231220:1311,111.72,5.18,4.18,7.1,0.0
20231220:1411,0.9,1.47,4.19,7.17,0.0
20231220:1511,0.0,0.0,4.23,7.03,0.0
20231220:1611,0.0,0.0,4.54,6.62,0.0
20231220:1711,0.0,0.0,4.5,6.9,0.0
20231220:1811,0.0,0.0,4.3,6.0,0.0
20231220:1911,0.0,0.0,3.86,5.38,0.0
20231220:2011,0.0,0.0,3.6,4.28,0.0
20231220:2111,0.0,0.0,3.29,3.03,0.0
20231220:2211,0.0,0.0,3.46,1.79,0.0
20231220:2311,0.0,0.0,3.79,3.45,0.0
20231221:0011,0.0,0.0,3.8,5.31,0.0
20231221:0111,0.0,0.0,3.52,7.66,0.0
20231221:0211,0.0,0.0,2.69,9.31,0.0
20231221:0311,0.0,0.0,3.28,7.24,0.0
20231221:0411,0.0,0.0,4.72,5.31,0.0
20231221:0511,0.0,0.0,5.29,6.0,0.0
20231221:0611,0.0,0.0,5.52,6.14,0.0
20231221:0711,0.0,0.0,5.8,7.72,0.0
20231221:0811,0.0,0.0,5.57,8.83,0.0
20231221:0911,7.18,2.38,5.69,10.21,0.0
20231221:1011,62.65,5.76,5.85,11.03,0.0
20231221:1111,7.18,7.41,5.21,10.34,0.0
20231221:1211,7.18,7.22,5.27,7.38,0.0
20231221:1311,5.38,5.2,4.87,7.31,0.0
20231221:1411,0.9,1.49,4.27,9.31,0.0
20231221:1511,0.0,0.0,4.08,13.31,0.0
20231221:1611,0.0,0.0,4.23,16.0,0.0
20231221:1711,0.0,0.0,4.11,15.38,0.0
20231221:1811,0.0,0.0,3.56,14.62,0.0
20231221:1911,0.0,0.0,3.44,13.31,0.0
20231221:2011,0.0,0.0,2.9,12.34,0.0
20231221:2111,0.0,0.0,3.06,11.59,0.0
20231221:2211,0.0,0.0,2.47,11.24,0.0
20231221:2311,0.0,0.0,2.45,9.86,0.0
20231222:0011,0.0,0.0,2.11,10.41,0.0
20231222:0111,0.0,0.0,2.23,11.52,0.0
20231222:0211,0.0,0.0,2.52,11.72,0.0
20231222:0311,0.0,0.0,2.41,10.9,0.0
20231222:0411,0.0,0.0,2.32,10.14,0.0
20231222:0511,0.0,0.0,2.3,10.0,0.0
20231222:0611,0.0,0.0,2.04,9.66,0.0
20231222:0711,0.0,0.0,1.77,8.83,0.0
20231222:0811,0.0,0.0,1.19,7.66,0.0
20231222:0911,24.52,2.34,0.42,6.69,0.0
20231222:1011,219.41,5.73,1.65,4.83,0.0
20231222:1111,31.39,7.4,1.84,3.86,0.0
20231222:1211,294.85,7.23,1.78,4.21,0.0
20231222:1311,186.4,5.22,1.62,4.97,0.0
20231222:1411,0.9,1.53,0.84,5.17,0.0
20231222:1511,0.0,0.0,0.26,5.1,0.0
20231222:1611,0.0,0.0,0.22,4.48,0.0
20231222:1711,0.0,0.0,0.29,4.9,0.0
20231222:1811,0.0,0.0,0.69,5.59,0.0
20231222:1911,0.0,0.0,0.98,4.9,0.0
20231222:2011,0.0,0.0,1.69,4.34,0.0
20231222:2111,0.0,0.0,1.85,5.38,0.0
20231222:2211,0.0,0.0,1.12,6.34,0.0
20231222:2311,0.0,0.0,1.64,7.38,0.0
20231223:0011,0.0,0.0,2.05,6.76,0.0
20231223:0111,0.0,0.0,2.33,7.31,0.0
20231223:0211,0.0,0.0,2.46,7.72,0.0
20231223:0311,0.0,0.0,2.33,7.1,0.0
20231223:0411,0.0,0.0,2.55,6.28,0.0
20231223:0511,0.0,0.0,2.44,5.79,0.0
20231223:0611,0.0,0.0,2.58,4.97,0.0
20231223:0711,0.0,0.0,2.49,3.86,0.0
20231223:0811,0.0,0.0,1.74,3.72,0.0
20231223:0911,1.79,2.32,0.99,3.93,0.0
20231223:1011,34.0,5.72,1.09,3.45,0.0
20231223:1111,41.91,7.4,1.44,2.07,0.0
20231223:1211,133.69,7.24,1.45,1.59,0.0
20231223:1311,83.54,5.25,0.42,1.38,0.0
20231223:1411,0.9,1.57,0.47,1.86,0.0
20231223:1511,0.0,0.0,-0.68,1.93,0.0
20231223:1611,0.0,0.0,-0.98,2.14,0.0
20231223:1711,0.0,0.0,-1.29,2.21,0.0
20231223:1811,0.0,0.0,-1.47,1.79,0.0
20231223:1911,0.0,0.0,-1.37,1.66,0.0
20231223:2011,0.0,0.0,-1.33,1.31,0.0
20231223:2111,0.0,0.0,-1.27,1.24,0.0
20231223:2211,0.0,0.0,-1.69,2.28,0.0
20231223:2311,0.0,0.0,-1.38,2.55,0.0
20231224:0011,0.0,0.0,-0.92,2.55,0.0
20231224:0111,0.0,0.0,-0.14,3.38,0.0
20231224:0211,0.0,0.0,0.4,4.62,0.0
20231224:0311,0.0,0.0,0.68,5.38,0.0
20231224:0411,0.0,0.0,0.75,6.28,0.0
20231224:0511,0.0,0.0,1.16,7.66,0.0
20231224:0611,0.0,0.0,1.84,8.83,0.0
20231224:0711,0.0,0.0,2.45,9.52,0.0
20231224:0811,0.0,0.0,3.06,9.93,0.0
20231224:0911,7.18,2.3,3.49,9.93,0.0
20231224:1011,18.84,5.71,3.16,9.03,0.0
20231224:1111,146.01,7.41,3.6,8.41,0.0
20231224:1211,7.18,7.26,3.96,7.1,0.0
20231224:1311,10.76,5.28,4.39,5.45,0.0
20231224:1411,0.9,1.62,5.23,4.34,0.0
20231224:1511,0.0,0.0,6.02,5.45,0.0
20231224:1611,0.0,0.0,6.12,7.24,0.0
20231224:1711,0.0,0.0,6.53,7.31,0.0
20231224:1811,0.0,0.0,6.68,7.03,0.0
20231224:1911,0.0,0.0,6.64,7.66,0.0
20231224:2011,0.0,0.0,6.83,8.83,0.0
20231224:2111,0.0,0.0,6.87,9.03,0.0
20231224:2211,0.0,0.0,6.35,8.62,0.0
20231224:2311,0.0,0.0,5.89,11.17,0.0
20231225:0011,0.0,0.0,6.04,8.76,0.0
20231225:0111,0.0,0.0,6.3,6.21,0.0
20231225:0211,0.0,0.0,6.49,6.0,0.0
20231225:0311,0.0,0.0,6.2,10.07,0.0
20231225:0411,0.0,0.0,5.65,12.34,0.0
20231225:0511,0.0,0.0,5.32,11.72,0.0
20231225:0611,0.0,0.0,5.01,11.24,0.0
20231225:0711,0.0,0.0,4.71,10.55,0.0
20231225:0811,0.0,0.0,4.33,9.24,0.0
20231225:0911,8.07,2.28,4.42,8.41,0.0
20231225:1011,124.45,5.71,4.38,6.76,0.0
20231225:1111,11.66,7.43,4.79,6.55,0.0
20231225:1211,23.32,7.29,4.7,6.34,0.0
20231225:1311,4.48,5.33,4.74,6.28,0.0
20231225:1411,0.9,1.67,4.32,5.59,0.0
20231225:1511,0.0,0.0,4.13,4.69,0.0
20231225:1611,0.0,0.0,4.0,3.86,0.0
20231225:1711,0.0,0.0,3.54,3.45,0.0
20231225:1811,0.0,0.0,3.5,3.31,0.0
20231225:1911,0.0,0.0,3.41,3.03,0.0
20231225:2011,0.0,0.0,3.2,2.62,0.0
20231225:2111,0.0,0.0,3.28,1.79,0.0
20231225:2211,0.0,0.0,2.98,0.76,0.0
20231225:2311,0.0,0.0,3.25,0.14,0.0
20231226:0011,0.0,0.0,2.65,0.14,0.0
20231226:0111,0.0,0.0,2.34,1.17,0.0
20231226:0211,0.0,0.0,2.11,1.72,0.0
20231226:0311,0.0,0.0,1.76,1.66,0.0
20231226:0411,0.0,0.0,1.96,1.24,0.0
20231226:0511,0.0,0.0,2.75,0.48,0.0
20231226:0611,0.0,0.0,2.69,1.1,0.0
20231226:0711,0.0,0.0,2.55,1.79,0.0
20231226:0811,0.0,0.0,2.93,2.34,0.0
20231226:0911,1.79,2.28,3.05,3.24,0.0
20231226:1011,17.04,5.72,3.02,4.07,0.0
20231226:1111,7.18,7.45,2.94,5.45,0.0
20231226:1211,338.05,7.33,3.54,6.07,0.0
20231226:1311,6.28,5.38,3.38,6.07,0.0
20231226:1411,0.9,1.73,3.55,6.48,0.0
20231226:1511,0.0,0.0,3.82,7.45,0.0
20231226:1611,0.0,0.0,4.0,7.17,0.0
20231226:1711,0.0,0.0,3.94,7.31,0.0
20231226:1811,0.0,0.0,3.86,7.66,0.0
20231226:1911,0.0,0.0,3.96,7.45,0.0
20231226:2011,0.0,0.0,4.07,7.52,0.0
20231226:2111,0.0,0.0,4.07,7.45,0.0
20231226:2211,0.0,0.0,3.28,7.45,0.0
20231226:2311,0.0,0.0,2.97,6.55,0.0
20231227:0011,0.0,0.0,3.11,6.34,0.0
20231227:0111,0.0,0.0,2.57,6.83,0.0
20231227:0211,0.0,0.0,2.54,6.55,0.0
20231227:0311,0.0,0.0,2.04,5.66,0.0
20231227:0411,0.0,0.0,1.55,5.45,0.0
20231227:0511,0.0,0.0,1.25,4.28,0.0
20231227:0611,0.0,0.0,0.2,3.66,0.0
20231227:0711,0.0,0.0,-0.56,2.62,0.0
20231227:0811,0.0,0.0,-1.01,2.07,0.0
20231227:0911,3.59,2.28,-1.33,2.9,0.0
20231227:1011,54.36,5.74,-1.14,3.86,0.0
20231227:1111,24.22,7.48,-0.52,4.34,0.0
20231227:1211,17.04,7.38,0.54,4.62,0.0
20231227:1311,11.66,5.43,1.75,6.07,0.0
20231227:1411,0.9,1.8,2.42,6.97,0.0
20231227:1511,0.0,0.0,2.95,7.45,0.0
20231227:1611,0.0,0.0,2.91,8.48,0.0
20231227:1711,0.0,0.0,2.92,9.45,0.0
20231227:1811,0.0,0.0,3.09,10.28,0.0
20231227:1911,0.0,0.0,2.98,10.83,0.0
20231227:2011,0.0,0.0,2.6,12.21,0.0
20231227:2111,0.0,0.0,2.33,14.0,0.0
20231227:2211,0.0,0.0,1.76,13.38,0.0
20231227:2311,0.0,0.0,1.82,14.97,0.0
20231228:0011,0.0,0.0,1.97,15.17,0.0
20231228:0111,0.0,0.0,2.26,14.69,0.0
20231228:0211,0.0,0.0,2.78,13.72,0.0
20231228:0311,0.0,0.0,3.08,12.97,0.0
20231228:0411,0.0,0.0,2.93,12.0,0.0
20231228:0511,0.0,0.0,2.95,11.38,0.0
20231228:0611,0.0,0.0,2.79,10.34,0.0
20231228:0711,0.0,0.0,2.99,9.17,0.0
20231228:0811,0.0,0.0,3.16,7.86,0.0
20231228:0911,1.79,2.29,3.52,7.03,0.0
20231228:1011,16.15,5.76,4.13,7.03,0.0
20231228:1111,19.73,7.52,5.0,6.55,0.0
20231228:1211,27.81,7.43,5.62,6.34,0.0
20231228:1311,13.45,5.5,5.66,6.41,0.0
20231228:1411,0.9,1.88,5.57,6.48,0.0
20231228:1511,0.0,0.0,5.46,6.83,0.0
20231228:1611,0.0,0.0,5.58,7.03,0.0
20231228:1711,0.0,0.0,5.71,6.69,0.0
20231228:1811,0.0,0.0,5.51,6.48,0.0
20231228:1911,0.0,0.0,5.15,6.48,0.0
20231228:2011,0.0,0.0,5.22,6.28,0.0
20231228:2111,0.0,0.0,5.37,5.72,0.0
20231228:2211,0.0,0.0,5.34,6.0,0.0
20231228:2311,0.0,0.0,5.55,6.07,0.0
20231229:0011,0.0,0.0,5.75,6.55,0.0
20231229:0111,0.0,0.0,5.85,6.41,0.0
20231229:0211,0.0,0.0,5.77,5.59,0.0
20231229:0311,0.0,0.0,5.59,4.9,0.0
20231229:0411,0.0,0.0,5.71,4.28,0.0
20231229:0511,0.0,0.0,5.45,3.24,0.0
20231229:0611,0.0,0.0,5.26,2.28,0.0
20231229:0711,0.0,0.0,4.97,1.86,0.0
20231229:0811,0.0,0.0,4.82,1.72,0.0
20231229:0911,1.79,2.31,4.67,2.0,0.0
20231229:1011,5.38,5.79,5.13,3.1,0.0
20231229:1111,40.82,7.57,5.34,3.1,0.0
20231229:1211,101.64,7.49,5.38,2.69,0.0
20231229:1311,12.56,5.57,5.41,2.9,0.0
20231229:1411,6.28,1.96,5.28,3.45,0.0
20231229:1511,0.0,0.0,4.7,3.52,0.0
20231229:1611,0.0,0.0,4.27,3.59,0.0
20231229:1711,0.0,0.0,4.16,3.79,0.0
20231229:1811,0.0,0.0,4.02,3.86,0.0
20231229:1911,0.0,0.0,4.33,4.07,0.0
20231229:2011,0.0,0.0,4.18,4.0,0.0
20231229:2111,0.0,0.0,4.31,4.07,0.0
20231229:2211,0.0,0.0,4.19,4.55,0.0
20231229:2311,0.0,0.0,4.15,4.9,0.0
20231230:0011,0.0,0.0,4.09,4.48,0.0
20231230:0111,0.0,0.0,4.19,4.55,0.0
20231230:0211,0.0,0.0,4.35,4.69,0.0
20231230:0311,0.0,0.0,4.37,4.9,0.0
20231230:0411,0.0,0.0,4.15,5.17,0.0
20231230:0511,0.0,0.0,3.94,5.03,0.0
20231230:0611,0.0,0.0,3.59,5.03,0.0
20231230:0711,0.0,0.0,3.24,4.69,0.0
20231230:0811,0.0,0.0,2.66,3.79,0.0
20231230:0911,54.6,2.33,2.35,3.24,0.0
20231230:1011,282.4,5.83,2.81,2.62,0.0
20231230:1111,426.07,7.62,3.16,2.21,0.0
20231230:1211,450.97,7.56,3.36,1.52,0.0
20231230:1311,338.02,5.66,3.18,1.45,0.0
20231230:1411,7.18,2.05,2.81,1.93,0.0
20231230:1511,0.0,0.0,2.68,2.62,0.0
20231230:1611,0.0,0.0,2.58,3.31,0.0
20231230:1711,0.0,0.0,2.49,3.45,0.0
20231230:1811,0.0,0.0,2.24,4.41,0.0
20231230:1911,0.0,0.0,2.15,4.41,0.0
20231230:2011,0.0,0.0,2.14,5.17,0.0
20231230:2111,0.0,0.0,2.23,5.52,0.0
20231230:2211,0.0,0.0,2.39,6.28,0.0
20231230:2311,0.0,0.0,2.52,5.79,0.0
20231231:0011,0.0,0.0,2.47,6.34,0.0
20231231:0111,0.0,0.0,2.59,7.52,0.0
20231231:0211,0.0,0.0,2.88,8.55,0.0
20231231:0311,0.0,0.0,2.97,8.97,0.0
20231231:0411,0.0,0.0,3.07,9.52,0.0
20231231:0511,0.0,0.0,3.1,10.0,0.0
20231231:0611,0.0,0.0,3.47,10.14,0.0
20231231:0711,0.0,0.0,3.79,10.48,0.0
20231231:0811,0.0,0.0,4.07,10.83,0.0
20231231:0911,1.79,2.37,4.29,11.03,0.0
20231231:1011,12.56,5.88,4.55,11.1,0.0
20231231:1111,24.22,7.68,4.79,11.1,0.0
20231231:1211,8.07,7.63,4.88,10.97,0.0
20231231:1311,12.56,5.74,4.87,10.97,0.0
20231231:1411,0.9,2.15,4.76,10.69,0.0
20231231:1511,0.0,0.0,4.51,10.69,0.0
20231231:1611,0.0,0.0,4.24,10.9,0.0
20231231:1711,0.0,0.0,3.92,11.1,0.0
20231231:1811,0.0,0.0,3.67,10.9,0.0
20231231:1911,0.0,0.0,3.57,10.83,0.0
20231231:2011,0.0,0.0,3.36,11.1,0.0
20231231:2111,0.0,0.0,3.21,11.38,0.0
20231231:2211,0.0,0.0,3.18,11.1,0.0
20231231:2311,0.0,0.0,3.0,11.17,0.0

G(i): Global irradiance on the inclined plane (plane of the array) (W/m2)
H_sun: Sun height (degree)
T2m: 2-m air temperature (degree Celsius)
WS10m: 10-m total wind speed (m/s)
Int: 1 means solar radiation values are reconstructed



PVGIS (c) European Union, 2001-2026